phase,step,throttle,brake,frame,timestamp,x,y,z,yaw,vx,vy,vz,speed,actual_throttle,actual_brake,actual_steer,actual_gear,actual_hand_brake,actual_reverse
prepare,0,0.5,0.0,5627,53.611910440027714,-24.33634376525879,-57.78568649291992,-0.006512870546430349,0.5967371463775635,5.089999103802256e-05,0.00026964605785906315,-0.0019201850518584251,0.0002744081004755581,0.5,0.0,0.0,0,False,False
prepare,1,0.5,0.0,5628,53.66191044077277,-24.336349487304688,-57.78569030761719,-0.006667594891041517,0.5967385172843933,2.8148469937150367e-05,0.0001658994151512161,-0.003805885324254632,0.00016827047366462782,0.5,0.0,0.0,0,False,False
prepare,2,0.5,0.0,5629,53.71191044151783,-24.33635139465332,-57.78569793701172,-0.006871070712804794,0.5967389941215515,1.4480167010333389e-05,9.951111860573292e-05,-0.004202261101454496,0.00010055912670071967,0.5,0.0,0.0,0,False,False
prepare,3,0.5,0.0,5630,53.76191044226289,-24.33635139465332,-57.78569793701172,-0.006871070712804794,0.5967389941215515,0.0,0.0,0.0,0.0,0.5,0.0,0.0,0,False,False
prepare,4,0.5,0.0,5631,53.811910443007946,-24.336355209350586,-57.785701751708984,-0.0070957946591079235,0.5967394709587097,6.806625947319844e-07,1.5029507267172448e-05,-0.0016977309715002775,1.5044912437826175e-05,0.5,0.0,0.0,0,False,False
prepare,5,0.5,0.0,5632,53.861910443753004,-24.336355209350586,-57.785701751708984,-0.007195090875029564,0.5967394709587097,5.50642312191485e-07,1.649851765250787e-05,-0.0020920466631650925,1.6507704010130828e-05,0.5,0.0,0.0,0,False,False
prepare,6,0.5,0.0,5633,53.91191044449806,-24.336355209350586,-57.785701751708984,-0.007298049982637167,0.5967395305633545,4.6951575427556236e-07,4.536613232630771e-06,-0.001995410770177841,4.560844731625224e-06,0.5,0.0,0.0,0,False,False
prepare,7,0.5,0.0,5634,53.96191044524312,-24.336355209350586,-57.785701751708984,-0.007388572674244642,0.5967395305633545,2.9663507916666276e-07,3.0843225431453902e-06,-0.0016716289101168513,3.0985541661147474e-06,0.5,0.0,0.0,0,False,False
prepare,8,0.5,0.0,5635,54.01191044598818,-24.336355209350586,-57.785701751708984,-0.007460517808794975,0.5967395901679993,1.312779147610854e-07,1.919134092531749e-06,-0.001282434444874525,1.9236188697404896e-06,0.5,0.0,0.0,0,False,False
prepare,9,0.5,0.0,5636,54.061910446733236,-24.336355209350586,-57.78570556640625,-0.007513389457017183,0.5967395901679993,1.5818525866961863e-07,1.215142560795357e-06,-0.0009149837424047291,1.2253954541765985e-06,0.5,0.0,0.0,0,False,False
prepare,10,0.5,0.0,5637,54.111910447478294,-24.336355209350586,-57.78570556640625,-0.007549590896815062,0.5967395901679993,4.968756428525012e-08,9.482213272349327e-07,-0.0006079101585783064,9.495222690741793e-07,0.5,0.0,0.0,0,False,False
prepare,11,0.5,0.0,5638,54.16191044822335,-24.336355209350586,-57.78570556640625,-0.007572670001536608,0.5967395901679993,7.031938764612278e-08,7.285998435690999e-07,-0.0003736305225174874,7.31985347071813e-07,0.5,0.0,0.0,0,False,False
prepare,12,0.5,0.0,5639,54.21191044896841,-24.336355209350586,-57.78570556640625,-0.007577247451990843,0.5967395901679993,8.549599250784468e-09,4.4084742967243074e-07,-4.299163629184477e-05,4.4093032544398416e-07,0.5,0.0,0.0,0,False,False
prepare,13,0.5,0.0,5640,54.26191044971347,-24.336355209350586,-57.78570556640625,-0.007579650729894638,0.5967395901679993,-2.3799310966410303e-08,3.684075693399791e-07,-4.87899778818246e-05,3.6917549261762676e-07,0.5,0.0,0.0,0,False,False
prepare,14,0.5,0.0,5641,54.31191045045853,-24.336355209350586,-57.78570556640625,-0.007581977639347315,0.5967395901679993,-7.740868390726519e-09,2.262951426246218e-07,-4.46701051259879e-05,2.264274996967914e-07,0.5,0.0,0.0,0,False,False
prepare,15,0.5,0.0,5642,54.361910451203585,-24.336355209350586,-57.78570556640625,-0.007583961356431246,0.5967395901679993,9.910854359418408e-10,1.490041654506058e-07,-3.717422441695817e-05,1.4900746146409193e-07,0.5,0.0,0.0,0,False,False
prepare,16,0.5,0.0,5643,54.41191045194864,-24.336355209350586,-57.78570556640625,-0.0075855255126953125,0.5967395901679993,4.884424864570747e-09,1.2203354060602578e-07,-2.7370451789465733e-05,1.221312516889112e-07,0.5,0.0,0.0,0,False,False
prepare,17,0.5,0.0,5644,54.4619104526937,-24.336355209350586,-57.78570556640625,-0.007586631458252668,0.5967395901679993,5.657561530370003e-09,3.9587401801099986e-08,-1.9769668142544106e-05,3.9989628453283445e-08,0.5,0.0,0.0,0,False,False
prepare,18,0.5,0.0,5645,54.51191045343876,-24.336355209350586,-57.78570556640625,-0.007586631458252668,0.5967395901679993,-4.416892807057593e-08,3.6806454772886354e-08,-1.2340545254119206e-05,5.749442859836281e-08,0.5,0.0,0.0,0,False,False
prepare,19,0.5,0.0,5646,54.56191045418382,-24.336355209350586,-57.78570556640625,-0.007587852422147989,0.5967395901679993,1.2324471221347721e-08,-6.584019018873732e-08,-8.163451639120467e-06,6.698375351512433e-08,0.5,0.0,0.0,0,False,False
prepare,20,0.5,0.0,5647,54.611910454928875,-24.33436393737793,-57.785682678222656,-0.007748221978545189,0.596640944480896,0.1809602677822113,0.0018854213412851095,-1.6880035218491685e-06,0.18097008959892738,0.5,0.0,0.0,0,False,False
prepare,21,0.5,0.0,5648,54.66191045567393,-24.303356170654297,-57.78536605834961,-0.009394263848662376,0.5966630578041077,0.8034235239028931,0.008368016220629215,-5.53131103515625e-05,0.8034671010414872,0.5,0.0,0.0,1,False,False
prepare,22,0.5,0.0,5649,54.71191045641899,-24.251550674438477,-57.78474426269531,-0.01080757100135088,0.5877903699874878,1.1053565740585327,0.011750566773116589,-0.0001341247552772984,1.1054190298859097,0.5,0.0,0.0,1,False,False
hold,0,0.0,1.0,5650,54.76191045716405,-24.19705581665039,-57.78431701660156,-0.010981712490320206,0.6043317914009094,1.0680536031723022,0.011222125962376595,-9.721755486680195e-05,1.0681125574397359,0.0,1.0,0.0,1,False,False
go,0,0.5,0.0,5651,54.81191045790911,-24.145668029785156,-57.78364562988281,-0.010379600338637829,0.588744044303894,1.0293934345245361,0.010925267823040485,6.771087441848067e-07,1.0294514094988774,0.5,0.0,0.0,1,False,False
backup,0,0.0,1.0,5652,54.861910458654165,-24.116769790649414,-57.78279495239258,-0.008331794291734695,0.5360217094421387,0.21558338403701782,0.004445030819624662,0.00011622428428381681,0.21562920435747968,0.0,1.0,0.0,1,False,False
backup,1,0.0,1.0,5653,54.91191045939922,-24.11829376220703,-57.782806396484375,-0.0059800720773637295,0.5357843041419983,0.009981400333344936,0.0003570027183741331,8.544921729480848e-05,0.009987782714668202,0.0,1.0,0.0,1,False,False
backup,2,0.0,1.0,5654,54.96191046014428,-24.118749618530273,-57.78281021118164,-0.005299339070916176,0.535777747631073,0.0017610194627195597,6.912834942340851e-05,3.293991176178679e-05,0.0017623757478957463,0.0,1.0,0.0,1,False,False
backup,3,0.0,1.0,5655,55.01191046088934,-24.118682861328125,-57.78281021118164,-0.005391845479607582,0.535772442817688,-0.0017689974047243595,-5.4787276894785464e-05,1.7271040633204393e-05,0.0017698456044613232,0.0,1.0,0.0,1,False,False
backup,4,0.0,1.0,5656,55.0619104616344,-24.11842155456543,-57.78280258178711,-0.0057782744988799095,0.5357676148414612,-0.0029098184313625097,-9.548379603074864e-05,1.7623900930630043e-05,0.002911384629141505,0.0,1.0,0.0,1,False,False
backup,5,0.0,1.0,5657,55.111910462379456,-24.118122100830078,-57.78279495239258,-0.0062202452681958675,0.5357648730278015,-0.0029160501435399055,-9.669470455264673e-05,1.946449265233241e-05,0.0029176528761193695,0.0,1.0,0.0,1,False,False
backup,6,0.0,1.0,5658,55.161910463124514,-24.117855072021484,-57.78278732299805,-0.006614265497773886,0.5357632040977478,-0.00246129441075027,-8.211452222894877e-05,1.0738372111518402e-05,0.002462663795801491,0.0,1.0,0.0,1,False,False
backup,7,0.0,1.0,5659,55.21191046386957,-24.117645263671875,-57.78278350830078,-0.00692684156820178,0.5357629060745239,-0.0018900454742833972,-6.36622280580923e-05,8.125304702844005e-06,0.001891117334842149,0.0,1.0,0.0,1,False,False
backup,8,0.0,1.0,5660,55.26191046461463,-24.117488861083984,-57.78277587890625,-0.007156867999583483,0.5357627868652344,-0.0013609646121039987,-4.61337658634875e-05,7.438659395120339e-07,0.0013617463052096506,0.0,1.0,0.0,1,False,False
backup,9,0.0,1.0,5661,55.31191046535969,-24.117380142211914,-57.78277587890625,-0.007317809853702784,0.5357629656791687,-0.0009323633858002722,-3.212584852008149e-05,-4.377364803076489e-06,0.0009329166915239981,0.0,1.0,0.0,1,False,False
backup,10,0.0,1.0,5662,55.361910466104746,-24.117311477661133,-57.782772064208984,-0.0074253082275390625,0.5357633829116821,-0.0006120390025898814,-2.1797613953822292e-05,-5.083084033685736e-06,0.000612427037830056,0.0,1.0,0.0,1,False,False
backup,11,0.0,1.0,5663,55.411910466849804,-24.117265701293945,-57.782772064208984,-0.007494315970689058,0.5357635021209717,-0.0003861855366267264,-1.404218710376881e-05,-4.1007992876984645e-06,0.00038644074800456784,0.0,1.0,0.0,1,False,False
backup,12,0.0,1.0,5664,55.46191046759486,-24.117233276367188,-57.782772064208984,-0.007536697201430798,0.5357638001441956,-0.00023407742264680564,-8.613174031779636e-06,-4.215240551275201e-06,0.00023423583534521998,0.0,1.0,0.0,1,False,False
backup,13,0.0,1.0,5665,55.51191046833992,-24.117233276367188,-57.782772064208984,-0.007536697201430798,0.5357638001441956,0.0,0.0,0.0,0.0,0.0,1.0,0.0,1,False,False
backup,14,0.0,1.0,5666,55.56191046908498,-24.117233276367188,-57.782772064208984,-0.007536697201430798,0.5357638001441956,0.0,0.0,0.0,0.0,0.0,1.0,0.0,1,False,False
backup,15,0.0,1.0,5667,55.611910469830036,-24.117233276367188,-57.782772064208984,-0.007536697201430798,0.5357638001441956,0.0,0.0,0.0,0.0,0.0,1.0,0.0,1,False,False
backup,16,0.0,1.0,5668,55.661910470575094,-24.117233276367188,-57.782772064208984,-0.007536697201430798,0.5357638001441956,0.0,0.0,0.0,0.0,0.0,1.0,0.0,1,False,False
backup,17,0.0,1.0,5669,55.71191047132015,-24.117233276367188,-57.782772064208984,-0.007536697201430798,0.5357638001441956,0.0,0.0,0.0,0.0,0.0,1.0,0.0,1,False,False
backup,18,0.0,1.0,5670,55.76191047206521,-24.117233276367188,-57.782772064208984,-0.007536697201430798,0.5357638001441956,0.0,0.0,0.0,0.0,0.0,1.0,0.0,1,False,False
backup,19,0.0,1.0,5671,55.81191047281027,-24.117233276367188,-57.782772064208984,-0.007536697201430798,0.5357638001441956,0.0,0.0,0.0,0.0,0.0,1.0,0.0,1,False,False
backup,20,0.0,1.0,5672,55.86191047355533,-24.117233276367188,-57.782772064208984,-0.007536697201430798,0.5357638001441956,0.0,0.0,0.0,0.0,0.0,1.0,0.0,1,False,False
backup,21,0.0,1.0,5673,55.911910474300385,-24.117233276367188,-57.782772064208984,-0.007536697201430798,0.5357638001441956,0.0,0.0,0.0,0.0,0.0,1.0,0.0,1,False,False
backup,22,0.0,1.0,5674,55.96191047504544,-24.117233276367188,-57.782772064208984,-0.007536697201430798,0.5357638001441956,0.0,0.0,0.0,0.0,0.0,1.0,0.0,1,False,False
backup,23,0.0,1.0,5675,56.0119104757905,-24.117233276367188,-57.782772064208984,-0.007536697201430798,0.5357638001441956,0.0,0.0,0.0,0.0,0.0,1.0,0.0,1,False,False
backup,24,0.0,1.0,5676,56.06191047653556,-24.117233276367188,-57.782772064208984,-0.007536697201430798,0.5357638001441956,0.0,0.0,0.0,0.0,0.0,1.0,0.0,1,False,False
backup,25,0.0,1.0,5677,56.11191047728062,-24.117233276367188,-57.782772064208984,-0.007536697201430798,0.5357638001441956,0.0,0.0,0.0,0.0,0.0,1.0,0.0,1,False,False
backup,26,0.0,1.0,5678,56.161910478025675,-24.117233276367188,-57.782772064208984,-0.007536697201430798,0.5357638001441956,0.0,0.0,0.0,0.0,0.0,1.0,0.0,1,False,False
backup,27,0.0,1.0,5679,56.21191047877073,-24.117233276367188,-57.782772064208984,-0.007536697201430798,0.5357638001441956,0.0,0.0,0.0,0.0,0.0,1.0,0.0,1,False,False
backup,28,0.0,1.0,5680,56.26191047951579,-24.117233276367188,-57.782772064208984,-0.007536697201430798,0.5357638001441956,0.0,0.0,0.0,0.0,0.0,1.0,0.0,1,False,False
backup,29,0.0,1.0,5681,56.31191048026085,-24.117233276367188,-57.782772064208984,-0.007536697201430798,0.5357638001441956,0.0,0.0,0.0,0.0,0.0,1.0,0.0,1,False,False
backup,30,0.0,1.0,5682,56.36191048100591,-24.117233276367188,-57.782772064208984,-0.007536697201430798,0.5357638001441956,0.0,0.0,0.0,0.0,0.0,1.0,0.0,1,False,False
backup,31,0.0,1.0,5683,56.411910481750965,-24.117233276367188,-57.782772064208984,-0.007536697201430798,0.5357638001441956,0.0,0.0,0.0,0.0,0.0,1.0,0.0,1,False,False
backup,32,0.0,1.0,5684,56.46191048249602,-24.117233276367188,-57.782772064208984,-0.007536697201430798,0.5357638001441956,0.0,0.0,0.0,0.0,0.0,1.0,0.0,1,False,False
backup,33,0.0,1.0,5685,56.51191048324108,-24.117233276367188,-57.782772064208984,-0.007536697201430798,0.5357638001441956,0.0,0.0,0.0,0.0,0.0,1.0,0.0,1,False,False
backup,34,0.0,1.0,5686,56.56191048398614,-24.117233276367188,-57.782772064208984,-0.007536697201430798,0.5357638001441956,0.0,0.0,0.0,0.0,0.0,1.0,0.0,1,False,False
backup,35,0.0,1.0,5687,56.6119104847312,-24.117233276367188,-57.782772064208984,-0.007536697201430798,0.5357638001441956,0.0,0.0,0.0,0.0,0.0,1.0,0.0,1,False,False
backup,36,0.0,1.0,5688,56.661910485476255,-24.117233276367188,-57.782772064208984,-0.007536697201430798,0.5357638001441956,0.0,0.0,0.0,0.0,0.0,1.0,0.0,1,False,False
backup,37,0.0,1.0,5689,56.71191048622131,-24.117233276367188,-57.782772064208984,-0.007536697201430798,0.5357638001441956,0.0,0.0,0.0,0.0,0.0,1.0,0.0,1,False,False
backup,38,0.0,1.0,5690,56.76191048696637,-24.117233276367188,-57.782772064208984,-0.007536697201430798,0.5357638001441956,0.0,0.0,0.0,0.0,0.0,1.0,0.0,1,False,False
backup,39,0.0,1.0,5691,56.81191048771143,-24.117233276367188,-57.782772064208984,-0.007536697201430798,0.5357638001441956,0.0,0.0,0.0,0.0,0.0,1.0,0.0,1,False,False
