config,cold_s,states,iterations,residual,gamma,value_error_bound
uniform,0.03165328699999925,49,2293,9.902123565552756e-11,0.99,9.902123565552748e-09
heterogeneous,0.017649096000001308,21,2258,9.920597676682519e-11,0.99,9.92059767668251e-09
three_regions,0.027122088000000488,140,2251,9.951861557055963e-11,0.99,9.951861557055955e-09
impossible,0.0001155459999999664,4,1,0.0,0.99,0.0
lossy,0.017711938999999788,21,2227,9.918466048475238e-11,0.99,9.91846604847523e-09
reliable,0.02184712700000091,21,2293,9.909228992910357e-11,0.99,9.909228992910349e-09
guard_two,0.016444011000000813,32,2258,9.920597676682519e-11,0.99,9.92059767668251e-09
service_two,0.02195887400000096,32,2238,9.961098612620845e-11,0.99,9.961098612620836e-09
switch_required,1.3180000006940418e-06,140,2251,9.951861557055963e-11,0.99,9.951861557055955e-09
ttl_overestimate_one,0.019603474000000176,32,2288,9.980283266486367e-11,0.99,9.980283266486359e-09
ttl_conservative_one,1.1579999998900803e-06,21,2258,9.920597676682519e-11,0.99,9.92059767668251e-09
