method,config,scenario,seed,status,sim_seconds,wall_seconds,rtf,distance_m,clear_time,first_go_after_clear,clearance_to_go_s,wait_fraction,bytes_sent,scheduled_messages,delivered_messages,useful_messages,dropped_or_late_messages,collisions,collision_events,loop_p95_ms,loop_p99_ms,loop_max_ms,stale_sensor_frames,selection_counts,free_observation_fraction_A,free_observation_fraction_B,sensor_transforms,obstacle_transform_after_warmup
no_comm,independent,free,0,completed,5.0,2.6411144379526377,1.893140232074133,0.06633079523453489,0.0,,5.0,1.0,0,0,0,0,0,0,[],31.495642784284428,32.41496503469534,32.44744800031185,0,"{""A0"": 0, ""A1"": 0, ""B0"": 0, ""B1"": 0}",1.0,1.0,"{""A"": ""Transform(Location(x=-9.379645, y=-53.591782, z=8.000000), Rotation(pitch=0.000000, yaw=0.000000, roll=0.000000))"", ""B"": ""Transform(Location(x=5.667011, y=-53.404270, z=8.000000), Rotation(pitch=0.000000, yaw=0.000000, roll=0.000000))""}",
round_robin,independent,free,0,completed,5.0,2.5940937250852585,1.927455415989516,12.674253791046795,0.0,0.1,0.1,0.020000000000000018,4800,100,77,5,21,0,[],31.33860460948199,32.04032024485059,32.09509002044797,0,"{""A0"": 25, ""A1"": 25, ""B0"": 25, ""B1"": 25}",1.0,1.0,"{""A"": ""Transform(Location(x=-9.379645, y=-53.591782, z=8.000000), Rotation(pitch=0.000000, yaw=0.000000, roll=0.000000))"", ""B"": ""Transform(Location(x=5.667011, y=-53.404270, z=8.000000), Rotation(pitch=0.000000, yaw=0.000000, roll=0.000000))""}",
coverage_greedy,independent,free,0,completed,5.0,2.692526051076129,1.856992246370889,12.674102112127002,0.0,0.1,0.1,0.020000000000000018,4800,100,89,2,9,0,[],32.588798116194084,33.89874574029818,34.08097696956247,0,"{""A0"": 50, ""A1"": 0, ""B0"": 50, ""B1"": 0}",1.0,1.0,"{""A"": ""Transform(Location(x=-9.379645, y=-53.591782, z=8.000000), Rotation(pitch=0.000000, yaw=0.000000, roll=0.000000))"", ""B"": ""Transform(Location(x=5.667011, y=-53.404270, z=8.000000), Rotation(pitch=0.000000, yaw=0.000000, roll=0.000000))""}",
singleton_voi,independent,free,0,completed,5.0,2.573085759067908,1.9431921312297162,12.674253791046795,0.0,0.1,0.1,0.020000000000000018,4800,100,89,2,9,0,[],29.77512590587139,30.82052181125619,31.7314030835405,0,"{""A0"": 50, ""A1"": 0, ""B0"": 50, ""B1"": 0}",1.0,1.0,"{""A"": ""Transform(Location(x=-9.379645, y=-53.591782, z=8.000000), Rotation(pitch=0.000000, yaw=0.000000, roll=0.000000))"", ""B"": ""Transform(Location(x=5.667011, y=-53.404270, z=8.000000), Rotation(pitch=0.000000, yaw=0.000000, roll=0.000000))""}",
set_independent,independent,free,0,completed,5.0,2.617126344004646,1.9104924037978062,12.674253791046795,0.0,0.1,0.1,0.020000000000000018,4800,100,89,2,9,0,[],30.80800625612028,32.92458618409,33.54434692300856,0,"{""A0"": 50, ""A1"": 0, ""B0"": 50, ""B1"": 0}",1.0,1.0,"{""A"": ""Transform(Location(x=-9.379645, y=-53.591782, z=8.000000), Rotation(pitch=0.000000, yaw=0.000000, roll=0.000000))"", ""B"": ""Transform(Location(x=5.667011, y=-53.404270, z=8.000000), Rotation(pitch=0.000000, yaw=0.000000, roll=0.000000))""}",
set_joint,independent,free,0,completed,5.0,2.564146158983931,1.9499668466563937,12.674253791046795,0.0,0.1,0.1,0.020000000000000018,4800,100,89,2,9,0,[],30.722721538040787,31.874545599566776,32.73887000977993,0,"{""A0"": 50, ""A1"": 0, ""B0"": 50, ""B1"": 0}",1.0,1.0,"{""A"": ""Transform(Location(x=-9.379645, y=-53.591782, z=8.000000), Rotation(pitch=0.000000, yaw=0.000000, roll=0.000000))"", ""B"": ""Transform(Location(x=5.667011, y=-53.404270, z=8.000000), Rotation(pitch=0.000000, yaw=0.000000, roll=0.000000))""}",
full_info,independent,free,0,completed,5.0,2.614143306040205,1.9126724952098326,12.973493068071548,0.0,0.0,0.0,0.0,0,0,0,0,0,0,[],30.45612560235895,31.932245816569782,33.635715022683144,0,"{""A0"": 0, ""A1"": 0, ""B0"": 0, ""B1"": 0}",1.0,1.0,"{""A"": ""Transform(Location(x=-9.379645, y=-53.591782, z=8.000000), Rotation(pitch=0.000000, yaw=0.000000, roll=0.000000))"", ""B"": ""Transform(Location(x=5.667011, y=-53.404270, z=8.000000), Rotation(pitch=0.000000, yaw=0.000000, roll=0.000000))""}",
no_comm,independent,free,1000003,completed,5.0,2.5939628129126504,1.9275526908520761,0.06633079523453489,0.0,,5.0,1.0,0,0,0,0,0,0,[],30.97395530785434,32.26335920975544,33.253773930482566,0,"{""A0"": 0, ""A1"": 0, ""B0"": 0, ""B1"": 0}",1.0,1.0,"{""A"": ""Transform(Location(x=-9.379645, y=-53.591782, z=8.000000), Rotation(pitch=0.000000, yaw=0.000000, roll=0.000000))"", ""B"": ""Transform(Location(x=5.667011, y=-53.404270, z=8.000000), Rotation(pitch=0.000000, yaw=0.000000, roll=0.000000))""}",
round_robin,independent,free,1000003,completed,5.0,2.5827500850427896,1.9359209506781074,12.674253791046795,0.0,0.1,0.1,0.020000000000000018,4800,100,87,3,11,0,[],31.179890636121854,32.389224742073566,32.91785903275013,0,"{""A0"": 25, ""A1"": 25, ""B0"": 25, ""B1"": 25}",1.0,1.0,"{""A"": ""Transform(Location(x=-9.379645, y=-53.591782, z=8.000000), Rotation(pitch=0.000000, yaw=0.000000, roll=0.000000))"", ""B"": ""Transform(Location(x=5.667011, y=-53.404270, z=8.000000), Rotation(pitch=0.000000, yaw=0.000000, roll=0.000000))""}",
coverage_greedy,independent,free,1000003,completed,5.0,2.6194906529271975,1.9087680249641887,12.674253791046795,0.0,0.1,0.1,0.020000000000000018,4800,100,90,2,8,0,[],30.780173442326486,32.48584703193047,33.85828295722604,0,"{""A0"": 50, ""A1"": 0, ""B0"": 50, ""B1"": 0}",1.0,1.0,"{""A"": ""Transform(Location(x=-9.379645, y=-53.591782, z=8.000000), Rotation(pitch=0.000000, yaw=0.000000, roll=0.000000))"", ""B"": ""Transform(Location(x=5.667011, y=-53.404270, z=8.000000), Rotation(pitch=0.000000, yaw=0.000000, roll=0.000000))""}",
singleton_voi,independent,free,1000003,completed,5.0,2.501557922922075,1.9987544378582647,12.674253791046795,0.0,0.1,0.1,0.020000000000000018,4800,100,90,2,8,0,[],30.09814079850912,31.05145119363442,31.09285794198513,0,"{""A0"": 50, ""A1"": 0, ""B0"": 50, ""B1"": 0}",1.0,1.0,"{""A"": ""Transform(Location(x=-9.379645, y=-53.591782, z=8.000000), Rotation(pitch=0.000000, yaw=0.000000, roll=0.000000))"", ""B"": ""Transform(Location(x=5.667011, y=-53.404270, z=8.000000), Rotation(pitch=0.000000, yaw=0.000000, roll=0.000000))""}",
set_independent,independent,free,1000003,completed,5.0,2.5914148500887677,1.929447922947855,12.674253791046795,0.0,0.1,0.1,0.020000000000000018,4800,100,90,3,8,0,[],31.346447189571336,31.798674021847546,31.870256061665714,0,"{""A0"": 50, ""A1"": 0, ""B0"": 50, ""B1"": 0}",1.0,1.0,"{""A"": ""Transform(Location(x=-9.379645, y=-53.591782, z=8.000000), Rotation(pitch=0.000000, yaw=0.000000, roll=0.000000))"", ""B"": ""Transform(Location(x=5.667011, y=-53.404270, z=8.000000), Rotation(pitch=0.000000, yaw=0.000000, roll=0.000000))""}",
set_joint,independent,free,1000003,completed,5.0,2.6162378600565717,1.911141214007156,12.674253791046795,0.0,0.1,0.1,0.020000000000000018,4800,100,90,3,8,0,[],30.868227290920913,33.399776371661574,34.07054301351309,0,"{""A0"": 50, ""A1"": 0, ""B0"": 50, ""B1"": 0}",1.0,1.0,"{""A"": ""Transform(Location(x=-9.379645, y=-53.591782, z=8.000000), Rotation(pitch=0.000000, yaw=0.000000, roll=0.000000))"", ""B"": ""Transform(Location(x=5.667011, y=-53.404270, z=8.000000), Rotation(pitch=0.000000, yaw=0.000000, roll=0.000000))""}",
full_info,independent,free,1000003,completed,5.0,2.5728470910107717,1.9433723898592412,12.973493068071548,0.0,0.0,0.0,0.0,0,0,0,0,0,0,[],31.82507284800522,33.1759717327077,34.17485603131354,0,"{""A0"": 0, ""A1"": 0, ""B0"": 0, ""B1"": 0}",1.0,1.0,"{""A"": ""Transform(Location(x=-9.379645, y=-53.591782, z=8.000000), Rotation(pitch=0.000000, yaw=0.000000, roll=0.000000))"", ""B"": ""Transform(Location(x=5.667011, y=-53.404270, z=8.000000), Rotation(pitch=0.000000, yaw=0.000000, roll=0.000000))""}",
no_comm,independent,free,2000006,completed,5.0,2.5904467719374225,1.930168978635468,0.06633079523453489,0.0,,5.0,1.0,0,0,0,0,0,0,[],31.064055970637128,31.782313000876467,33.73598004691303,0,"{""A0"": 0, ""A1"": 0, ""B0"": 0, ""B1"": 0}",1.0,1.0,"{""A"": ""Transform(Location(x=-9.379645, y=-53.591782, z=8.000000), Rotation(pitch=0.000000, yaw=0.000000, roll=0.000000))"", ""B"": ""Transform(Location(x=5.667011, y=-53.404270, z=8.000000), Rotation(pitch=0.000000, yaw=0.000000, roll=0.000000))""}",
round_robin,independent,free,2000006,completed,5.0,2.5582297950750217,1.9544764937167702,12.674253791046795,0.0,0.1,0.1,0.020000000000000018,4800,100,80,4,20,0,[],29.695250326767564,30.57716749026441,32.435048022307456,0,"{""A0"": 25, ""A1"": 25, ""B0"": 25, ""B1"": 25}",1.0,1.0,"{""A"": ""Transform(Location(x=-9.379645, y=-53.591782, z=8.000000), Rotation(pitch=0.000000, yaw=0.000000, roll=0.000000))"", ""B"": ""Transform(Location(x=5.667011, y=-53.404270, z=8.000000), Rotation(pitch=0.000000, yaw=0.000000, roll=0.000000))""}",
coverage_greedy,independent,free,2000006,completed,5.0,2.5553295959252864,1.9566947480954984,12.674253791046795,0.0,0.1,0.1,0.020000000000000018,4800,100,85,4,13,0,[],31.31140492623672,31.856613623676825,32.258510007523,0,"{""A0"": 50, ""A1"": 0, ""B0"": 50, ""B1"": 0}",1.0,1.0,"{""A"": ""Transform(Location(x=-9.379645, y=-53.591782, z=8.000000), Rotation(pitch=0.000000, yaw=0.000000, roll=0.000000))"", ""B"": ""Transform(Location(x=5.667011, y=-53.404270, z=8.000000), Rotation(pitch=0.000000, yaw=0.000000, roll=0.000000))""}",
singleton_voi,independent,free,2000006,completed,5.0,2.575305641978048,1.9415171226664911,12.674253791046795,0.0,0.1,0.1,0.020000000000000018,4800,100,85,4,13,0,[],30.171760014491156,30.786215703701604,31.702833948656917,0,"{""A0"": 50, ""A1"": 0, ""B0"": 50, ""B1"": 0}",1.0,1.0,"{""A"": ""Transform(Location(x=-9.379645, y=-53.591782, z=8.000000), Rotation(pitch=0.000000, yaw=0.000000, roll=0.000000))"", ""B"": ""Transform(Location(x=5.667011, y=-53.404270, z=8.000000), Rotation(pitch=0.000000, yaw=0.000000, roll=0.000000))""}",
set_independent,independent,free,2000006,completed,5.0,2.600567794055678,1.9226570487525427,12.674253791046795,0.0,0.1,0.1,0.020000000000000018,4800,100,85,4,13,0,[],30.984315410023555,33.539926845114685,34.81612401083112,0,"{""A0"": 50, ""A1"": 0, ""B0"": 50, ""B1"": 0}",1.0,1.0,"{""A"": ""Transform(Location(x=-9.379645, y=-53.591782, z=8.000000), Rotation(pitch=0.000000, yaw=0.000000, roll=0.000000))"", ""B"": ""Transform(Location(x=5.667011, y=-53.404270, z=8.000000), Rotation(pitch=0.000000, yaw=0.000000, roll=0.000000))""}",
set_joint,independent,free,2000006,completed,5.0,2.5442721139406785,1.9651986014403877,12.674253791046795,0.0,0.1,0.1,0.020000000000000018,4800,100,85,4,13,0,[],30.18693365738727,32.09315842948855,33.42514799442142,0,"{""A0"": 50, ""A1"": 0, ""B0"": 50, ""B1"": 0}",1.0,1.0,"{""A"": ""Transform(Location(x=-9.379645, y=-53.591782, z=8.000000), Rotation(pitch=0.000000, yaw=0.000000, roll=0.000000))"", ""B"": ""Transform(Location(x=5.667011, y=-53.404270, z=8.000000), Rotation(pitch=0.000000, yaw=0.000000, roll=0.000000))""}",
full_info,independent,free,2000006,completed,5.0,2.5257447690237314,1.979614116723534,12.973493068071548,0.0,0.0,0.0,0.0,0,0,0,0,0,0,[],29.887299035908654,32.80681862612256,35.383951966650784,0,"{""A0"": 0, ""A1"": 0, ""B0"": 0, ""B1"": 0}",1.0,1.0,"{""A"": ""Transform(Location(x=-9.379645, y=-53.591782, z=8.000000), Rotation(pitch=0.000000, yaw=0.000000, roll=0.000000))"", ""B"": ""Transform(Location(x=5.667011, y=-53.404270, z=8.000000), Rotation(pitch=0.000000, yaw=0.000000, roll=0.000000))""}",
no_comm,independent,free,3000009,completed,5.0,2.531116805039346,1.9754125886427731,0.06633079523453489,0.0,,5.0,1.0,0,0,0,0,0,0,[],30.08485299651511,31.27559469081462,32.73572004400194,0,"{""A0"": 0, ""A1"": 0, ""B0"": 0, ""B1"": 0}",1.0,1.0,"{""A"": ""Transform(Location(x=-9.379645, y=-53.591782, z=8.000000), Rotation(pitch=0.000000, yaw=0.000000, roll=0.000000))"", ""B"": ""Transform(Location(x=5.667011, y=-53.404270, z=8.000000), Rotation(pitch=0.000000, yaw=0.000000, roll=0.000000))""}",
round_robin,independent,free,3000009,completed,5.0,2.603934498038143,1.9201711885483683,12.674253791046795,0.0,0.1,0.1,0.020000000000000018,4800,100,88,2,11,0,[],31.046452070586383,31.419565407559276,31.673437915742397,0,"{""A0"": 25, ""A1"": 25, ""B0"": 25, ""B1"": 25}",1.0,1.0,"{""A"": ""Transform(Location(x=-9.379645, y=-53.591782, z=8.000000), Rotation(pitch=0.000000, yaw=0.000000, roll=0.000000))"", ""B"": ""Transform(Location(x=5.667011, y=-53.404270, z=8.000000), Rotation(pitch=0.000000, yaw=0.000000, roll=0.000000))""}",
coverage_greedy,independent,free,3000009,completed,5.0,2.684525729971938,1.8625263837766481,12.674347251129802,0.0,0.1,0.1,0.020000000000000018,4800,100,92,3,6,0,[],31.6966010897886,32.43065629852936,32.69511600956321,0,"{""A0"": 50, ""A1"": 0, ""B0"": 50, ""B1"": 0}",1.0,1.0,"{""A"": ""Transform(Location(x=-9.379645, y=-53.591782, z=8.000000), Rotation(pitch=0.000000, yaw=0.000000, roll=0.000000))"", ""B"": ""Transform(Location(x=5.667011, y=-53.404270, z=8.000000), Rotation(pitch=0.000000, yaw=0.000000, roll=0.000000))""}",
singleton_voi,independent,free,3000009,completed,5.0,2.692095931037329,1.8572889406929047,12.674253791046795,0.0,0.1,0.1,0.020000000000000018,4800,100,92,3,6,0,[],32.351965247653425,33.48655291018077,34.27883796393871,0,"{""A0"": 50, ""A1"": 0, ""B0"": 50, ""B1"": 0}",1.0,1.0,"{""A"": ""Transform(Location(x=-9.379645, y=-53.591782, z=8.000000), Rotation(pitch=0.000000, yaw=0.000000, roll=0.000000))"", ""B"": ""Transform(Location(x=5.667011, y=-53.404270, z=8.000000), Rotation(pitch=0.000000, yaw=0.000000, roll=0.000000))""}",
set_independent,independent,free,3000009,completed,5.0,2.6376786699984223,1.8956061846619818,12.674253791046795,0.0,0.1,0.1,0.020000000000000018,4800,100,92,2,6,0,[],33.29209590447135,33.82790591334924,34.01441895402968,0,"{""A0"": 50, ""A1"": 0, ""B0"": 50, ""B1"": 0}",1.0,1.0,"{""A"": ""Transform(Location(x=-9.379645, y=-53.591782, z=8.000000), Rotation(pitch=0.000000, yaw=0.000000, roll=0.000000))"", ""B"": ""Transform(Location(x=5.667011, y=-53.404270, z=8.000000), Rotation(pitch=0.000000, yaw=0.000000, roll=0.000000))""}",
set_joint,independent,free,3000009,completed,5.0,2.669818655005656,1.872786374694579,12.6740506584174,0.0,0.1,0.1,0.020000000000000018,4800,100,92,2,6,0,[],31.951107649365436,33.40956981526688,33.80941599607468,0,"{""A0"": 50, ""A1"": 0, ""B0"": 50, ""B1"": 0}",1.0,1.0,"{""A"": ""Transform(Location(x=-9.379645, y=-53.591782, z=8.000000), Rotation(pitch=0.000000, yaw=0.000000, roll=0.000000))"", ""B"": ""Transform(Location(x=5.667011, y=-53.404270, z=8.000000), Rotation(pitch=0.000000, yaw=0.000000, roll=0.000000))""}",
full_info,independent,free,3000009,completed,5.0,2.658249201020226,1.8809372718257638,12.973516969534103,0.0,0.0,0.0,0.0,0,0,0,0,0,0,[],31.88367231632583,33.14740106114187,34.83684500679374,0,"{""A0"": 0, ""A1"": 0, ""B0"": 0, ""B1"": 0}",1.0,1.0,"{""A"": ""Transform(Location(x=-9.379645, y=-53.591782, z=8.000000), Rotation(pitch=0.000000, yaw=0.000000, roll=0.000000))"", ""B"": ""Transform(Location(x=5.667011, y=-53.404270, z=8.000000), Rotation(pitch=0.000000, yaw=0.000000, roll=0.000000))""}",
no_comm,independent,free,4000012,completed,5.0,2.569646223913878,1.9457931420553303,0.06633079523453489,0.0,,5.0,1.0,0,0,0,0,0,0,[],30.782478681067005,31.767757806228474,31.851392006501555,0,"{""A0"": 0, ""A1"": 0, ""B0"": 0, ""B1"": 0}",1.0,1.0,"{""A"": ""Transform(Location(x=-9.379645, y=-53.591782, z=8.000000), Rotation(pitch=0.000000, yaw=0.000000, roll=0.000000))"", ""B"": ""Transform(Location(x=5.667011, y=-53.404270, z=8.000000), Rotation(pitch=0.000000, yaw=0.000000, roll=0.000000))""}",
round_robin,independent,free,4000012,completed,5.0,2.60746851505246,1.9175686958963736,12.674253791046795,0.0,0.1,0.1,0.020000000000000018,4800,100,87,4,11,0,[],32.31120237032883,36.656103720888495,36.903482978232205,0,"{""A0"": 25, ""A1"": 25, ""B0"": 25, ""B1"": 25}",1.0,1.0,"{""A"": ""Transform(Location(x=-9.379645, y=-53.591782, z=8.000000), Rotation(pitch=0.000000, yaw=0.000000, roll=0.000000))"", ""B"": ""Transform(Location(x=5.667011, y=-53.404270, z=8.000000), Rotation(pitch=0.000000, yaw=0.000000, roll=0.000000))""}",
coverage_greedy,independent,free,4000012,completed,5.0,2.5872709669638425,1.9325382087317629,12.67443121917313,0.0,0.1,0.1,0.020000000000000018,4800,100,93,2,5,0,[],31.28824841696769,32.289383731549606,32.62347693089396,0,"{""A0"": 50, ""A1"": 0, ""B0"": 50, ""B1"": 0}",1.0,1.0,"{""A"": ""Transform(Location(x=-9.379645, y=-53.591782, z=8.000000), Rotation(pitch=0.000000, yaw=0.000000, roll=0.000000))"", ""B"": ""Transform(Location(x=5.667011, y=-53.404270, z=8.000000), Rotation(pitch=0.000000, yaw=0.000000, roll=0.000000))""}",
singleton_voi,independent,free,4000012,completed,5.0,2.637155164964497,1.895982483862421,12.674054443312343,0.0,0.1,0.1,0.020000000000000018,4800,100,93,2,5,0,[],31.496305885957554,34.14355333428842,57.199698057956994,0,"{""A0"": 50, ""A1"": 0, ""B0"": 50, ""B1"": 0}",1.0,1.0,"{""A"": ""Transform(Location(x=-9.379645, y=-53.591782, z=8.000000), Rotation(pitch=0.000000, yaw=0.000000, roll=0.000000))"", ""B"": ""Transform(Location(x=5.667011, y=-53.404270, z=8.000000), Rotation(pitch=0.000000, yaw=0.000000, roll=0.000000))""}",
set_independent,independent,free,4000012,completed,5.0,2.626282621989958,1.903831658533176,12.674253791046795,0.0,0.1,0.1,0.020000000000000018,4800,100,93,2,5,0,[],32.20381001592614,33.4780465986114,33.76234299503267,0,"{""A0"": 50, ""A1"": 0, ""B0"": 50, ""B1"": 0}",1.0,1.0,"{""A"": ""Transform(Location(x=-9.379645, y=-53.591782, z=8.000000), Rotation(pitch=0.000000, yaw=0.000000, roll=0.000000))"", ""B"": ""Transform(Location(x=5.667011, y=-53.404270, z=8.000000), Rotation(pitch=0.000000, yaw=0.000000, roll=0.000000))""}",
set_joint,independent,free,4000012,completed,5.0,2.508006918942556,1.993614914789843,12.674253791046795,0.0,0.1,0.1,0.020000000000000018,4800,100,93,2,5,0,[],29.03218725696206,30.66454105777666,30.804133042693138,0,"{""A0"": 50, ""A1"": 0, ""B0"": 50, ""B1"": 0}",1.0,1.0,"{""A"": ""Transform(Location(x=-9.379645, y=-53.591782, z=8.000000), Rotation(pitch=0.000000, yaw=0.000000, roll=0.000000))"", ""B"": ""Transform(Location(x=5.667011, y=-53.404270, z=8.000000), Rotation(pitch=0.000000, yaw=0.000000, roll=0.000000))""}",
full_info,independent,free,4000012,completed,5.0,2.505916705937125,1.9952778111713716,12.973493068071548,0.0,0.0,0.0,0.0,0,0,0,0,0,0,[],29.872893303399906,31.20154221192934,31.871194951236248,0,"{""A0"": 0, ""A1"": 0, ""B0"": 0, ""B1"": 0}",1.0,1.0,"{""A"": ""Transform(Location(x=-9.379645, y=-53.591782, z=8.000000), Rotation(pitch=0.000000, yaw=0.000000, roll=0.000000))"", ""B"": ""Transform(Location(x=5.667011, y=-53.404270, z=8.000000), Rotation(pitch=0.000000, yaw=0.000000, roll=0.000000))""}",
no_comm,independent,hazard_a,17,completed,5.0,2.5475438761059195,1.962674734239637,0.055839614069554955,2.5,,2.5,1.0,0,0,0,0,0,0,[],30.128005653386936,31.257385198259737,33.54549396317452,0,"{""A0"": 0, ""A1"": 0, ""B0"": 0, ""B1"": 0}",0.5,1.0,"{""A"": ""Transform(Location(x=-9.379645, y=-53.591782, z=8.000000), Rotation(pitch=0.000000, yaw=0.000000, roll=0.000000))"", ""B"": ""Transform(Location(x=5.667011, y=-53.404270, z=8.000000), Rotation(pitch=0.000000, yaw=0.000000, roll=0.000000))""}","Transform(Location(x=-9.337365, y=-57.591568, z=-0.060602), Rotation(pitch=0.104154, yaw=0.596642, roll=-0.057526))"
round_robin,independent,hazard_a,17,completed,5.0,2.5959833109518513,1.9260524437526851,5.035628852259833,2.5,2.6,0.10000000000000009,0.52,4800,100,78,5,21,0,[],31.560908077517524,32.76460186811165,34.2932470375672,0,"{""A0"": 25, ""A1"": 25, ""B0"": 25, ""B1"": 25}",0.5,1.0,"{""A"": ""Transform(Location(x=-9.379645, y=-53.591782, z=8.000000), Rotation(pitch=0.000000, yaw=0.000000, roll=0.000000))"", ""B"": ""Transform(Location(x=5.667011, y=-53.404270, z=8.000000), Rotation(pitch=0.000000, yaw=0.000000, roll=0.000000))""}","Transform(Location(x=-9.337365, y=-57.591568, z=-0.060602), Rotation(pitch=0.104154, yaw=0.596642, roll=-0.057526))"
coverage_greedy,independent,hazard_a,17,completed,5.0,2.5526334879687056,1.9587614217107294,5.038710337888915,2.5,2.6,0.10000000000000009,0.52,4800,100,86,3,12,0,[],30.617212026845664,31.628859534393996,31.634756014682353,0,"{""A0"": 50, ""A1"": 0, ""B0"": 50, ""B1"": 0}",0.5,1.0,"{""A"": ""Transform(Location(x=-9.379645, y=-53.591782, z=8.000000), Rotation(pitch=0.000000, yaw=0.000000, roll=0.000000))"", ""B"": ""Transform(Location(x=5.667011, y=-53.404270, z=8.000000), Rotation(pitch=0.000000, yaw=0.000000, roll=0.000000))""}","Transform(Location(x=-9.337365, y=-57.591568, z=-0.060602), Rotation(pitch=0.104154, yaw=0.596642, roll=-0.057526))"
singleton_voi,independent,hazard_a,17,completed,5.0,2.4989059410290793,2.0008756303732427,5.035628852259833,2.5,2.6,0.10000000000000009,0.52,4800,100,86,3,12,0,[],29.825903265736997,30.690868558594957,30.773394042626023,0,"{""A0"": 50, ""A1"": 0, ""B0"": 50, ""B1"": 0}",0.5,1.0,"{""A"": ""Transform(Location(x=-9.379645, y=-53.591782, z=8.000000), Rotation(pitch=0.000000, yaw=0.000000, roll=0.000000))"", ""B"": ""Transform(Location(x=5.667011, y=-53.404270, z=8.000000), Rotation(pitch=0.000000, yaw=0.000000, roll=0.000000))""}","Transform(Location(x=-9.337365, y=-57.591568, z=-0.060602), Rotation(pitch=0.104154, yaw=0.596642, roll=-0.057526))"
set_independent,independent,hazard_a,17,completed,5.0,2.5871393039124086,1.9326365582397267,5.035628852259833,2.5,2.6,0.10000000000000009,0.52,4800,100,86,5,12,0,[],31.6770258534234,33.312078004237264,33.50295906420797,0,"{""A0"": 50, ""A1"": 0, ""B0"": 50, ""B1"": 0}",0.5,1.0,"{""A"": ""Transform(Location(x=-9.379645, y=-53.591782, z=8.000000), Rotation(pitch=0.000000, yaw=0.000000, roll=0.000000))"", ""B"": ""Transform(Location(x=5.667011, y=-53.404270, z=8.000000), Rotation(pitch=0.000000, yaw=0.000000, roll=0.000000))""}","Transform(Location(x=-9.337365, y=-57.591568, z=-0.060602), Rotation(pitch=0.104154, yaw=0.596642, roll=-0.057526))"
set_joint,independent,hazard_a,17,completed,5.0,2.5776826640358195,1.9397267436215802,5.035628852259833,2.5,2.6,0.10000000000000009,0.52,4800,100,86,5,12,0,[],31.115717015927657,32.661163344746456,32.6660480350256,0,"{""A0"": 50, ""A1"": 0, ""B0"": 50, ""B1"": 0}",0.5,1.0,"{""A"": ""Transform(Location(x=-9.379645, y=-53.591782, z=8.000000), Rotation(pitch=0.000000, yaw=0.000000, roll=0.000000))"", ""B"": ""Transform(Location(x=5.667011, y=-53.404270, z=8.000000), Rotation(pitch=0.000000, yaw=0.000000, roll=0.000000))""}","Transform(Location(x=-9.337365, y=-57.591568, z=-0.060602), Rotation(pitch=0.104154, yaw=0.596642, roll=-0.057526))"
full_info,independent,hazard_a,17,completed,5.0,2.5694966139271855,1.9459064366533896,5.3411206200835295,2.5,2.5,0.0,0.5,0,0,0,0,0,0,[],30.727333523100242,33.80503723514266,34.18997302651405,0,"{""A0"": 0, ""A1"": 0, ""B0"": 0, ""B1"": 0}",0.5,1.0,"{""A"": ""Transform(Location(x=-9.379645, y=-53.591782, z=8.000000), Rotation(pitch=0.000000, yaw=0.000000, roll=0.000000))"", ""B"": ""Transform(Location(x=5.667011, y=-53.404270, z=8.000000), Rotation(pitch=0.000000, yaw=0.000000, roll=0.000000))""}","Transform(Location(x=-9.337365, y=-57.591568, z=-0.060602), Rotation(pitch=0.104154, yaw=0.596642, roll=-0.057526))"
no_comm,independent,hazard_a,1000020,completed,5.0,2.559488713974133,1.9535151582037924,0.055839614069554955,2.5,,2.5,1.0,0,0,0,0,0,0,[],32.13464347063564,33.202582953963436,34.84924393706024,0,"{""A0"": 0, ""A1"": 0, ""B0"": 0, ""B1"": 0}",0.5,1.0,"{""A"": ""Transform(Location(x=-9.379645, y=-53.591782, z=8.000000), Rotation(pitch=0.000000, yaw=0.000000, roll=0.000000))"", ""B"": ""Transform(Location(x=5.667011, y=-53.404270, z=8.000000), Rotation(pitch=0.000000, yaw=0.000000, roll=0.000000))""}","Transform(Location(x=-9.337365, y=-57.591568, z=-0.060602), Rotation(pitch=0.104154, yaw=0.596642, roll=-0.057526))"
round_robin,independent,hazard_a,1000020,completed,5.0,2.640390704968013,1.893659143168576,5.035628852259833,2.5,2.6,0.10000000000000009,0.52,4800,100,84,4,14,0,[],32.168683962663636,34.42315794527531,34.960830002091825,0,"{""A0"": 25, ""A1"": 25, ""B0"": 25, ""B1"": 25}",0.5,1.0,"{""A"": ""Transform(Location(x=-9.379645, y=-53.591782, z=8.000000), Rotation(pitch=0.000000, yaw=0.000000, roll=0.000000))"", ""B"": ""Transform(Location(x=5.667011, y=-53.404270, z=8.000000), Rotation(pitch=0.000000, yaw=0.000000, roll=0.000000))""}","Transform(Location(x=-9.337365, y=-57.591568, z=-0.060602), Rotation(pitch=0.104154, yaw=0.596642, roll=-0.057526))"
coverage_greedy,independent,hazard_a,1000020,completed,5.0,2.551532570971176,1.959606574058695,5.035628852259833,2.5,2.6,0.10000000000000009,0.52,4800,100,89,3,9,0,[],29.89507376914844,30.774944061413407,30.84425104316324,0,"{""A0"": 50, ""A1"": 0, ""B0"": 50, ""B1"": 0}",0.5,1.0,"{""A"": ""Transform(Location(x=-9.379645, y=-53.591782, z=8.000000), Rotation(pitch=0.000000, yaw=0.000000, roll=0.000000))"", ""B"": ""Transform(Location(x=5.667011, y=-53.404270, z=8.000000), Rotation(pitch=0.000000, yaw=0.000000, roll=0.000000))""}","Transform(Location(x=-9.337365, y=-57.591568, z=-0.060602), Rotation(pitch=0.104154, yaw=0.596642, roll=-0.057526))"
singleton_voi,independent,hazard_a,1000020,completed,5.0,2.571838320000097,1.9441346530678534,5.035628852259833,2.5,2.6,0.10000000000000009,0.52,4800,100,89,3,9,0,[],30.22744034533389,31.993123649153862,32.71380695514381,0,"{""A0"": 50, ""A1"": 0, ""B0"": 50, ""B1"": 0}",0.5,1.0,"{""A"": ""Transform(Location(x=-9.379645, y=-53.591782, z=8.000000), Rotation(pitch=0.000000, yaw=0.000000, roll=0.000000))"", ""B"": ""Transform(Location(x=5.667011, y=-53.404270, z=8.000000), Rotation(pitch=0.000000, yaw=0.000000, roll=0.000000))""}","Transform(Location(x=-9.337365, y=-57.591568, z=-0.060602), Rotation(pitch=0.104154, yaw=0.596642, roll=-0.057526))"
set_independent,independent,hazard_a,1000020,completed,5.0,2.5777529779588804,1.939673833277503,5.035628852259833,2.5,2.6,0.10000000000000009,0.52,4752,99,88,3,9,0,[],31.465958518674597,32.50976784504019,32.84872602671385,0,"{""A0"": 50, ""A1"": 0, ""B0"": 49, ""B1"": 0}",0.5,1.0,"{""A"": ""Transform(Location(x=-9.379645, y=-53.591782, z=8.000000), Rotation(pitch=0.000000, yaw=0.000000, roll=0.000000))"", ""B"": ""Transform(Location(x=5.667011, y=-53.404270, z=8.000000), Rotation(pitch=0.000000, yaw=0.000000, roll=0.000000))""}","Transform(Location(x=-9.337365, y=-57.591568, z=-0.060602), Rotation(pitch=0.104154, yaw=0.596642, roll=-0.057526))"
set_joint,independent,hazard_a,1000020,completed,5.0,2.6281601410591975,1.9024715891113495,5.035628852259833,2.5,2.6,0.10000000000000009,0.52,4752,99,88,3,9,0,[],30.428692064015195,33.100540108280256,33.16104109399021,0,"{""A0"": 50, ""A1"": 0, ""B0"": 49, ""B1"": 0}",0.5,1.0,"{""A"": ""Transform(Location(x=-9.379645, y=-53.591782, z=8.000000), Rotation(pitch=0.000000, yaw=0.000000, roll=0.000000))"", ""B"": ""Transform(Location(x=5.667011, y=-53.404270, z=8.000000), Rotation(pitch=0.000000, yaw=0.000000, roll=0.000000))""}","Transform(Location(x=-9.337365, y=-57.591568, z=-0.060602), Rotation(pitch=0.104154, yaw=0.596642, roll=-0.057526))"
full_info,independent,hazard_a,1000020,completed,5.0,2.5901798229897395,1.930367905587614,5.34057280869456,2.5,2.5,0.0,0.5,0,0,0,0,0,0,[],30.453375889919695,33.047481881221756,33.50960207171738,0,"{""A0"": 0, ""A1"": 0, ""B0"": 0, ""B1"": 0}",0.5,1.0,"{""A"": ""Transform(Location(x=-9.379645, y=-53.591782, z=8.000000), Rotation(pitch=0.000000, yaw=0.000000, roll=0.000000))"", ""B"": ""Transform(Location(x=5.667011, y=-53.404270, z=8.000000), Rotation(pitch=0.000000, yaw=0.000000, roll=0.000000))""}","Transform(Location(x=-9.337365, y=-57.591568, z=-0.060602), Rotation(pitch=0.104154, yaw=0.596642, roll=-0.057526))"
no_comm,independent,hazard_a,2000023,completed,5.0,2.5911961409728974,1.9296107774082616,0.055839614069554955,2.5,,2.5,1.0,0,0,0,0,0,0,[],30.196332436753437,32.80012260074729,35.75968905352056,0,"{""A0"": 0, ""A1"": 0, ""B0"": 0, ""B1"": 0}",0.5,1.0,"{""A"": ""Transform(Location(x=-9.379645, y=-53.591782, z=8.000000), Rotation(pitch=0.000000, yaw=0.000000, roll=0.000000))"", ""B"": ""Transform(Location(x=5.667011, y=-53.404270, z=8.000000), Rotation(pitch=0.000000, yaw=0.000000, roll=0.000000))""}","Transform(Location(x=-9.337365, y=-57.591568, z=-0.060602), Rotation(pitch=0.104154, yaw=0.596642, roll=-0.057526))"
round_robin,independent,hazard_a,2000023,completed,5.0,2.6383225889876485,1.895143535847355,5.035628852259833,2.5,2.6,0.10000000000000009,0.52,4800,100,88,3,11,0,[],31.085356522817165,31.975132134975876,34.166109981015325,0,"{""A0"": 25, ""A1"": 25, ""B0"": 25, ""B1"": 25}",0.5,1.0,"{""A"": ""Transform(Location(x=-9.379645, y=-53.591782, z=8.000000), Rotation(pitch=0.000000, yaw=0.000000, roll=0.000000))"", ""B"": ""Transform(Location(x=5.667011, y=-53.404270, z=8.000000), Rotation(pitch=0.000000, yaw=0.000000, roll=0.000000))""}","Transform(Location(x=-9.337365, y=-57.591568, z=-0.060602), Rotation(pitch=0.104154, yaw=0.596642, roll=-0.057526))"
coverage_greedy,independent,hazard_a,2000023,completed,5.0,2.598123479052447,1.9244658848252794,5.035628852259833,2.5,2.6,0.10000000000000009,0.52,4800,100,91,4,8,0,[],31.865311588626355,32.158854061272,33.59080303926021,0,"{""A0"": 50, ""A1"": 0, ""B0"": 50, ""B1"": 0}",0.5,1.0,"{""A"": ""Transform(Location(x=-9.379645, y=-53.591782, z=8.000000), Rotation(pitch=0.000000, yaw=0.000000, roll=0.000000))"", ""B"": ""Transform(Location(x=5.667011, y=-53.404270, z=8.000000), Rotation(pitch=0.000000, yaw=0.000000, roll=0.000000))""}","Transform(Location(x=-9.337365, y=-57.591568, z=-0.060602), Rotation(pitch=0.104154, yaw=0.596642, roll=-0.057526))"
singleton_voi,independent,hazard_a,2000023,completed,5.0,2.5825062569929287,1.936103731195603,5.035628852259833,2.5,2.6,0.10000000000000009,0.52,4800,100,91,4,8,0,[],31.553084775805473,32.63320862664842,33.663860987871885,0,"{""A0"": 50, ""A1"": 0, ""B0"": 50, ""B1"": 0}",0.5,1.0,"{""A"": ""Transform(Location(x=-9.379645, y=-53.591782, z=8.000000), Rotation(pitch=0.000000, yaw=0.000000, roll=0.000000))"", ""B"": ""Transform(Location(x=5.667011, y=-53.404270, z=8.000000), Rotation(pitch=0.000000, yaw=0.000000, roll=0.000000))""}","Transform(Location(x=-9.337365, y=-57.591568, z=-0.060602), Rotation(pitch=0.104154, yaw=0.596642, roll=-0.057526))"
set_independent,independent,hazard_a,2000023,completed,5.0,2.5775968520902097,1.9397913199441679,5.035628852259833,2.5,2.6,0.10000000000000009,0.52,4800,100,91,3,8,0,[],30.66336545161903,31.586020073154945,32.611265080049634,0,"{""A0"": 50, ""A1"": 0, ""B0"": 50, ""B1"": 0}",0.5,1.0,"{""A"": ""Transform(Location(x=-9.379645, y=-53.591782, z=8.000000), Rotation(pitch=0.000000, yaw=0.000000, roll=0.000000))"", ""B"": ""Transform(Location(x=5.667011, y=-53.404270, z=8.000000), Rotation(pitch=0.000000, yaw=0.000000, roll=0.000000))""}","Transform(Location(x=-9.337365, y=-57.591568, z=-0.060602), Rotation(pitch=0.104154, yaw=0.596642, roll=-0.057526))"
set_joint,independent,hazard_a,2000023,completed,5.0,2.5554151369724423,1.9566292488678798,5.035628852259833,2.5,2.6,0.10000000000000009,0.52,4800,100,91,3,8,0,[],30.40042644715868,32.356995629379526,32.89056301582605,0,"{""A0"": 50, ""A1"": 0, ""B0"": 50, ""B1"": 0}",0.5,1.0,"{""A"": ""Transform(Location(x=-9.379645, y=-53.591782, z=8.000000), Rotation(pitch=0.000000, yaw=0.000000, roll=0.000000))"", ""B"": ""Transform(Location(x=5.667011, y=-53.404270, z=8.000000), Rotation(pitch=0.000000, yaw=0.000000, roll=0.000000))""}","Transform(Location(x=-9.337365, y=-57.591568, z=-0.060602), Rotation(pitch=0.104154, yaw=0.596642, roll=-0.057526))"
full_info,independent,hazard_a,2000023,completed,5.0,2.4891606280580163,2.0087092587113915,5.340904776763637,2.5,2.5,0.0,0.5,0,0,0,0,0,0,[],29.22854475909844,30.21987726213411,31.152087030932307,0,"{""A0"": 0, ""A1"": 0, ""B0"": 0, ""B1"": 0}",0.5,1.0,"{""A"": ""Transform(Location(x=-9.379645, y=-53.591782, z=8.000000), Rotation(pitch=0.000000, yaw=0.000000, roll=0.000000))"", ""B"": ""Transform(Location(x=5.667011, y=-53.404270, z=8.000000), Rotation(pitch=0.000000, yaw=0.000000, roll=0.000000))""}","Transform(Location(x=-9.337365, y=-57.591568, z=-0.060602), Rotation(pitch=0.104154, yaw=0.596642, roll=-0.057526))"
no_comm,independent,hazard_a,3000026,completed,5.0,2.56796688598115,1.9470656055946907,0.055839614069554955,2.5,,2.5,1.0,0,0,0,0,0,0,[],30.547541729174554,32.31156648485921,32.93828701134771,0,"{""A0"": 0, ""A1"": 0, ""B0"": 0, ""B1"": 0}",0.5,1.0,"{""A"": ""Transform(Location(x=-9.379645, y=-53.591782, z=8.000000), Rotation(pitch=0.000000, yaw=0.000000, roll=0.000000))"", ""B"": ""Transform(Location(x=5.667011, y=-53.404270, z=8.000000), Rotation(pitch=0.000000, yaw=0.000000, roll=0.000000))""}","Transform(Location(x=-9.337365, y=-57.591568, z=-0.060602), Rotation(pitch=0.104154, yaw=0.596642, roll=-0.057526))"
round_robin,independent,hazard_a,3000026,completed,5.0,2.558309650979936,1.9544154860553324,5.035628852259833,2.5,2.6,0.10000000000000009,0.52,4800,100,86,4,12,0,[],30.829186900518835,32.11196021875367,33.971893950365484,0,"{""A0"": 25, ""A1"": 25, ""B0"": 25, ""B1"": 25}",0.5,1.0,"{""A"": ""Transform(Location(x=-9.379645, y=-53.591782, z=8.000000), Rotation(pitch=0.000000, yaw=0.000000, roll=0.000000))"", ""B"": ""Transform(Location(x=5.667011, y=-53.404270, z=8.000000), Rotation(pitch=0.000000, yaw=0.000000, roll=0.000000))""}","Transform(Location(x=-9.337365, y=-57.591568, z=-0.060602), Rotation(pitch=0.104154, yaw=0.596642, roll=-0.057526))"
coverage_greedy,independent,hazard_a,3000026,completed,5.0,2.531535923946649,1.9750855410359063,5.035628852259833,2.5,2.6,0.10000000000000009,0.52,4800,100,93,4,5,0,[],31.149828422348946,31.748770984122537,33.24465197511017,0,"{""A0"": 50, ""A1"": 0, ""B0"": 50, ""B1"": 0}",0.5,1.0,"{""A"": ""Transform(Location(x=-9.379645, y=-53.591782, z=8.000000), Rotation(pitch=0.000000, yaw=0.000000, roll=0.000000))"", ""B"": ""Transform(Location(x=5.667011, y=-53.404270, z=8.000000), Rotation(pitch=0.000000, yaw=0.000000, roll=0.000000))""}","Transform(Location(x=-9.337365, y=-57.591568, z=-0.060602), Rotation(pitch=0.104154, yaw=0.596642, roll=-0.057526))"
singleton_voi,independent,hazard_a,3000026,completed,5.0,2.5823850790038705,1.9361945825402231,5.035628852259833,2.5,2.6,0.10000000000000009,0.52,4800,100,93,4,5,0,[],30.696546600665897,31.628481801599264,31.715968041680753,0,"{""A0"": 50, ""A1"": 0, ""B0"": 50, ""B1"": 0}",0.5,1.0,"{""A"": ""Transform(Location(x=-9.379645, y=-53.591782, z=8.000000), Rotation(pitch=0.000000, yaw=0.000000, roll=0.000000))"", ""B"": ""Transform(Location(x=5.667011, y=-53.404270, z=8.000000), Rotation(pitch=0.000000, yaw=0.000000, roll=0.000000))""}","Transform(Location(x=-9.337365, y=-57.591568, z=-0.060602), Rotation(pitch=0.104154, yaw=0.596642, roll=-0.057526))"
set_independent,independent,hazard_a,3000026,completed,5.0,2.6183177090715617,1.909623107492546,5.035628852259833,2.5,2.6,0.10000000000000009,0.52,4800,100,93,4,5,0,[],30.54088237695396,31.114115921081986,33.40249299071729,0,"{""A0"": 50, ""A1"": 0, ""B0"": 50, ""B1"": 0}",0.5,1.0,"{""A"": ""Transform(Location(x=-9.379645, y=-53.591782, z=8.000000), Rotation(pitch=0.000000, yaw=0.000000, roll=0.000000))"", ""B"": ""Transform(Location(x=5.667011, y=-53.404270, z=8.000000), Rotation(pitch=0.000000, yaw=0.000000, roll=0.000000))""}","Transform(Location(x=-9.337365, y=-57.591568, z=-0.060602), Rotation(pitch=0.104154, yaw=0.596642, roll=-0.057526))"
set_joint,independent,hazard_a,3000026,completed,5.0,2.56532590999268,1.9490700891156036,5.035628852259833,2.5,2.6,0.10000000000000009,0.52,4800,100,93,4,5,0,[],29.70677699195221,31.531495647504933,33.145555993542075,0,"{""A0"": 50, ""A1"": 0, ""B0"": 50, ""B1"": 0}",0.5,1.0,"{""A"": ""Transform(Location(x=-9.379645, y=-53.591782, z=8.000000), Rotation(pitch=0.000000, yaw=0.000000, roll=0.000000))"", ""B"": ""Transform(Location(x=5.667011, y=-53.404270, z=8.000000), Rotation(pitch=0.000000, yaw=0.000000, roll=0.000000))""}","Transform(Location(x=-9.337365, y=-57.591568, z=-0.060602), Rotation(pitch=0.104154, yaw=0.596642, roll=-0.057526))"
full_info,independent,hazard_a,3000026,completed,5.0,2.5682351919822395,1.946862193777842,5.340904776763637,2.5,2.5,0.0,0.5,0,0,0,0,0,0,[],29.827712359838188,30.93998236581684,32.607871922664344,0,"{""A0"": 0, ""A1"": 0, ""B0"": 0, ""B1"": 0}",0.5,1.0,"{""A"": ""Transform(Location(x=-9.379645, y=-53.591782, z=8.000000), Rotation(pitch=0.000000, yaw=0.000000, roll=0.000000))"", ""B"": ""Transform(Location(x=5.667011, y=-53.404270, z=8.000000), Rotation(pitch=0.000000, yaw=0.000000, roll=0.000000))""}","Transform(Location(x=-9.337365, y=-57.591568, z=-0.060602), Rotation(pitch=0.104154, yaw=0.596642, roll=-0.057526))"
no_comm,independent,hazard_a,4000029,completed,5.0,2.5810888910200447,1.9371669133115377,0.055839614069554955,2.5,,2.5,1.0,0,0,0,0,0,0,[],30.72120351716876,32.494768149917945,32.59269695263356,0,"{""A0"": 0, ""A1"": 0, ""B0"": 0, ""B1"": 0}",0.5,1.0,"{""A"": ""Transform(Location(x=-9.379645, y=-53.591782, z=8.000000), Rotation(pitch=0.000000, yaw=0.000000, roll=0.000000))"", ""B"": ""Transform(Location(x=5.667011, y=-53.404270, z=8.000000), Rotation(pitch=0.000000, yaw=0.000000, roll=0.000000))""}","Transform(Location(x=-9.337365, y=-57.591568, z=-0.060602), Rotation(pitch=0.104154, yaw=0.596642, roll=-0.057526))"
round_robin,independent,hazard_a,4000029,completed,5.0,2.535758116049692,1.9717969030063502,5.035628852259833,2.5,2.6,0.10000000000000009,0.52,4800,100,92,3,6,0,[],30.48832099302672,32.322450925130404,33.675871905870736,0,"{""A0"": 25, ""A1"": 25, ""B0"": 25, ""B1"": 25}",0.5,1.0,"{""A"": ""Transform(Location(x=-9.379645, y=-53.591782, z=8.000000), Rotation(pitch=0.000000, yaw=0.000000, roll=0.000000))"", ""B"": ""Transform(Location(x=5.667011, y=-53.404270, z=8.000000), Rotation(pitch=0.000000, yaw=0.000000, roll=0.000000))""}","Transform(Location(x=-9.337365, y=-57.591568, z=-0.060602), Rotation(pitch=0.104154, yaw=0.596642, roll=-0.057526))"
coverage_greedy,independent,hazard_a,4000029,completed,5.0,2.585383455036208,1.933949097670688,5.035628852259833,2.5,2.6,0.10000000000000009,0.52,4800,100,93,3,5,0,[],31.335129111539572,33.298107661539696,34.756644046865404,0,"{""A0"": 50, ""A1"": 0, ""B0"": 50, ""B1"": 0}",0.5,1.0,"{""A"": ""Transform(Location(x=-9.379645, y=-53.591782, z=8.000000), Rotation(pitch=0.000000, yaw=0.000000, roll=0.000000))"", ""B"": ""Transform(Location(x=5.667011, y=-53.404270, z=8.000000), Rotation(pitch=0.000000, yaw=0.000000, roll=0.000000))""}","Transform(Location(x=-9.337365, y=-57.591568, z=-0.060602), Rotation(pitch=0.104154, yaw=0.596642, roll=-0.057526))"
singleton_voi,independent,hazard_a,4000029,completed,5.0,2.606487001059577,1.9182907867821415,5.035628852259833,2.5,2.6,0.10000000000000009,0.52,4800,100,93,3,5,0,[],30.939000379294157,34.185285976855084,34.78077205363661,0,"{""A0"": 50, ""A1"": 0, ""B0"": 50, ""B1"": 0}",0.5,1.0,"{""A"": ""Transform(Location(x=-9.379645, y=-53.591782, z=8.000000), Rotation(pitch=0.000000, yaw=0.000000, roll=0.000000))"", ""B"": ""Transform(Location(x=5.667011, y=-53.404270, z=8.000000), Rotation(pitch=0.000000, yaw=0.000000, roll=0.000000))""}","Transform(Location(x=-9.337365, y=-57.591568, z=-0.060602), Rotation(pitch=0.104154, yaw=0.596642, roll=-0.057526))"
set_independent,independent,hazard_a,4000029,completed,5.0,2.6800444360123947,1.8656407083456568,5.035628852259833,2.5,2.6,0.10000000000000009,0.52,4800,100,93,3,5,0,[],31.294759269803762,32.95109407859855,33.66914193611592,0,"{""A0"": 50, ""A1"": 0, ""B0"": 50, ""B1"": 0}",0.5,1.0,"{""A"": ""Transform(Location(x=-9.379645, y=-53.591782, z=8.000000), Rotation(pitch=0.000000, yaw=0.000000, roll=0.000000))"", ""B"": ""Transform(Location(x=5.667011, y=-53.404270, z=8.000000), Rotation(pitch=0.000000, yaw=0.000000, roll=0.000000))""}","Transform(Location(x=-9.337365, y=-57.591568, z=-0.060602), Rotation(pitch=0.104154, yaw=0.596642, roll=-0.057526))"
set_joint,independent,hazard_a,4000029,completed,5.0,2.606881396030076,1.9180005686542996,5.035628852259833,2.5,2.6,0.10000000000000009,0.52,4800,100,93,3,5,0,[],31.836142658721656,32.69282016670333,35.51176993642002,0,"{""A0"": 50, ""A1"": 0, ""B0"": 50, ""B1"": 0}",0.5,1.0,"{""A"": ""Transform(Location(x=-9.379645, y=-53.591782, z=8.000000), Rotation(pitch=0.000000, yaw=0.000000, roll=0.000000))"", ""B"": ""Transform(Location(x=5.667011, y=-53.404270, z=8.000000), Rotation(pitch=0.000000, yaw=0.000000, roll=0.000000))""}","Transform(Location(x=-9.337365, y=-57.591568, z=-0.060602), Rotation(pitch=0.104154, yaw=0.596642, roll=-0.057526))"
full_info,independent,hazard_a,4000029,completed,5.0,2.5650078649632633,1.9493117616899047,5.340904776763637,2.5,2.5,0.0,0.5,0,0,0,0,0,0,[],31.383985676802695,31.792646258836612,31.872363993898034,0,"{""A0"": 0, ""A1"": 0, ""B0"": 0, ""B1"": 0}",0.5,1.0,"{""A"": ""Transform(Location(x=-9.379645, y=-53.591782, z=8.000000), Rotation(pitch=0.000000, yaw=0.000000, roll=0.000000))"", ""B"": ""Transform(Location(x=5.667011, y=-53.404270, z=8.000000), Rotation(pitch=0.000000, yaw=0.000000, roll=0.000000))""}","Transform(Location(x=-9.337365, y=-57.591568, z=-0.060602), Rotation(pitch=0.104154, yaw=0.596642, roll=-0.057526))"
no_comm,contention,free,101,completed,5.0,2.5586025459924713,1.9541917551170578,0.06633079523453489,0.0,,5.0,1.0,0,0,0,0,0,0,[],30.275071441428736,32.29415764217265,32.318277982994914,0,"{""A0"": 0, ""A1"": 0, ""B0"": 0, ""B1"": 0}",1.0,1.0,"{""A"": ""Transform(Location(x=-9.379645, y=-53.591782, z=8.000000), Rotation(pitch=0.000000, yaw=0.000000, roll=0.000000))"", ""B"": ""Transform(Location(x=5.667011, y=-53.404270, z=8.000000), Rotation(pitch=0.000000, yaw=0.000000, roll=0.000000))""}",
round_robin,contention,free,101,completed,5.0,2.555574755067937,1.956507040181292,9.717297477822285,0.0,0.2,0.2,0.26,4800,100,45,13,54,0,[],29.38900167355314,31.228791070170708,32.548954943194985,0,"{""A0"": 25, ""A1"": 25, ""B0"": 25, ""B1"": 25}",1.0,1.0,"{""A"": ""Transform(Location(x=-9.379645, y=-53.591782, z=8.000000), Rotation(pitch=0.000000, yaw=0.000000, roll=0.000000))"", ""B"": ""Transform(Location(x=5.667011, y=-53.404270, z=8.000000), Rotation(pitch=0.000000, yaw=0.000000, roll=0.000000))""}",
coverage_greedy,contention,free,101,completed,5.0,2.5444437729893252,1.9650660207459718,3.0491692149785194,0.0,0.30000000000000004,0.30000000000000004,0.33999999999999997,4800,100,46,17,53,0,[],30.4413371370174,30.833306290442128,31.31021896842867,0,"{""A0"": 50, ""A1"": 0, ""B0"": 50, ""B1"": 0}",1.0,1.0,"{""A"": ""Transform(Location(x=-9.379645, y=-53.591782, z=8.000000), Rotation(pitch=0.000000, yaw=0.000000, roll=0.000000))"", ""B"": ""Transform(Location(x=5.667011, y=-53.404270, z=8.000000), Rotation(pitch=0.000000, yaw=0.000000, roll=0.000000))""}",
singleton_voi,contention,free,101,completed,5.0,2.570534380967729,1.94512084219533,3.0491692149785194,0.0,0.30000000000000004,0.30000000000000004,0.33999999999999997,4800,100,46,17,53,0,[],31.74190924037248,33.61053583910689,34.097995958290994,0,"{""A0"": 50, ""A1"": 0, ""B0"": 50, ""B1"": 0}",1.0,1.0,"{""A"": ""Transform(Location(x=-9.379645, y=-53.591782, z=8.000000), Rotation(pitch=0.000000, yaw=0.000000, roll=0.000000))"", ""B"": ""Transform(Location(x=5.667011, y=-53.404270, z=8.000000), Rotation(pitch=0.000000, yaw=0.000000, roll=0.000000))""}",
set_independent,contention,free,101,completed,5.0,2.5719757840270177,1.9440307451772947,10.611468858260196,0.0,0.2,0.2,0.19999999999999996,4368,91,45,15,45,0,[],32.98838320188224,35.23291807738133,35.782675025984645,0,"{""A0"": 46, ""A1"": 0, ""B0"": 45, ""B1"": 0}",1.0,1.0,"{""A"": ""Transform(Location(x=-9.379645, y=-53.591782, z=8.000000), Rotation(pitch=0.000000, yaw=0.000000, roll=0.000000))"", ""B"": ""Transform(Location(x=5.667011, y=-53.404270, z=8.000000), Rotation(pitch=0.000000, yaw=0.000000, roll=0.000000))""}",
set_joint,contention,free,101,completed,5.0,2.6090441800188273,1.9164106297210801,12.674253791046795,0.0,0.1,0.1,0.020000000000000018,4800,100,85,4,13,0,[],31.416803842876107,33.540006349794574,34.288582974113524,0,"{""A0"": 0, ""A1"": 50, ""B0"": 50, ""B1"": 0}",1.0,1.0,"{""A"": ""Transform(Location(x=-9.379645, y=-53.591782, z=8.000000), Rotation(pitch=0.000000, yaw=0.000000, roll=0.000000))"", ""B"": ""Transform(Location(x=5.667011, y=-53.404270, z=8.000000), Rotation(pitch=0.000000, yaw=0.000000, roll=0.000000))""}",
full_info,contention,free,101,completed,5.0,2.620229511987418,1.908229785644827,12.973493068071548,0.0,0.0,0.0,0.0,0,0,0,0,0,0,[],30.941829248331487,31.796891852281988,31.801423989236355,0,"{""A0"": 0, ""A1"": 0, ""B0"": 0, ""B1"": 0}",1.0,1.0,"{""A"": ""Transform(Location(x=-9.379645, y=-53.591782, z=8.000000), Rotation(pitch=0.000000, yaw=0.000000, roll=0.000000))"", ""B"": ""Transform(Location(x=5.667011, y=-53.404270, z=8.000000), Rotation(pitch=0.000000, yaw=0.000000, roll=0.000000))""}",
no_comm,contention,free,1000104,completed,5.0,2.6022547479951754,1.9214106550682986,0.06633079523453489,0.0,,5.0,1.0,0,0,0,0,0,0,[],30.83599338424392,32.19722574576736,33.9511779602617,0,"{""A0"": 0, ""A1"": 0, ""B0"": 0, ""B1"": 0}",1.0,1.0,"{""A"": ""Transform(Location(x=-9.379645, y=-53.591782, z=8.000000), Rotation(pitch=0.000000, yaw=0.000000, roll=0.000000))"", ""B"": ""Transform(Location(x=5.667011, y=-53.404270, z=8.000000), Rotation(pitch=0.000000, yaw=0.000000, roll=0.000000))""}",
round_robin,contention,free,1000104,completed,5.0,2.5526950899511576,1.9587141526157237,2.2498673466686796,0.0,0.4,0.4,0.52,4800,100,44,14,55,0,[],30.342373304301873,31.17887201020494,31.319261994212866,0,"{""A0"": 25, ""A1"": 25, ""B0"": 25, ""B1"": 25}",1.0,1.0,"{""A"": ""Transform(Location(x=-9.379645, y=-53.591782, z=8.000000), Rotation(pitch=0.000000, yaw=0.000000, roll=0.000000))"", ""B"": ""Transform(Location(x=5.667011, y=-53.404270, z=8.000000), Rotation(pitch=0.000000, yaw=0.000000, roll=0.000000))""}",
coverage_greedy,contention,free,1000104,completed,5.0,2.5291756639489904,1.9769287168425176,2.7281384056223033,0.0,0.2,0.2,0.43999999999999995,4800,100,46,10,53,0,[],30.10168131440878,30.965882430318743,31.282922951504588,0,"{""A0"": 50, ""A1"": 0, ""B0"": 50, ""B1"": 0}",1.0,1.0,"{""A"": ""Transform(Location(x=-9.379645, y=-53.591782, z=8.000000), Rotation(pitch=0.000000, yaw=0.000000, roll=0.000000))"", ""B"": ""Transform(Location(x=5.667011, y=-53.404270, z=8.000000), Rotation(pitch=0.000000, yaw=0.000000, roll=0.000000))""}",
singleton_voi,contention,free,1000104,completed,5.0,2.5319903979543597,1.9747310274318535,2.7281384056223033,0.0,0.2,0.2,0.43999999999999995,4800,100,46,10,53,0,[],30.70958520984277,31.264261663891375,31.5290599828586,0,"{""A0"": 50, ""A1"": 0, ""B0"": 50, ""B1"": 0}",1.0,1.0,"{""A"": ""Transform(Location(x=-9.379645, y=-53.591782, z=8.000000), Rotation(pitch=0.000000, yaw=0.000000, roll=0.000000))"", ""B"": ""Transform(Location(x=5.667011, y=-53.404270, z=8.000000), Rotation(pitch=0.000000, yaw=0.000000, roll=0.000000))""}",
set_independent,contention,free,1000104,completed,5.0,2.602834732970223,1.9209825105930771,10.75877210177714,0.0,0.2,0.2,0.24,4272,89,47,17,41,0,[],31.67655838187784,32.971203629858806,36.12747904844582,0,"{""A0"": 46, ""A1"": 0, ""B0"": 43, ""B1"": 0}",1.0,1.0,"{""A"": ""Transform(Location(x=-9.379645, y=-53.591782, z=8.000000), Rotation(pitch=0.000000, yaw=0.000000, roll=0.000000))"", ""B"": ""Transform(Location(x=5.667011, y=-53.404270, z=8.000000), Rotation(pitch=0.000000, yaw=0.000000, roll=0.000000))""}",
set_joint,contention,free,1000104,completed,5.0,2.634467824944295,1.8979165175819612,12.674253791046795,0.0,0.1,0.1,0.020000000000000018,4800,100,87,4,11,0,[],31.634762667817995,32.71366183529608,33.126969006843865,0,"{""A0"": 0, ""A1"": 50, ""B0"": 50, ""B1"": 0}",1.0,1.0,"{""A"": ""Transform(Location(x=-9.379645, y=-53.591782, z=8.000000), Rotation(pitch=0.000000, yaw=0.000000, roll=0.000000))"", ""B"": ""Transform(Location(x=5.667011, y=-53.404270, z=8.000000), Rotation(pitch=0.000000, yaw=0.000000, roll=0.000000))""}",
full_info,contention,free,1000104,completed,5.0,2.494983106967993,2.0040215847698493,12.975066250714008,0.0,0.0,0.0,0.0,0,0,0,0,0,0,[],30.56111801997758,32.72028538165614,33.256701892241836,0,"{""A0"": 0, ""A1"": 0, ""B0"": 0, ""B1"": 0}",1.0,1.0,"{""A"": ""Transform(Location(x=-9.379645, y=-53.591782, z=8.000000), Rotation(pitch=0.000000, yaw=0.000000, roll=0.000000))"", ""B"": ""Transform(Location(x=5.667011, y=-53.404270, z=8.000000), Rotation(pitch=0.000000, yaw=0.000000, roll=0.000000))""}",
no_comm,contention,free,2000107,completed,5.0,2.452427097945474,2.0387965881590366,0.06633079523453489,0.0,,5.0,1.0,0,0,0,0,0,0,[],29.24348414526321,30.50236641196534,30.68991901818663,0,"{""A0"": 0, ""A1"": 0, ""B0"": 0, ""B1"": 0}",1.0,1.0,"{""A"": ""Transform(Location(x=-9.379645, y=-53.591782, z=8.000000), Rotation(pitch=0.000000, yaw=0.000000, roll=0.000000))"", ""B"": ""Transform(Location(x=5.667011, y=-53.404270, z=8.000000), Rotation(pitch=0.000000, yaw=0.000000, roll=0.000000))""}",
round_robin,contention,free,2000107,completed,5.0,2.5972352979006246,1.925123997830138,4.167105499226182,0.0,0.2,0.2,0.5,4800,100,37,15,62,0,[],30.67167747649364,31.591607701266195,33.61543908249587,0,"{""A0"": 25, ""A1"": 25, ""B0"": 25, ""B1"": 25}",1.0,1.0,"{""A"": ""Transform(Location(x=-9.379645, y=-53.591782, z=8.000000), Rotation(pitch=0.000000, yaw=0.000000, roll=0.000000))"", ""B"": ""Transform(Location(x=5.667011, y=-53.404270, z=8.000000), Rotation(pitch=0.000000, yaw=0.000000, roll=0.000000))""}",
coverage_greedy,contention,free,2000107,completed,5.0,2.5786647050408646,1.9389880313736887,5.012870091652758,0.0,0.2,0.2,0.4,4800,100,42,15,57,0,[],31.854077259777114,33.239426465006545,33.73209305573255,0,"{""A0"": 50, ""A1"": 0, ""B0"": 50, ""B1"": 0}",1.0,1.0,"{""A"": ""Transform(Location(x=-9.379645, y=-53.591782, z=8.000000), Rotation(pitch=0.000000, yaw=0.000000, roll=0.000000))"", ""B"": ""Transform(Location(x=5.667011, y=-53.404270, z=8.000000), Rotation(pitch=0.000000, yaw=0.000000, roll=0.000000))""}",
singleton_voi,contention,free,2000107,completed,5.0,2.4928201300790533,2.00576043961962,4.875316290687579,0.0,0.2,0.2,0.4,4800,100,42,15,57,0,[],29.577225394314155,30.27340383036063,31.470204005017877,0,"{""A0"": 50, ""A1"": 0, ""B0"": 50, ""B1"": 0}",1.0,1.0,"{""A"": ""Transform(Location(x=-9.379645, y=-53.591782, z=8.000000), Rotation(pitch=0.000000, yaw=0.000000, roll=0.000000))"", ""B"": ""Transform(Location(x=5.667011, y=-53.404270, z=8.000000), Rotation(pitch=0.000000, yaw=0.000000, roll=0.000000))""}",
set_independent,contention,free,2000107,completed,5.0,2.5452380209462717,1.9644528169279405,9.82541246333858,0.0,0.2,0.2,0.28,4176,87,43,18,43,0,[],30.62230028444901,31.730409532319758,32.098746043629944,0,"{""A0"": 44, ""A1"": 0, ""B0"": 43, ""B1"": 0}",1.0,1.0,"{""A"": ""Transform(Location(x=-9.379645, y=-53.591782, z=8.000000), Rotation(pitch=0.000000, yaw=0.000000, roll=0.000000))"", ""B"": ""Transform(Location(x=5.667011, y=-53.404270, z=8.000000), Rotation(pitch=0.000000, yaw=0.000000, roll=0.000000))""}",
set_joint,contention,free,2000107,completed,5.0,2.5912318049231544,1.9295842195593458,12.674253791046795,0.0,0.1,0.1,0.020000000000000018,4800,100,88,4,10,0,[],30.714331020135432,32.35824972041884,35.14685097616166,0,"{""A0"": 0, ""A1"": 50, ""B0"": 50, ""B1"": 0}",1.0,1.0,"{""A"": ""Transform(Location(x=-9.379645, y=-53.591782, z=8.000000), Rotation(pitch=0.000000, yaw=0.000000, roll=0.000000))"", ""B"": ""Transform(Location(x=5.667011, y=-53.404270, z=8.000000), Rotation(pitch=0.000000, yaw=0.000000, roll=0.000000))""}",
full_info,contention,free,2000107,completed,5.0,2.552508795983158,1.9588571086878992,12.973493068071548,0.0,0.0,0.0,0.0,0,0,0,0,0,0,[],30.565144011052325,31.68716393993236,31.79090900812298,0,"{""A0"": 0, ""A1"": 0, ""B0"": 0, ""B1"": 0}",1.0,1.0,"{""A"": ""Transform(Location(x=-9.379645, y=-53.591782, z=8.000000), Rotation(pitch=0.000000, yaw=0.000000, roll=0.000000))"", ""B"": ""Transform(Location(x=5.667011, y=-53.404270, z=8.000000), Rotation(pitch=0.000000, yaw=0.000000, roll=0.000000))""}",
no_comm,contention,free,3000110,completed,5.0,2.515173010993749,1.9879348172651121,0.06633079523453489,0.0,,5.0,1.0,0,0,0,0,0,0,[],31.18034093058668,33.266589563572786,35.12853500433266,0,"{""A0"": 0, ""A1"": 0, ""B0"": 0, ""B1"": 0}",1.0,1.0,"{""A"": ""Transform(Location(x=-9.379645, y=-53.591782, z=8.000000), Rotation(pitch=0.000000, yaw=0.000000, roll=0.000000))"", ""B"": ""Transform(Location(x=5.667011, y=-53.404270, z=8.000000), Rotation(pitch=0.000000, yaw=0.000000, roll=0.000000))""}",
round_robin,contention,free,3000110,completed,5.0,2.538062521023676,1.970006632454173,3.8510427500195874,0.0,0.2,0.2,0.4,4800,100,43,15,57,0,[],30.607574485475197,32.26308309473098,33.52376399561763,0,"{""A0"": 25, ""A1"": 25, ""B0"": 25, ""B1"": 25}",1.0,1.0,"{""A"": ""Transform(Location(x=-9.379645, y=-53.591782, z=8.000000), Rotation(pitch=0.000000, yaw=0.000000, roll=0.000000))"", ""B"": ""Transform(Location(x=5.667011, y=-53.404270, z=8.000000), Rotation(pitch=0.000000, yaw=0.000000, roll=0.000000))""}",
coverage_greedy,contention,free,3000110,completed,5.0,2.5790158229647204,1.9387240494911835,5.777951311462857,0.0,0.2,0.2,0.28,4800,100,45,15,54,0,[],31.467677577165883,32.81903051189147,33.04024902172387,0,"{""A0"": 50, ""A1"": 0, ""B0"": 50, ""B1"": 0}",1.0,1.0,"{""A"": ""Transform(Location(x=-9.379645, y=-53.591782, z=8.000000), Rotation(pitch=0.000000, yaw=0.000000, roll=0.000000))"", ""B"": ""Transform(Location(x=5.667011, y=-53.404270, z=8.000000), Rotation(pitch=0.000000, yaw=0.000000, roll=0.000000))""}",
singleton_voi,contention,free,3000110,completed,5.0,2.573746753972955,1.9426930766524593,5.777943719321229,0.0,0.2,0.2,0.28,4800,100,45,15,54,0,[],30.85407975013368,32.95825612964109,34.44247704464942,0,"{""A0"": 50, ""A1"": 0, ""B0"": 50, ""B1"": 0}",1.0,1.0,"{""A"": ""Transform(Location(x=-9.379645, y=-53.591782, z=8.000000), Rotation(pitch=0.000000, yaw=0.000000, roll=0.000000))"", ""B"": ""Transform(Location(x=5.667011, y=-53.404270, z=8.000000), Rotation(pitch=0.000000, yaw=0.000000, roll=0.000000))""}",
set_independent,contention,free,3000110,completed,5.0,2.634847903973423,1.897642741525939,11.374209541885648,0.0,0.2,0.2,0.18000000000000005,4416,92,46,19,45,0,[],31.436582253081724,34.32081437902526,35.9426710056141,0,"{""A0"": 46, ""A1"": 0, ""B0"": 46, ""B1"": 0}",1.0,1.0,"{""A"": ""Transform(Location(x=-9.379645, y=-53.591782, z=8.000000), Rotation(pitch=0.000000, yaw=0.000000, roll=0.000000))"", ""B"": ""Transform(Location(x=5.667011, y=-53.404270, z=8.000000), Rotation(pitch=0.000000, yaw=0.000000, roll=0.000000))""}",
set_joint,contention,free,3000110,completed,5.0,2.6782251009717584,1.8669080497325696,12.366107852372807,0.0,0.2,0.2,0.040000000000000036,4752,99,81,4,17,0,[],32.215468416688964,33.00584506243468,33.819740056060255,0,"{""A0"": 1, ""A1"": 49, ""B0"": 49, ""B1"": 0}",1.0,1.0,"{""A"": ""Transform(Location(x=-9.379645, y=-53.591782, z=8.000000), Rotation(pitch=0.000000, yaw=0.000000, roll=0.000000))"", ""B"": ""Transform(Location(x=5.667011, y=-53.404270, z=8.000000), Rotation(pitch=0.000000, yaw=0.000000, roll=0.000000))""}",
full_info,contention,free,3000110,completed,5.0,2.613824292086065,1.912905934472571,12.973493068071548,0.0,0.0,0.0,0.0,0,0,0,0,0,0,[],31.36878135264851,33.13524896162563,34.61272595450282,0,"{""A0"": 0, ""A1"": 0, ""B0"": 0, ""B1"": 0}",1.0,1.0,"{""A"": ""Transform(Location(x=-9.379645, y=-53.591782, z=8.000000), Rotation(pitch=0.000000, yaw=0.000000, roll=0.000000))"", ""B"": ""Transform(Location(x=5.667011, y=-53.404270, z=8.000000), Rotation(pitch=0.000000, yaw=0.000000, roll=0.000000))""}",
no_comm,contention,free,4000113,completed,5.0,2.596677234978415,1.9255377343967675,0.06633079523453489,0.0,,5.0,1.0,0,0,0,0,0,0,[],30.90616646804847,33.93737151520327,34.11274391692132,0,"{""A0"": 0, ""A1"": 0, ""B0"": 0, ""B1"": 0}",1.0,1.0,"{""A"": ""Transform(Location(x=-9.379645, y=-53.591782, z=8.000000), Rotation(pitch=0.000000, yaw=0.000000, roll=0.000000))"", ""B"": ""Transform(Location(x=5.667011, y=-53.404270, z=8.000000), Rotation(pitch=0.000000, yaw=0.000000, roll=0.000000))""}",
round_robin,contention,free,4000113,completed,5.0,2.605884757009335,1.9187341215113025,2.429124070345779,0.0,0.30000000000000004,0.30000000000000004,0.43999999999999995,4800,100,42,14,57,0,[],30.719697452150285,32.879237052984536,33.111487980932,0,"{""A0"": 25, ""A1"": 25, ""B0"": 25, ""B1"": 25}",1.0,1.0,"{""A"": ""Transform(Location(x=-9.379645, y=-53.591782, z=8.000000), Rotation(pitch=0.000000, yaw=0.000000, roll=0.000000))"", ""B"": ""Transform(Location(x=5.667011, y=-53.404270, z=8.000000), Rotation(pitch=0.000000, yaw=0.000000, roll=0.000000))""}",
coverage_greedy,contention,free,4000113,completed,5.0,2.5754272519843653,1.9414254454857938,7.002787152363453,0.0,0.30000000000000004,0.30000000000000004,0.33999999999999997,4800,100,44,13,55,0,[],30.963701708242297,33.157310385722674,34.50879699084908,0,"{""A0"": 50, ""A1"": 0, ""B0"": 50, ""B1"": 0}",1.0,1.0,"{""A"": ""Transform(Location(x=-9.379645, y=-53.591782, z=8.000000), Rotation(pitch=0.000000, yaw=0.000000, roll=0.000000))"", ""B"": ""Transform(Location(x=5.667011, y=-53.404270, z=8.000000), Rotation(pitch=0.000000, yaw=0.000000, roll=0.000000))""}",
singleton_voi,contention,free,4000113,completed,5.0,2.569406911963597,1.9459743712524267,7.002787152363453,0.0,0.30000000000000004,0.30000000000000004,0.33999999999999997,4800,100,44,13,55,0,[],29.38067988143302,30.50218564574607,31.51710599195212,0,"{""A0"": 50, ""A1"": 0, ""B0"": 50, ""B1"": 0}",1.0,1.0,"{""A"": ""Transform(Location(x=-9.379645, y=-53.591782, z=8.000000), Rotation(pitch=0.000000, yaw=0.000000, roll=0.000000))"", ""B"": ""Transform(Location(x=5.667011, y=-53.404270, z=8.000000), Rotation(pitch=0.000000, yaw=0.000000, roll=0.000000))""}",
set_independent,contention,free,4000113,completed,5.0,2.5940211969427764,1.927509307130114,11.320784620998893,0.0,0.2,0.2,0.18000000000000005,4416,92,46,14,45,0,[],31.292855099309236,31.97451587533579,33.007776946760714,0,"{""A0"": 47, ""A1"": 0, ""B0"": 45, ""B1"": 0}",1.0,1.0,"{""A"": ""Transform(Location(x=-9.379645, y=-53.591782, z=8.000000), Rotation(pitch=0.000000, yaw=0.000000, roll=0.000000))"", ""B"": ""Transform(Location(x=5.667011, y=-53.404270, z=8.000000), Rotation(pitch=0.000000, yaw=0.000000, roll=0.000000))""}",
set_joint,contention,free,4000113,completed,5.0,2.618173639057204,1.9097281881580948,12.674253791046795,0.0,0.1,0.1,0.020000000000000018,4800,100,85,4,14,0,[],30.917111737653613,32.652021173853434,33.55788590852171,0,"{""A0"": 0, ""A1"": 50, ""B0"": 50, ""B1"": 0}",1.0,1.0,"{""A"": ""Transform(Location(x=-9.379645, y=-53.591782, z=8.000000), Rotation(pitch=0.000000, yaw=0.000000, roll=0.000000))"", ""B"": ""Transform(Location(x=5.667011, y=-53.404270, z=8.000000), Rotation(pitch=0.000000, yaw=0.000000, roll=0.000000))""}",
full_info,contention,free,4000113,completed,5.0,2.5631277890643105,1.9507415983442982,12.973493068071548,0.0,0.0,0.0,0.0,0,0,0,0,0,0,[],30.011750874109566,30.820902420673526,32.280407031066716,0,"{""A0"": 0, ""A1"": 0, ""B0"": 0, ""B1"": 0}",1.0,1.0,"{""A"": ""Transform(Location(x=-9.379645, y=-53.591782, z=8.000000), Rotation(pitch=0.000000, yaw=0.000000, roll=0.000000))"", ""B"": ""Transform(Location(x=5.667011, y=-53.404270, z=8.000000), Rotation(pitch=0.000000, yaw=0.000000, roll=0.000000))""}",
no_comm,contention,hazard_a,118,completed,5.0,2.571123136091046,1.9446754337879153,0.055839614069554955,2.5,,2.5,1.0,0,0,0,0,0,0,[],31.244830979267135,32.3121471144259,32.36660605762154,0,"{""A0"": 0, ""A1"": 0, ""B0"": 0, ""B1"": 0}",0.5,1.0,"{""A"": ""Transform(Location(x=-9.379645, y=-53.591782, z=8.000000), Rotation(pitch=0.000000, yaw=0.000000, roll=0.000000))"", ""B"": ""Transform(Location(x=5.667011, y=-53.404270, z=8.000000), Rotation(pitch=0.000000, yaw=0.000000, roll=0.000000))""}","Transform(Location(x=-9.337365, y=-57.591568, z=-0.060602), Rotation(pitch=0.104154, yaw=0.596642, roll=-0.057526))"
round_robin,contention,hazard_a,118,completed,5.0,2.6571996929123998,1.8816801813339799,0.6748233824637282,2.5,2.7,0.20000000000000018,0.6599999999999999,4800,100,41,19,59,0,[],31.509088585153222,31.905448115430772,31.965257017873228,0,"{""A0"": 25, ""A1"": 25, ""B0"": 25, ""B1"": 25}",0.5,1.0,"{""A"": ""Transform(Location(x=-9.379645, y=-53.591782, z=8.000000), Rotation(pitch=0.000000, yaw=0.000000, roll=0.000000))"", ""B"": ""Transform(Location(x=5.667011, y=-53.404270, z=8.000000), Rotation(pitch=0.000000, yaw=0.000000, roll=0.000000))""}","Transform(Location(x=-9.337365, y=-57.591568, z=-0.060602), Rotation(pitch=0.104154, yaw=0.596642, roll=-0.057526))"
coverage_greedy,contention,hazard_a,118,completed,5.0,2.6330722220009193,1.898922467155272,2.130453838413814,2.5,2.6,0.10000000000000009,0.6599999999999999,4800,100,45,13,55,0,[],30.893834959715605,32.57037029252388,33.54455903172493,0,"{""A0"": 50, ""A1"": 0, ""B0"": 50, ""B1"": 0}",0.5,1.0,"{""A"": ""Transform(Location(x=-9.379645, y=-53.591782, z=8.000000), Rotation(pitch=0.000000, yaw=0.000000, roll=0.000000))"", ""B"": ""Transform(Location(x=5.667011, y=-53.404270, z=8.000000), Rotation(pitch=0.000000, yaw=0.000000, roll=0.000000))""}","Transform(Location(x=-9.337365, y=-57.591568, z=-0.060602), Rotation(pitch=0.104154, yaw=0.596642, roll=-0.057526))"
singleton_voi,contention,hazard_a,118,completed,5.0,2.586139120045118,1.9333840013652357,2.137171289330581,2.5,2.6,0.10000000000000009,0.6599999999999999,4800,100,45,13,55,0,[],30.296953330980614,31.56400645500981,32.80066198203713,0,"{""A0"": 50, ""A1"": 0, ""B0"": 50, ""B1"": 0}",0.5,1.0,"{""A"": ""Transform(Location(x=-9.379645, y=-53.591782, z=8.000000), Rotation(pitch=0.000000, yaw=0.000000, roll=0.000000))"", ""B"": ""Transform(Location(x=5.667011, y=-53.404270, z=8.000000), Rotation(pitch=0.000000, yaw=0.000000, roll=0.000000))""}","Transform(Location(x=-9.337365, y=-57.591568, z=-0.060602), Rotation(pitch=0.104154, yaw=0.596642, roll=-0.057526))"
set_independent,contention,hazard_a,118,completed,5.0,2.6253354910295457,1.9045184956682284,3.8437549742520787,2.5,2.8000000000000003,0.30000000000000027,0.64,4368,91,45,20,45,0,[],30.907134572044015,32.066803905181594,33.151629962958395,0,"{""A0"": 45, ""A1"": 0, ""B0"": 46, ""B1"": 0}",0.5,1.0,"{""A"": ""Transform(Location(x=-9.379645, y=-53.591782, z=8.000000), Rotation(pitch=0.000000, yaw=0.000000, roll=0.000000))"", ""B"": ""Transform(Location(x=5.667011, y=-53.404270, z=8.000000), Rotation(pitch=0.000000, yaw=0.000000, roll=0.000000))""}","Transform(Location(x=-9.337365, y=-57.591568, z=-0.060602), Rotation(pitch=0.104154, yaw=0.596642, roll=-0.057526))"
set_joint,contention,hazard_a,118,completed,5.0,2.5522549389861524,1.959051944076629,4.73330246360274,2.5,2.7,0.20000000000000018,0.54,4752,99,85,4,12,0,[],30.984981154324487,31.64605312747881,32.65259298495948,0,"{""A0"": 1, ""A1"": 49, ""B0"": 49, ""B1"": 0}",0.5,1.0,"{""A"": ""Transform(Location(x=-9.379645, y=-53.591782, z=8.000000), Rotation(pitch=0.000000, yaw=0.000000, roll=0.000000))"", ""B"": ""Transform(Location(x=5.667011, y=-53.404270, z=8.000000), Rotation(pitch=0.000000, yaw=0.000000, roll=0.000000))""}","Transform(Location(x=-9.337365, y=-57.591568, z=-0.060602), Rotation(pitch=0.104154, yaw=0.596642, roll=-0.057526))"
full_info,contention,hazard_a,118,completed,5.0,2.5706138419918716,1.9450607159750173,5.340904776763637,2.5,2.5,0.0,0.5,0,0,0,0,0,0,[],30.99935784121044,31.686848636018112,31.908870907500386,0,"{""A0"": 0, ""A1"": 0, ""B0"": 0, ""B1"": 0}",0.5,1.0,"{""A"": ""Transform(Location(x=-9.379645, y=-53.591782, z=8.000000), Rotation(pitch=0.000000, yaw=0.000000, roll=0.000000))"", ""B"": ""Transform(Location(x=5.667011, y=-53.404270, z=8.000000), Rotation(pitch=0.000000, yaw=0.000000, roll=0.000000))""}","Transform(Location(x=-9.337365, y=-57.591568, z=-0.060602), Rotation(pitch=0.104154, yaw=0.596642, roll=-0.057526))"
no_comm,contention,hazard_a,1000121,completed,5.0,2.571918010013178,1.9440744147105922,0.055839614069554955,2.5,,2.5,1.0,0,0,0,0,0,0,[],31.17166519514285,32.282304934924476,33.65176392253488,0,"{""A0"": 0, ""A1"": 0, ""B0"": 0, ""B1"": 0}",0.5,1.0,"{""A"": ""Transform(Location(x=-9.379645, y=-53.591782, z=8.000000), Rotation(pitch=0.000000, yaw=0.000000, roll=0.000000))"", ""B"": ""Transform(Location(x=5.667011, y=-53.404270, z=8.000000), Rotation(pitch=0.000000, yaw=0.000000, roll=0.000000))""}","Transform(Location(x=-9.337365, y=-57.591568, z=-0.060602), Rotation(pitch=0.104154, yaw=0.596642, roll=-0.057526))"
round_robin,contention,hazard_a,1000121,completed,5.0,2.5122484939638525,1.9902489789578683,1.989956289588008,2.5,3.1,0.6000000000000001,0.72,4800,100,41,14,59,0,[],29.633976676268503,31.19154748506844,31.212785048410296,0,"{""A0"": 25, ""A1"": 25, ""B0"": 25, ""B1"": 25}",0.5,1.0,"{""A"": ""Transform(Location(x=-9.379645, y=-53.591782, z=8.000000), Rotation(pitch=0.000000, yaw=0.000000, roll=0.000000))"", ""B"": ""Transform(Location(x=5.667011, y=-53.404270, z=8.000000), Rotation(pitch=0.000000, yaw=0.000000, roll=0.000000))""}","Transform(Location(x=-9.337365, y=-57.591568, z=-0.060602), Rotation(pitch=0.104154, yaw=0.596642, roll=-0.057526))"
coverage_greedy,contention,hazard_a,1000121,completed,5.0,2.498986559920013,2.000811080856729,2.090401409579499,2.5,2.7,0.20000000000000018,0.64,4800,100,45,14,54,0,[],29.969388525933027,30.976273335982114,31.214104034006596,0,"{""A0"": 50, ""A1"": 0, ""B0"": 50, ""B1"": 0}",0.5,1.0,"{""A"": ""Transform(Location(x=-9.379645, y=-53.591782, z=8.000000), Rotation(pitch=0.000000, yaw=0.000000, roll=0.000000))"", ""B"": ""Transform(Location(x=5.667011, y=-53.404270, z=8.000000), Rotation(pitch=0.000000, yaw=0.000000, roll=0.000000))""}","Transform(Location(x=-9.337365, y=-57.591568, z=-0.060602), Rotation(pitch=0.104154, yaw=0.596642, roll=-0.057526))"
singleton_voi,contention,hazard_a,1000121,completed,5.0,2.515000101062469,1.9880714906881058,2.090401409579499,2.5,2.7,0.20000000000000018,0.64,4800,100,45,14,54,0,[],29.779870354104787,31.467718108324345,33.2778450101614,0,"{""A0"": 50, ""A1"": 0, ""B0"": 50, ""B1"": 0}",0.5,1.0,"{""A"": ""Transform(Location(x=-9.379645, y=-53.591782, z=8.000000), Rotation(pitch=0.000000, yaw=0.000000, roll=0.000000))"", ""B"": ""Transform(Location(x=5.667011, y=-53.404270, z=8.000000), Rotation(pitch=0.000000, yaw=0.000000, roll=0.000000))""}","Transform(Location(x=-9.337365, y=-57.591568, z=-0.060602), Rotation(pitch=0.104154, yaw=0.596642, roll=-0.057526))"
set_independent,contention,hazard_a,1000121,completed,5.0,2.6207465149927884,1.9078533430821938,0.5607936655515005,2.5,2.8000000000000003,0.30000000000000027,0.6599999999999999,4272,89,43,20,45,0,[],31.481138698291034,32.60789584135637,32.918237964622676,0,"{""A0"": 42, ""A1"": 0, ""B0"": 47, ""B1"": 0}",0.5,1.0,"{""A"": ""Transform(Location(x=-9.379645, y=-53.591782, z=8.000000), Rotation(pitch=0.000000, yaw=0.000000, roll=0.000000))"", ""B"": ""Transform(Location(x=5.667011, y=-53.404270, z=8.000000), Rotation(pitch=0.000000, yaw=0.000000, roll=0.000000))""}","Transform(Location(x=-9.337365, y=-57.591568, z=-0.060602), Rotation(pitch=0.104154, yaw=0.596642, roll=-0.057526))"
set_joint,contention,hazard_a,1000121,completed,5.0,2.5923463869839907,1.9287545927907968,5.035628852259833,2.5,2.6,0.10000000000000009,0.52,4752,99,82,4,15,0,[],30.744208209216595,31.729985752608634,32.84005296882242,0,"{""A0"": 1, ""A1"": 49, ""B0"": 49, ""B1"": 0}",0.5,1.0,"{""A"": ""Transform(Location(x=-9.379645, y=-53.591782, z=8.000000), Rotation(pitch=0.000000, yaw=0.000000, roll=0.000000))"", ""B"": ""Transform(Location(x=5.667011, y=-53.404270, z=8.000000), Rotation(pitch=0.000000, yaw=0.000000, roll=0.000000))""}","Transform(Location(x=-9.337365, y=-57.591568, z=-0.060602), Rotation(pitch=0.104154, yaw=0.596642, roll=-0.057526))"
full_info,contention,hazard_a,1000121,completed,5.0,2.6162416819715872,1.9111384221323253,5.340904776763637,2.5,2.5,0.0,0.5,0,0,0,0,0,0,[],31.41212622867897,31.80899746832438,32.155242981389165,0,"{""A0"": 0, ""A1"": 0, ""B0"": 0, ""B1"": 0}",0.5,1.0,"{""A"": ""Transform(Location(x=-9.379645, y=-53.591782, z=8.000000), Rotation(pitch=0.000000, yaw=0.000000, roll=0.000000))"", ""B"": ""Transform(Location(x=5.667011, y=-53.404270, z=8.000000), Rotation(pitch=0.000000, yaw=0.000000, roll=0.000000))""}","Transform(Location(x=-9.337365, y=-57.591568, z=-0.060602), Rotation(pitch=0.104154, yaw=0.596642, roll=-0.057526))"
no_comm,contention,hazard_a,2000124,completed,5.0,2.57178160501644,1.9441775266792287,0.055839614069554955,2.5,,2.5,1.0,0,0,0,0,0,0,[],30.135075125144795,32.17600511503406,32.66863897442818,0,"{""A0"": 0, ""A1"": 0, ""B0"": 0, ""B1"": 0}",0.5,1.0,"{""A"": ""Transform(Location(x=-9.379645, y=-53.591782, z=8.000000), Rotation(pitch=0.000000, yaw=0.000000, roll=0.000000))"", ""B"": ""Transform(Location(x=5.667011, y=-53.404270, z=8.000000), Rotation(pitch=0.000000, yaw=0.000000, roll=0.000000))""}","Transform(Location(x=-9.337365, y=-57.591568, z=-0.060602), Rotation(pitch=0.104154, yaw=0.596642, roll=-0.057526))"
round_robin,contention,hazard_a,2000124,completed,5.0,2.648907665978186,1.8875705122600432,2.222171103639994,2.5,2.8000000000000003,0.30000000000000027,0.72,4800,100,40,17,60,0,[],30.42121773469262,31.499410677934073,32.69362496212125,0,"{""A0"": 25, ""A1"": 25, ""B0"": 25, ""B1"": 25}",0.5,1.0,"{""A"": ""Transform(Location(x=-9.379645, y=-53.591782, z=8.000000), Rotation(pitch=0.000000, yaw=0.000000, roll=0.000000))"", ""B"": ""Transform(Location(x=5.667011, y=-53.404270, z=8.000000), Rotation(pitch=0.000000, yaw=0.000000, roll=0.000000))""}","Transform(Location(x=-9.337365, y=-57.591568, z=-0.060602), Rotation(pitch=0.104154, yaw=0.596642, roll=-0.057526))"
coverage_greedy,contention,hazard_a,2000124,completed,5.0,2.5335713980020955,1.9734987551339038,2.048742235696409,2.5,2.8000000000000003,0.30000000000000027,0.74,4800,100,41,15,59,0,[],30.19064538530074,31.42084084567615,33.77028997056186,0,"{""A0"": 50, ""A1"": 0, ""B0"": 50, ""B1"": 0}",0.5,1.0,"{""A"": ""Transform(Location(x=-9.379645, y=-53.591782, z=8.000000), Rotation(pitch=0.000000, yaw=0.000000, roll=0.000000))"", ""B"": ""Transform(Location(x=5.667011, y=-53.404270, z=8.000000), Rotation(pitch=0.000000, yaw=0.000000, roll=0.000000))""}","Transform(Location(x=-9.337365, y=-57.591568, z=-0.060602), Rotation(pitch=0.104154, yaw=0.596642, roll=-0.057526))"
singleton_voi,contention,hazard_a,2000124,completed,5.0,2.5150894979014993,1.9880008262814588,2.048742235696409,2.5,2.8000000000000003,0.30000000000000027,0.74,4800,100,41,15,59,0,[],30.17097055562772,31.131935796001933,32.46435697656125,0,"{""A0"": 50, ""A1"": 0, ""B0"": 50, ""B1"": 0}",0.5,1.0,"{""A"": ""Transform(Location(x=-9.379645, y=-53.591782, z=8.000000), Rotation(pitch=0.000000, yaw=0.000000, roll=0.000000))"", ""B"": ""Transform(Location(x=5.667011, y=-53.404270, z=8.000000), Rotation(pitch=0.000000, yaw=0.000000, roll=0.000000))""}","Transform(Location(x=-9.337365, y=-57.591568, z=-0.060602), Rotation(pitch=0.104154, yaw=0.596642, roll=-0.057526))"
set_independent,contention,hazard_a,2000124,completed,5.0,2.5968412280781195,1.925416134778644,2.921131977404002,2.5,2.7,0.20000000000000018,0.6599999999999999,4224,88,39,20,48,0,[],31.054625584511086,32.12884351494722,32.260072068311274,0,"{""A0"": 42, ""A1"": 0, ""B0"": 46, ""B1"": 0}",0.5,1.0,"{""A"": ""Transform(Location(x=-9.379645, y=-53.591782, z=8.000000), Rotation(pitch=0.000000, yaw=0.000000, roll=0.000000))"", ""B"": ""Transform(Location(x=5.667011, y=-53.404270, z=8.000000), Rotation(pitch=0.000000, yaw=0.000000, roll=0.000000))""}","Transform(Location(x=-9.337365, y=-57.591568, z=-0.060602), Rotation(pitch=0.104154, yaw=0.596642, roll=-0.057526))"
set_joint,contention,hazard_a,2000124,completed,5.0,2.589466765988618,1.9308994676713211,4.42715660185786,2.5,2.8000000000000003,0.30000000000000027,0.56,4704,98,73,9,23,0,[],30.029474792536348,30.370342265814557,32.777462038211524,0,"{""A0"": 2, ""A1"": 48, ""B0"": 48, ""B1"": 0}",0.5,1.0,"{""A"": ""Transform(Location(x=-9.379645, y=-53.591782, z=8.000000), Rotation(pitch=0.000000, yaw=0.000000, roll=0.000000))"", ""B"": ""Transform(Location(x=5.667011, y=-53.404270, z=8.000000), Rotation(pitch=0.000000, yaw=0.000000, roll=0.000000))""}","Transform(Location(x=-9.337365, y=-57.591568, z=-0.060602), Rotation(pitch=0.104154, yaw=0.596642, roll=-0.057526))"
full_info,contention,hazard_a,2000124,completed,5.0,2.5721267010085285,1.9439166811026474,5.340502192091662,2.5,2.5,0.0,0.5,0,0,0,0,0,0,[],30.668482737382874,31.794728128006682,32.109963009133935,0,"{""A0"": 0, ""A1"": 0, ""B0"": 0, ""B1"": 0}",0.5,1.0,"{""A"": ""Transform(Location(x=-9.379645, y=-53.591782, z=8.000000), Rotation(pitch=0.000000, yaw=0.000000, roll=0.000000))"", ""B"": ""Transform(Location(x=5.667011, y=-53.404270, z=8.000000), Rotation(pitch=0.000000, yaw=0.000000, roll=0.000000))""}","Transform(Location(x=-9.337365, y=-57.591568, z=-0.060602), Rotation(pitch=0.104154, yaw=0.596642, roll=-0.057526))"
no_comm,contention,hazard_a,3000127,completed,5.0,2.571392365032807,1.944471823123037,0.055839614069554955,2.5,,2.5,1.0,0,0,0,0,0,0,[],31.310052872868255,32.24634487531148,32.927552005276084,0,"{""A0"": 0, ""A1"": 0, ""B0"": 0, ""B1"": 0}",0.5,1.0,"{""A"": ""Transform(Location(x=-9.379645, y=-53.591782, z=8.000000), Rotation(pitch=0.000000, yaw=0.000000, roll=0.000000))"", ""B"": ""Transform(Location(x=5.667011, y=-53.404270, z=8.000000), Rotation(pitch=0.000000, yaw=0.000000, roll=0.000000))""}","Transform(Location(x=-9.337365, y=-57.591568, z=-0.060602), Rotation(pitch=0.104154, yaw=0.596642, roll=-0.057526))"
round_robin,contention,hazard_a,3000127,completed,5.0,2.544392170966603,1.9651058736360296,1.3217042065007263,2.5,2.7,0.20000000000000018,0.72,4800,100,41,14,58,0,[],30.100154748652127,32.19914199085906,32.627410953864455,0,"{""A0"": 25, ""A1"": 25, ""B0"": 25, ""B1"": 25}",0.5,1.0,"{""A"": ""Transform(Location(x=-9.379645, y=-53.591782, z=8.000000), Rotation(pitch=0.000000, yaw=0.000000, roll=0.000000))"", ""B"": ""Transform(Location(x=5.667011, y=-53.404270, z=8.000000), Rotation(pitch=0.000000, yaw=0.000000, roll=0.000000))""}","Transform(Location(x=-9.337365, y=-57.591568, z=-0.060602), Rotation(pitch=0.104154, yaw=0.596642, roll=-0.057526))"
coverage_greedy,contention,hazard_a,3000127,completed,5.0,2.5717300419928506,1.9442165073148452,4.283622276794631,2.5,2.7,0.20000000000000018,0.62,4800,100,44,17,55,0,[],30.68687351187691,32.0420679950621,32.42084407247603,0,"{""A0"": 50, ""A1"": 0, ""B0"": 50, ""B1"": 0}",0.5,1.0,"{""A"": ""Transform(Location(x=-9.379645, y=-53.591782, z=8.000000), Rotation(pitch=0.000000, yaw=0.000000, roll=0.000000))"", ""B"": ""Transform(Location(x=5.667011, y=-53.404270, z=8.000000), Rotation(pitch=0.000000, yaw=0.000000, roll=0.000000))""}","Transform(Location(x=-9.337365, y=-57.591568, z=-0.060602), Rotation(pitch=0.104154, yaw=0.596642, roll=-0.057526))"
singleton_voi,contention,hazard_a,3000127,completed,5.0,2.5894559499574825,1.9309075329441683,4.283622276794631,2.5,2.7,0.20000000000000018,0.62,4800,100,44,17,55,0,[],30.67092873388901,33.41065427288413,33.78192300442606,0,"{""A0"": 50, ""A1"": 0, ""B0"": 50, ""B1"": 0}",0.5,1.0,"{""A"": ""Transform(Location(x=-9.379645, y=-53.591782, z=8.000000), Rotation(pitch=0.000000, yaw=0.000000, roll=0.000000))"", ""B"": ""Transform(Location(x=5.667011, y=-53.404270, z=8.000000), Rotation(pitch=0.000000, yaw=0.000000, roll=0.000000))""}","Transform(Location(x=-9.337365, y=-57.591568, z=-0.060602), Rotation(pitch=0.104154, yaw=0.596642, roll=-0.057526))"
set_independent,contention,hazard_a,3000127,completed,5.0,2.616042520967312,1.911283918332945,3.1163671399117447,2.5,2.7,0.20000000000000018,0.6,4368,91,46,20,44,0,[],31.5096479607746,33.70457691256888,34.104523016139865,0,"{""A0"": 46, ""A1"": 0, ""B0"": 45, ""B1"": 0}",0.5,1.0,"{""A"": ""Transform(Location(x=-9.379645, y=-53.591782, z=8.000000), Rotation(pitch=0.000000, yaw=0.000000, roll=0.000000))"", ""B"": ""Transform(Location(x=5.667011, y=-53.404270, z=8.000000), Rotation(pitch=0.000000, yaw=0.000000, roll=0.000000))""}","Transform(Location(x=-9.337365, y=-57.591568, z=-0.060602), Rotation(pitch=0.104154, yaw=0.596642, roll=-0.057526))"
set_joint,contention,hazard_a,3000127,completed,5.0,2.5587929100729525,1.9540463709731974,5.035628852259833,2.5,2.6,0.10000000000000009,0.52,4800,100,84,3,14,0,[],31.285402225330472,31.94324381183833,32.06400398630649,0,"{""A0"": 0, ""A1"": 50, ""B0"": 50, ""B1"": 0}",0.5,1.0,"{""A"": ""Transform(Location(x=-9.379645, y=-53.591782, z=8.000000), Rotation(pitch=0.000000, yaw=0.000000, roll=0.000000))"", ""B"": ""Transform(Location(x=5.667011, y=-53.404270, z=8.000000), Rotation(pitch=0.000000, yaw=0.000000, roll=0.000000))""}","Transform(Location(x=-9.337365, y=-57.591568, z=-0.060602), Rotation(pitch=0.104154, yaw=0.596642, roll=-0.057526))"
full_info,contention,hazard_a,3000127,completed,5.0,2.6290115729207173,1.9018554545369375,5.340904776763637,2.5,2.5,0.0,0.5,0,0,0,0,0,0,[],31.229027174413204,32.282080978620805,33.08685799129307,0,"{""A0"": 0, ""A1"": 0, ""B0"": 0, ""B1"": 0}",0.5,1.0,"{""A"": ""Transform(Location(x=-9.379645, y=-53.591782, z=8.000000), Rotation(pitch=0.000000, yaw=0.000000, roll=0.000000))"", ""B"": ""Transform(Location(x=5.667011, y=-53.404270, z=8.000000), Rotation(pitch=0.000000, yaw=0.000000, roll=0.000000))""}","Transform(Location(x=-9.337365, y=-57.591568, z=-0.060602), Rotation(pitch=0.104154, yaw=0.596642, roll=-0.057526))"
no_comm,contention,hazard_a,4000130,completed,5.0,2.5551311819581315,1.956846691592655,0.055839614069554955,2.5,,2.5,1.0,0,0,0,0,0,0,[],30.535115755628794,32.97306496999227,34.41480395849794,0,"{""A0"": 0, ""A1"": 0, ""B0"": 0, ""B1"": 0}",0.5,1.0,"{""A"": ""Transform(Location(x=-9.379645, y=-53.591782, z=8.000000), Rotation(pitch=0.000000, yaw=0.000000, roll=0.000000))"", ""B"": ""Transform(Location(x=5.667011, y=-53.404270, z=8.000000), Rotation(pitch=0.000000, yaw=0.000000, roll=0.000000))""}","Transform(Location(x=-9.337365, y=-57.591568, z=-0.060602), Rotation(pitch=0.104154, yaw=0.596642, roll=-0.057526))"
round_robin,contention,hazard_a,4000130,completed,5.0,2.501306221005507,1.998955568898732,1.0844442626621458,2.5,2.6,0.10000000000000009,0.74,4800,100,38,18,62,0,[],30.249703233130273,31.939553916454322,33.125073998235166,0,"{""A0"": 25, ""A1"": 25, ""B0"": 25, ""B1"": 25}",0.5,1.0,"{""A"": ""Transform(Location(x=-9.379645, y=-53.591782, z=8.000000), Rotation(pitch=0.000000, yaw=0.000000, roll=0.000000))"", ""B"": ""Transform(Location(x=5.667011, y=-53.404270, z=8.000000), Rotation(pitch=0.000000, yaw=0.000000, roll=0.000000))""}","Transform(Location(x=-9.337365, y=-57.591568, z=-0.060602), Rotation(pitch=0.104154, yaw=0.596642, roll=-0.057526))"
coverage_greedy,contention,hazard_a,4000130,completed,5.0,2.57059290795587,1.9450765558891974,2.8682367625660845,2.5,2.6,0.10000000000000009,0.6599999999999999,4800,100,41,15,59,0,[],30.23975173127837,32.78340402059257,32.82320301514119,0,"{""A0"": 50, ""A1"": 0, ""B0"": 50, ""B1"": 0}",0.5,1.0,"{""A"": ""Transform(Location(x=-9.379645, y=-53.591782, z=8.000000), Rotation(pitch=0.000000, yaw=0.000000, roll=0.000000))"", ""B"": ""Transform(Location(x=5.667011, y=-53.404270, z=8.000000), Rotation(pitch=0.000000, yaw=0.000000, roll=0.000000))""}","Transform(Location(x=-9.337365, y=-57.591568, z=-0.060602), Rotation(pitch=0.104154, yaw=0.596642, roll=-0.057526))"
singleton_voi,contention,hazard_a,4000130,completed,5.0,2.57087516610045,1.944863004602472,2.8682367625660845,2.5,2.6,0.10000000000000009,0.6599999999999999,4800,100,41,15,59,0,[],31.19695335626602,34.263280521845445,34.308385103940964,0,"{""A0"": 50, ""A1"": 0, ""B0"": 50, ""B1"": 0}",0.5,1.0,"{""A"": ""Transform(Location(x=-9.379645, y=-53.591782, z=8.000000), Rotation(pitch=0.000000, yaw=0.000000, roll=0.000000))"", ""B"": ""Transform(Location(x=5.667011, y=-53.404270, z=8.000000), Rotation(pitch=0.000000, yaw=0.000000, roll=0.000000))""}","Transform(Location(x=-9.337365, y=-57.591568, z=-0.060602), Rotation(pitch=0.104154, yaw=0.596642, roll=-0.057526))"
set_independent,contention,hazard_a,4000130,completed,5.0,2.621437780908309,1.9073502474155755,3.685074993467424,2.5,2.7,0.20000000000000018,0.62,4176,87,40,21,46,0,[],31.14858045009896,33.428670433349915,34.50127295218408,0,"{""A0"": 42, ""A1"": 0, ""B0"": 45, ""B1"": 0}",0.5,1.0,"{""A"": ""Transform(Location(x=-9.379645, y=-53.591782, z=8.000000), Rotation(pitch=0.000000, yaw=0.000000, roll=0.000000))"", ""B"": ""Transform(Location(x=5.667011, y=-53.404270, z=8.000000), Rotation(pitch=0.000000, yaw=0.000000, roll=0.000000))""}","Transform(Location(x=-9.337365, y=-57.591568, z=-0.060602), Rotation(pitch=0.104154, yaw=0.596642, roll=-0.057526))"
set_joint,contention,hazard_a,4000130,completed,5.0,2.5304794689873233,1.9759101234680074,4.6081865095184185,2.5,2.6,0.10000000000000009,0.54,4752,99,85,5,14,0,[],30.172255280194804,30.86262548691594,32.97148295678198,0,"{""A0"": 1, ""A1"": 49, ""B0"": 49, ""B1"": 0}",0.5,1.0,"{""A"": ""Transform(Location(x=-9.379645, y=-53.591782, z=8.000000), Rotation(pitch=0.000000, yaw=0.000000, roll=0.000000))"", ""B"": ""Transform(Location(x=5.667011, y=-53.404270, z=8.000000), Rotation(pitch=0.000000, yaw=0.000000, roll=0.000000))""}","Transform(Location(x=-9.337365, y=-57.591568, z=-0.060602), Rotation(pitch=0.104154, yaw=0.596642, roll=-0.057526))"
full_info,contention,hazard_a,4000130,completed,5.0,2.563037396990694,1.9508103962394716,5.340904776763637,2.5,2.5,0.0,0.5,0,0,0,0,0,0,[],30.898829794023186,33.53946256800555,34.17806595098227,0,"{""A0"": 0, ""A1"": 0, ""B0"": 0, ""B1"": 0}",0.5,1.0,"{""A"": ""Transform(Location(x=-9.379645, y=-53.591782, z=8.000000), Rotation(pitch=0.000000, yaw=0.000000, roll=0.000000))"", ""B"": ""Transform(Location(x=5.667011, y=-53.404270, z=8.000000), Rotation(pitch=0.000000, yaw=0.000000, roll=0.000000))""}","Transform(Location(x=-9.337365, y=-57.591568, z=-0.060602), Rotation(pitch=0.104154, yaw=0.596642, roll=-0.057526))"
