id,location,target,mode,initial,ackermann_settings,box_x,box_y,box_offset_x,box_offset_y,rows,collisions,events
loc0_v0.5_ackermann,0,0.5,ackermann,"{""frame"": 4151, ""timestamp"": 20.729895006865263, ""x"": -24.336334228515625, ""y"": -57.78569793701172, ""z"": -0.006502113305032253, ""yaw"": 0.5967351198196411, ""vx"": 8.721686026547104e-05, ""vy"": 0.00042703974759206176, ""vz"": 0.0024753189645707607, ""speed"": 0.0004358551671576907}","{""speed_kp"": 0.15000000596046448, ""speed_ki"": 0.0, ""speed_kd"": 0.25, ""accel_kp"": 0.009999999776482582, ""accel_ki"": 0.0, ""accel_kd"": 0.009999999776482582}",1.852684736251831,0.8943392634391785,1.118472937378101e-06,0.00034180376678705215,200,0,[]
loc0_v0.5_relay,0,0.5,relay,"{""frame"": 4372, ""timestamp"": 31.779895171523094, ""x"": -24.336334228515625, ""y"": -57.78569793701172, ""z"": -0.006502113305032253, ""yaw"": 0.5967351198196411, ""vx"": 8.721686026547104e-05, ""vy"": 0.00042703974759206176, ""vz"": 0.0024753189645707607, ""speed"": 0.0004358551671576907}","{""speed_kp"": 0.15000000596046448, ""speed_ki"": 0.0, ""speed_kd"": 0.25, ""accel_kp"": 0.009999999776482582, ""accel_ki"": 0.0, ""accel_kd"": 0.009999999776482582}",1.852684736251831,0.8943392634391785,1.118472937378101e-06,0.00034180376678705215,200,0,[]
loc0_v1.0_ackermann,0,1.0,ackermann,"{""frame"": 4593, ""timestamp"": 42.829895336180925, ""x"": -24.336334228515625, ""y"": -57.78569793701172, ""z"": -0.006502113305032253, ""yaw"": 0.5967351198196411, ""vx"": 8.721686026547104e-05, ""vy"": 0.00042703974759206176, ""vz"": 0.0024753189645707607, ""speed"": 0.0004358551671576907}","{""speed_kp"": 0.15000000596046448, ""speed_ki"": 0.0, ""speed_kd"": 0.25, ""accel_kp"": 0.009999999776482582, ""accel_ki"": 0.0, ""accel_kd"": 0.009999999776482582}",1.852684736251831,0.8943392634391785,1.118472937378101e-06,0.00034180376678705215,200,0,[]
loc0_v1.0_relay,0,1.0,relay,"{""frame"": 4814, ""timestamp"": 53.87989550083876, ""x"": -24.336334228515625, ""y"": -57.78569793701172, ""z"": -0.006502113305032253, ""yaw"": 0.5967351198196411, ""vx"": 8.721686026547104e-05, ""vy"": 0.00042703974759206176, ""vz"": 0.0024753189645707607, ""speed"": 0.0004358551671576907}","{""speed_kp"": 0.15000000596046448, ""speed_ki"": 0.0, ""speed_kd"": 0.25, ""accel_kp"": 0.009999999776482582, ""accel_ki"": 0.0, ""accel_kd"": 0.009999999776482582}",1.852684736251831,0.8943392634391785,1.118472937378101e-06,0.00034180376678705215,200,0,[]
loc1_v0.5_ackermann,1,0.5,ackermann,"{""frame"": 5035, ""timestamp"": 64.92989566549659, ""x"": 53.12228012084961, ""y"": 133.94671630859375, ""z"": -0.006497649941593409, ""yaw"": -179.67953491210938, ""vx"": -7.596634532092139e-05, ""vy"": -0.0003776216472033411, ""vz"": 0.0024034595116972923, ""speed"": 0.00038518695987530796}","{""speed_kp"": 0.15000000596046448, ""speed_ki"": 0.0, ""speed_kd"": 0.25, ""accel_kp"": 0.009999999776482582, ""accel_ki"": 0.0, ""accel_kd"": 0.009999999776482582}",1.852684736251831,0.8943392634391785,1.9116830571874743e-06,0.00034179133945144713,200,0,[]
loc1_v0.5_relay,1,0.5,relay,"{""frame"": 5256, ""timestamp"": 75.97989583015442, ""x"": 53.12228012084961, ""y"": 133.94671630859375, ""z"": -0.006497649941593409, ""yaw"": -179.67953491210938, ""vx"": -7.596634532092139e-05, ""vy"": -0.0003776216472033411, ""vz"": 0.0024034595116972923, ""speed"": 0.00038518695987530796}","{""speed_kp"": 0.15000000596046448, ""speed_ki"": 0.0, ""speed_kd"": 0.25, ""accel_kp"": 0.009999999776482582, ""accel_ki"": 0.0, ""accel_kd"": 0.009999999776482582}",1.852684736251831,0.8943392634391785,1.9116830571874743e-06,0.00034179133945144713,200,0,[]
loc1_v1.0_ackermann,1,1.0,ackermann,"{""frame"": 5477, ""timestamp"": 87.02989599481225, ""x"": 53.12228012084961, ""y"": 133.94671630859375, ""z"": -0.006497649941593409, ""yaw"": -179.67953491210938, ""vx"": -7.596634532092139e-05, ""vy"": -0.0003776216472033411, ""vz"": 0.0024034595116972923, ""speed"": 0.00038518695987530796}","{""speed_kp"": 0.15000000596046448, ""speed_ki"": 0.0, ""speed_kd"": 0.25, ""accel_kp"": 0.009999999776482582, ""accel_ki"": 0.0, ""accel_kd"": 0.009999999776482582}",1.852684736251831,0.8943392634391785,1.9116830571874743e-06,0.00034179133945144713,200,0,[]
loc1_v1.0_relay,1,1.0,relay,"{""frame"": 5698, ""timestamp"": 98.07989615947008, ""x"": 53.12228012084961, ""y"": 133.94671630859375, ""z"": -0.006497649941593409, ""yaw"": -179.67953491210938, ""vx"": -7.596634532092139e-05, ""vy"": -0.0003776216472033411, ""vz"": 0.0024034595116972923, ""speed"": 0.00038518695987530796}","{""speed_kp"": 0.15000000596046448, ""speed_ki"": 0.0, ""speed_kd"": 0.25, ""accel_kp"": 0.009999999776482582, ""accel_ki"": 0.0, ""accel_kd"": 0.009999999776482582}",1.852684736251831,0.8943392634391785,1.9116830571874743e-06,0.00034179133945144713,200,0,[]
loc2_v0.5_ackermann,2,0.5,ackermann,"{""frame"": 5919, ""timestamp"": 109.12989632412791, ""x"": 55.541839599609375, ""y"": 130.4601593017578, ""z"": -0.006497649941593409, ""yaw"": -179.67953491210938, ""vx"": -7.596634532092139e-05, ""vy"": -0.0003776216472033411, ""vz"": 0.0024034595116972923, ""speed"": 0.00038518695987530796}","{""speed_kp"": 0.15000000596046448, ""speed_ki"": 0.0, ""speed_kd"": 0.25, ""accel_kp"": 0.009999999776482582, ""accel_ki"": 0.0, ""accel_kd"": 0.009999999776482582}",1.852684736251831,0.8943392634391785,1.9116830571874743e-06,0.00034179133945144713,200,0,[]
loc2_v0.5_relay,2,0.5,relay,"{""frame"": 6140, ""timestamp"": 120.17989648878574, ""x"": 55.541839599609375, ""y"": 130.4601593017578, ""z"": -0.006497649941593409, ""yaw"": -179.67953491210938, ""vx"": -7.596634532092139e-05, ""vy"": -0.0003776216472033411, ""vz"": 0.0024034595116972923, ""speed"": 0.00038518695987530796}","{""speed_kp"": 0.15000000596046448, ""speed_ki"": 0.0, ""speed_kd"": 0.25, ""accel_kp"": 0.009999999776482582, ""accel_ki"": 0.0, ""accel_kd"": 0.009999999776482582}",1.852684736251831,0.8943392634391785,1.9116830571874743e-06,0.00034179133945144713,200,0,[]
loc2_v1.0_ackermann,2,1.0,ackermann,"{""frame"": 6361, ""timestamp"": 131.22989665344357, ""x"": 55.541839599609375, ""y"": 130.4601593017578, ""z"": -0.006497649941593409, ""yaw"": -179.67953491210938, ""vx"": -7.596634532092139e-05, ""vy"": -0.0003776216472033411, ""vz"": 0.0024034595116972923, ""speed"": 0.00038518695987530796}","{""speed_kp"": 0.15000000596046448, ""speed_ki"": 0.0, ""speed_kd"": 0.25, ""accel_kp"": 0.009999999776482582, ""accel_ki"": 0.0, ""accel_kd"": 0.009999999776482582}",1.852684736251831,0.8943392634391785,1.9116830571874743e-06,0.00034179133945144713,200,0,[]
loc2_v1.0_relay,2,1.0,relay,"{""frame"": 6582, ""timestamp"": 142.2798968181014, ""x"": 55.541839599609375, ""y"": 130.4601593017578, ""z"": -0.006497649941593409, ""yaw"": -179.67953491210938, ""vx"": -7.596634532092139e-05, ""vy"": -0.0003776216472033411, ""vz"": 0.0024034595116972923, ""speed"": 0.00038518695987530796}","{""speed_kp"": 0.15000000596046448, ""speed_ki"": 0.0, ""speed_kd"": 0.25, ""accel_kp"": 0.009999999776482582, ""accel_ki"": 0.0, ""accel_kd"": 0.009999999776482582}",1.852684736251831,0.8943392634391785,1.9116830571874743e-06,0.00034179133945144713,200,0,[]
