id,repeat,target,brake,target_reached,initial,box_x,box_y,box_z,rows,collisions,events
r0_v0.5_b0.3,0,0.5,0.3,True,"{""x"": -24.336334228515625, ""y"": -57.78569793701172, ""z"": -0.006502113305032253, ""yaw"": 0.5967351198196411, ""vx"": 8.721686026547104e-05, ""vy"": 0.00042703974759206176, ""vz"": 0.0024753189645707607, ""speed"": 0.0004358551671576907}",1.852684736251831,0.8943392634391785,0.7745251059532166,104,0,[]
r0_v0.5_b0.5,0,0.5,0.5,True,"{""x"": -24.336334228515625, ""y"": -57.78569793701172, ""z"": -0.006502113305032253, ""yaw"": 0.5967351198196411, ""vx"": 8.721686026547104e-05, ""vy"": 0.00042703974759206176, ""vz"": 0.0024753189645707607, ""speed"": 0.0004358551671576907}",1.852684736251831,0.8943392634391785,0.7745251059532166,104,0,[]
r0_v0.5_b0.8,0,0.5,0.8,True,"{""x"": -24.336334228515625, ""y"": -57.78569793701172, ""z"": -0.006502113305032253, ""yaw"": 0.5967351198196411, ""vx"": 8.721686026547104e-05, ""vy"": 0.00042703974759206176, ""vz"": 0.0024753189645707607, ""speed"": 0.0004358551671576907}",1.852684736251831,0.8943392634391785,0.7745251059532166,104,0,[]
r0_v1.0_b0.3,0,1.0,0.3,True,"{""x"": -24.336334228515625, ""y"": -57.78569793701172, ""z"": -0.006502113305032253, ""yaw"": 0.5967351198196411, ""vx"": 8.721686026547104e-05, ""vy"": 0.00042703974759206176, ""vz"": 0.0024753189645707607, ""speed"": 0.0004358551671576907}",1.852684736251831,0.8943392634391785,0.7745251059532166,105,0,[]
r0_v1.0_b0.5,0,1.0,0.5,True,"{""x"": -24.336334228515625, ""y"": -57.78569793701172, ""z"": -0.006502113305032253, ""yaw"": 0.5967351198196411, ""vx"": 8.721686026547104e-05, ""vy"": 0.00042703974759206176, ""vz"": 0.0024753189645707607, ""speed"": 0.0004358551671576907}",1.852684736251831,0.8943392634391785,0.7745251059532166,105,0,[]
r0_v1.0_b0.8,0,1.0,0.8,True,"{""x"": -24.336334228515625, ""y"": -57.78569793701172, ""z"": -0.006502113305032253, ""yaw"": 0.5967351198196411, ""vx"": 8.721686026547104e-05, ""vy"": 0.00042703974759206176, ""vz"": 0.0024753189645707607, ""speed"": 0.0004358551671576907}",1.852684736251831,0.8943392634391785,0.7745251059532166,105,0,[]
r0_v2.0_b0.3,0,2.0,0.3,False,"{""x"": -24.336334228515625, ""y"": -57.78569793701172, ""z"": -0.006502113305032253, ""yaw"": 0.5967351198196411, ""vx"": 8.721686026547104e-05, ""vy"": 0.00042703974759206176, ""vz"": 0.0024753189645707607, ""speed"": 0.0004358551671576907}",1.852684736251831,0.8943392634391785,0.7745251059532166,160,0,[]
r0_v2.0_b0.5,0,2.0,0.5,False,"{""x"": -24.336334228515625, ""y"": -57.78569793701172, ""z"": -0.006502113305032253, ""yaw"": 0.5967351198196411, ""vx"": 8.721686026547104e-05, ""vy"": 0.00042703974759206176, ""vz"": 0.0024753189645707607, ""speed"": 0.0004358551671576907}",1.852684736251831,0.8943392634391785,0.7745251059532166,160,0,[]
r0_v2.0_b0.8,0,2.0,0.8,False,"{""x"": -24.336334228515625, ""y"": -57.78569793701172, ""z"": -0.006502113305032253, ""yaw"": 0.5967351198196411, ""vx"": 8.721686026547104e-05, ""vy"": 0.00042703974759206176, ""vz"": 0.0024753189645707607, ""speed"": 0.0004358551671576907}",1.852684736251831,0.8943392634391785,0.7745251059532166,160,0,[]
r1_v0.5_b0.3,1,0.5,0.3,True,"{""x"": -24.336334228515625, ""y"": -57.78569793701172, ""z"": -0.006502113305032253, ""yaw"": 0.5967351198196411, ""vx"": 8.721686026547104e-05, ""vy"": 0.00042703974759206176, ""vz"": 0.0024753189645707607, ""speed"": 0.0004358551671576907}",1.852684736251831,0.8943392634391785,0.7745251059532166,104,0,[]
r1_v0.5_b0.5,1,0.5,0.5,True,"{""x"": -24.336334228515625, ""y"": -57.78569793701172, ""z"": -0.006502113305032253, ""yaw"": 0.5967351198196411, ""vx"": 8.721686026547104e-05, ""vy"": 0.00042703974759206176, ""vz"": 0.0024753189645707607, ""speed"": 0.0004358551671576907}",1.852684736251831,0.8943392634391785,0.7745251059532166,104,0,[]
r1_v0.5_b0.8,1,0.5,0.8,True,"{""x"": -24.336334228515625, ""y"": -57.78569793701172, ""z"": -0.006502113305032253, ""yaw"": 0.5967351198196411, ""vx"": 8.721686026547104e-05, ""vy"": 0.00042703974759206176, ""vz"": 0.0024753189645707607, ""speed"": 0.0004358551671576907}",1.852684736251831,0.8943392634391785,0.7745251059532166,104,0,[]
r1_v1.0_b0.3,1,1.0,0.3,True,"{""x"": -24.336334228515625, ""y"": -57.78569793701172, ""z"": -0.006502113305032253, ""yaw"": 0.5967351198196411, ""vx"": 8.721686026547104e-05, ""vy"": 0.00042703974759206176, ""vz"": 0.0024753189645707607, ""speed"": 0.0004358551671576907}",1.852684736251831,0.8943392634391785,0.7745251059532166,105,0,[]
r1_v1.0_b0.5,1,1.0,0.5,True,"{""x"": -24.336334228515625, ""y"": -57.78569793701172, ""z"": -0.006502113305032253, ""yaw"": 0.5967351198196411, ""vx"": 8.721686026547104e-05, ""vy"": 0.00042703974759206176, ""vz"": 0.0024753189645707607, ""speed"": 0.0004358551671576907}",1.852684736251831,0.8943392634391785,0.7745251059532166,105,0,[]
r1_v1.0_b0.8,1,1.0,0.8,True,"{""x"": -24.336334228515625, ""y"": -57.78569793701172, ""z"": -0.006502113305032253, ""yaw"": 0.5967351198196411, ""vx"": 8.721686026547104e-05, ""vy"": 0.00042703974759206176, ""vz"": 0.0024753189645707607, ""speed"": 0.0004358551671576907}",1.852684736251831,0.8943392634391785,0.7745251059532166,105,0,[]
r1_v2.0_b0.3,1,2.0,0.3,False,"{""x"": -24.336334228515625, ""y"": -57.78569793701172, ""z"": -0.006502113305032253, ""yaw"": 0.5967351198196411, ""vx"": 8.721686026547104e-05, ""vy"": 0.00042703974759206176, ""vz"": 0.0024753189645707607, ""speed"": 0.0004358551671576907}",1.852684736251831,0.8943392634391785,0.7745251059532166,160,0,[]
r1_v2.0_b0.5,1,2.0,0.5,False,"{""x"": -24.336334228515625, ""y"": -57.78569793701172, ""z"": -0.006502113305032253, ""yaw"": 0.5967351198196411, ""vx"": 8.721686026547104e-05, ""vy"": 0.00042703974759206176, ""vz"": 0.0024753189645707607, ""speed"": 0.0004358551671576907}",1.852684736251831,0.8943392634391785,0.7745251059532166,160,0,[]
r1_v2.0_b0.8,1,2.0,0.8,False,"{""x"": -24.336334228515625, ""y"": -57.78569793701172, ""z"": -0.006502113305032253, ""yaw"": 0.5967351198196411, ""vx"": 8.721686026547104e-05, ""vy"": 0.00042703974759206176, ""vz"": 0.0024753189645707607, ""speed"": 0.0004358551671576907}",1.852684736251831,0.8943392634391785,0.7745251059532166,160,0,[]
