id,cloud,speed,horizon,bootstrap,direct_coverage,packet_valid,compression_failure,packet_bytes,direct_ms,source_ms,receiver_ms,modeled_age_without_acquisition,action_to_stop_s,gate_without_acquisition
base_0_far_00_v0.0_h0.2_prior0,base_0_far_00,0.0,0.2,False,False,False,False,0,44.404468999999835,32.94107199999985,0.0008049999991044388,0.05294187699999896,0.16220640774999923,False
base_0_far_00_v0.0_h0.2_prior1,base_0_far_00,0.0,0.2,True,False,False,False,0,21.31618599999996,24.898374999999362,0.000727000001532474,0.0448991020000009,0.15617432650000068,False
base_0_far_00_v0.0_h0.4_prior0,base_0_far_00,0.0,0.4,False,False,False,False,0,50.941594999999396,52.07335500000099,0.0009389999995335074,0.07207429400000052,0.1765557205000004,False
base_0_far_00_v0.0_h0.4_prior1,base_0_far_00,0.0,0.4,True,False,False,False,0,39.32942899999858,49.999147999999494,0.000926999998540623,0.07000007499999804,0.17500005624999854,False
base_0_far_00_v0.0_h0.6_prior0,base_0_far_00,0.0,0.6,False,False,False,False,0,92.1878300000003,102.64868100000157,0.0016030000011824086,0.12265028400000276,0.21448771300000208,False
base_0_far_00_v0.0_h0.6_prior1,base_0_far_00,0.0,0.6,True,False,False,False,0,95.14631999999956,123.09374499999848,0.0013029999994529362,0.14309504799999792,0.22982128599999846,False
base_0_far_00_v0.5_h0.2_prior0,base_0_far_00,0.5,0.2,False,False,False,False,0,37.394386999999085,37.46405999999958,0.0008779999998154153,0.057464937999999396,0.29059870349999956,False
base_0_far_00_v0.5_h0.2_prior1,base_0_far_00,0.5,0.2,True,False,False,False,0,21.38104800000029,31.311661000000157,0.0007399999990553852,0.051312400999999216,0.2859843007499994,False
base_0_far_00_v0.5_h0.4_prior0,base_0_far_00,0.5,0.4,False,False,False,False,0,57.72041900000069,60.86772100000104,0.0008189999984864471,0.08086853999999953,0.30815140499999966,False
base_0_far_00_v0.5_h0.4_prior1,base_0_far_00,0.5,0.4,True,False,False,False,0,44.54205200000061,59.18452200000068,0.0006169999995364606,0.07918513900000022,0.3068888542500002,False
base_0_far_00_v0.5_h0.6_prior0,base_0_far_00,0.5,0.6,False,False,False,False,0,111.47692499999984,126.25066700000076,0.0012709999985816012,0.14625193799999933,0.3571889534999995,False
base_0_far_00_v0.5_h0.6_prior1,base_0_far_00,0.5,0.6,True,False,False,False,0,104.64697899999997,128.2894970000008,0.000941000001475345,0.14829043800000224,0.35871782850000167,False
base_0_far_00_v1.0_h0.2_prior0,base_0_far_00,1.0,0.2,False,False,False,False,0,37.97393800000037,38.043939999999665,0.0008160000000145828,0.058044755999999684,0.41603356699999977,False
base_0_far_00_v1.0_h0.2_prior1,base_0_far_00,1.0,0.2,True,False,False,False,0,22.596760999999077,31.083131999999125,0.0005610000002320703,0.05108369299999936,0.41081276974999953,False
base_0_far_00_v1.0_h0.4_prior0,base_0_far_00,1.0,0.4,False,False,False,False,0,61.503392000000545,65.60089799999957,0.0008660000005988877,0.08560176400000018,0.43670132300000014,False
base_0_far_00_v1.0_h0.4_prior1,base_0_far_00,1.0,0.4,True,False,False,False,0,50.38713099999903,66.12466099999992,0.0006520000006560167,0.08612531300000058,0.43709398475000044,False
base_0_far_00_v1.0_h0.6_prior0,base_0_far_00,1.0,0.6,False,False,False,False,0,126.94983799999981,125.55554099999888,0.0010970000001719882,0.14555663799999904,0.4816674784999993,False
base_0_far_00_v1.0_h0.6_prior1,base_0_far_00,1.0,0.6,True,False,False,False,0,110.82383699999987,128.18088700000095,0.0010209999992127905,0.14818190800000014,0.4836364310000001,False
base_0_free_00_v0.0_h0.2_prior0,base_0_free_00,0.0,0.2,False,False,False,False,0,25.026069000000817,43.15878299999909,0.0006069999987090569,0.0631593899999978,0.16986954249999836,False
base_0_free_00_v0.0_h0.2_prior1,base_0_free_00,0.0,0.2,True,False,False,False,0,20.88498899999891,33.894092999998904,0.0006570000010697186,0.05389474999999998,0.1629210625,False
base_0_free_00_v0.0_h0.4_prior0,base_0_free_00,0.0,0.4,False,False,False,False,0,54.919741000000855,63.91827099999858,0.0009550000008573534,0.08391922599999944,0.1854394194999996,False
base_0_free_00_v0.0_h0.4_prior1,base_0_free_00,0.0,0.4,True,False,False,False,0,51.14677699999959,62.530943000000505,0.0007380000006662613,0.08253168100000118,0.1843987607500009,False
base_0_free_00_v0.0_h0.6_prior0,base_0_free_00,0.0,0.6,False,False,False,False,0,107.37996599999988,108.32604400000001,0.0009209999998205376,0.12832696499999982,0.21874522374999988,False
base_0_free_00_v0.0_h0.6_prior1,base_0_free_00,0.0,0.6,True,False,False,False,0,103.09235399999928,109.63707999999883,0.0010659999993833935,0.1296381459999982,0.21972860949999867,False
base_0_free_00_v0.5_h0.2_prior0,base_0_free_00,0.5,0.2,False,False,False,False,0,26.09915300000054,36.16826199999856,0.0009420000015580854,0.056169204000000125,0.2896269030000001,False
base_0_free_00_v0.5_h0.2_prior1,base_0_free_00,0.5,0.2,True,False,False,False,0,21.94234699999953,30.583203000000836,0.0005040000008449397,0.050583707000001685,0.28543778025000127,False
base_0_free_00_v0.5_h0.4_prior0,base_0_free_00,0.5,0.4,False,False,False,False,0,55.303928000000724,70.36013099999927,0.001316000000528561,0.0903614469999998,0.31527108524999986,False
base_0_free_00_v0.5_h0.4_prior1,base_0_free_00,0.5,0.4,True,False,False,False,0,55.63744100000001,67.34363999999893,0.0007990000021607102,0.08734443900000109,0.3130083292500008,False
base_0_free_00_v0.5_h0.6_prior0,base_0_free_00,0.5,0.6,False,False,False,False,0,112.37292899999929,100.32669699999985,0.0008730000011780703,0.12032757000000104,0.3377456775000008,False
base_0_free_00_v0.5_h0.6_prior1,base_0_free_00,0.5,0.6,True,False,False,False,0,92.27737799999858,92.76471500000127,0.00094600000011269,0.11276566100000139,0.33207424575000105,False
base_0_free_00_v1.0_h0.2_prior0,base_0_free_00,1.0,0.2,False,False,False,False,0,20.51335700000223,29.0756899999991,0.0005800000018041374,0.04907627000000091,0.4093072025000007,False
base_0_free_00_v1.0_h0.2_prior1,base_0_free_00,1.0,0.2,True,False,False,False,0,17.427143000002587,25.54393600000182,0.0004240000031074942,0.04554436000000493,0.4066582700000037,False
base_0_free_00_v1.0_h0.4_prior0,base_0_free_00,1.0,0.4,False,False,False,False,0,44.249380000000116,51.652843999999476,0.0009439999999472093,0.07165378799999943,0.4262403409999996,False
base_0_free_00_v1.0_h0.4_prior1,base_0_free_00,1.0,0.4,True,False,False,False,0,41.44137500000156,48.77051500000107,0.0008069999992699195,0.06877132200000034,0.42407849150000027,False
base_0_free_00_v1.0_h0.6_prior0,base_0_free_00,1.0,0.6,False,False,False,False,0,88.47051800000116,93.84872000000044,0.0008740000012608107,0.1138495940000017,0.4578871955000013,False
base_0_free_00_v1.0_h0.6_prior1,base_0_free_00,1.0,0.6,True,False,False,False,0,86.69777999999795,93.98854599999851,0.0015389999994397385,0.11399008499999795,0.45799256374999847,False
base_0_near_00_v0.0_h0.2_prior0,base_0_near_00,0.0,0.2,False,False,False,False,0,29.062521000000174,35.570305000000246,0.0005989999998234907,0.055570904000000074,0.16417817800000006,False
base_0_near_00_v0.0_h0.2_prior1,base_0_near_00,0.0,0.2,True,False,False,False,0,15.896962999999431,25.550675000001632,0.00043000000005122274,0.04555110500000169,0.15666332875000127,False
base_0_near_00_v0.0_h0.4_prior0,base_0_near_00,0.0,0.4,False,False,False,False,0,53.21688100000088,59.06703699999838,0.0008279999974547536,0.07906786499999584,0.1818008987499969,False
base_0_near_00_v0.0_h0.4_prior1,base_0_near_00,0.0,0.4,True,False,False,False,0,39.33055499999938,46.34724099999943,0.0009680000019329782,0.06634820900000137,0.17226115675000103,False
base_0_near_00_v0.0_h0.6_prior0,base_0_near_00,0.0,0.6,False,False,False,False,0,90.171097999999,100.16955200000055,0.0011159999999676984,0.12017066800000052,0.2126280010000004,False
base_0_near_00_v0.0_h0.6_prior1,base_0_near_00,0.0,0.6,True,False,False,False,0,78.46760700000033,89.96736099999936,0.001089000001286422,0.10996845000000065,0.2049763375000005,False
base_0_near_00_v0.5_h0.2_prior0,base_0_near_00,0.5,0.2,False,False,False,False,0,28.663515000001638,37.34904999999955,0.0004219999993892998,0.057349471999998944,0.2905121039999992,False
base_0_near_00_v0.5_h0.2_prior1,base_0_near_00,0.5,0.2,True,False,False,False,0,17.209876999999096,26.291290999999717,0.00045700000228521276,0.046291748000002006,0.2822188110000015,False
base_0_near_00_v0.5_h0.4_prior0,base_0_near_00,0.5,0.4,False,False,False,False,0,52.165496000000644,60.48788700000074,0.0009319999989543248,0.0804888189999997,0.3078666142499998,False
base_0_near_00_v0.5_h0.4_prior1,base_0_near_00,0.5,0.4,True,False,False,False,0,44.4840769999999,48.792827999999844,0.0006230000018092596,0.06879345100000166,0.29909508825000125,False
base_0_near_00_v0.5_h0.6_prior0,base_0_near_00,0.5,0.6,False,False,False,False,0,97.17438399999878,102.40486600000054,0.000962000001436536,0.12240582800000198,0.3393043710000015,False
base_0_near_00_v0.5_h0.6_prior1,base_0_near_00,0.5,0.6,True,False,False,False,0,83.50783999999933,93.86081499999932,0.001033000000205675,0.11386184799999953,0.33289638599999966,False
base_0_near_00_v1.0_h0.2_prior0,base_0_near_00,1.0,0.2,False,False,False,False,0,30.2781089999975,38.530873999999216,0.000757999998768355,0.05853163199999799,0.4163987239999985,False
base_0_near_00_v1.0_h0.2_prior1,base_0_near_00,1.0,0.2,True,False,False,False,0,17.373600999999184,26.237708000000026,0.0005670000007285125,0.04623827500000076,0.4071787062500006,False
base_0_near_00_v1.0_h0.4_prior0,base_0_near_00,1.0,0.4,False,False,False,False,0,50.943610000000916,59.955009999999476,0.0010060000015243986,0.079956016000001,0.43246701200000076,False
base_0_near_00_v1.0_h0.4_prior1,base_0_near_00,1.0,0.4,True,False,False,False,0,40.859387999997665,49.00090099999943,0.0007169999989287135,0.06900161799999836,0.4242512134999988,False
base_0_near_00_v1.0_h0.6_prior0,base_0_near_00,1.0,0.6,False,False,False,False,0,95.89352300000087,109.09108999999972,0.0012689999984161204,0.12909235899999813,0.4693192692499986,False
base_0_near_00_v1.0_h0.6_prior1,base_0_near_00,1.0,0.6,True,False,False,False,0,86.28228300000274,94.54604900000163,0.0011579999998900803,0.11454720700000152,0.45841040525000115,False
base_1_far_00_v0.0_h0.2_prior0,base_1_far_00,0.0,0.2,False,False,False,False,0,50.002831999997,47.098648000002186,0.0004499999981533165,0.06709909800000034,0.17282432350000027,False
base_1_far_00_v0.0_h0.2_prior1,base_1_far_00,0.0,0.2,True,False,False,False,0,30.121792000002756,39.09291099999734,0.0003819999996323986,0.05909329299999698,0.16681996974999774,False
base_1_far_00_v0.0_h0.4_prior0,base_1_far_00,0.0,0.4,False,False,False,False,0,84.27623600000089,82.50433299999926,0.0008969999996111255,0.10250522999999888,0.19937892249999917,False
base_1_far_00_v0.0_h0.4_prior1,base_1_far_00,0.0,0.4,True,False,False,False,0,64.30157600000186,70.74466299999926,0.0005709999975067603,0.09074523399999677,0.1905589254999976,False
base_1_far_00_v0.0_h0.6_prior0,base_1_far_00,0.0,0.6,False,False,False,False,0,133.18403099999898,132.6243009999999,0.0008240000006765058,0.15262512500000056,0.23696884375000044,False
base_1_far_00_v0.0_h0.6_prior1,base_1_far_00,0.0,0.6,True,False,False,False,0,116.70606999999933,129.58480500000036,0.0008200000003455443,0.1495856250000007,0.23468921875000054,False
base_1_far_00_v0.5_h0.2_prior0,base_1_far_00,0.5,0.2,False,False,False,False,0,51.224462000000415,48.213937999999956,0.0006520000006560167,0.06821459000000062,0.29866094250000047,False
base_1_far_00_v0.5_h0.2_prior1,base_1_far_00,0.5,0.2,True,False,False,False,0,29.616042000000675,40.38196000000127,0.00044300000112684756,0.0603824030000024,0.2927868022500018,False
base_1_far_00_v0.5_h0.4_prior0,base_1_far_00,0.5,0.4,False,False,False,False,0,89.71374399999732,82.78675800000102,0.0006689999985098893,0.10278742699999953,0.32459057024999965,False
base_1_far_00_v0.5_h0.4_prior1,base_1_far_00,0.5,0.4,True,False,False,False,0,66.23560899999958,75.31226000000046,0.0005620000003148107,0.09531282200000078,0.3189846165000006,False
base_1_far_00_v0.5_h0.6_prior0,base_1_far_00,0.5,0.6,False,False,False,False,0,142.54292200000052,141.02739800000208,0.04747600000243324,0.1610748740000045,0.3683061555000034,False
base_1_far_00_v0.5_h0.6_prior1,base_1_far_00,0.5,0.6,True,False,False,False,0,120.7016519999975,132.90499400000044,0.0008240000006765058,0.1529058180000011,0.36217936350000085,False
base_1_far_00_v1.0_h0.2_prior0,base_1_far_00,1.0,0.2,False,False,False,False,0,51.57414900000035,49.51670600000213,0.0005690000008939933,0.06951727500000303,0.4246379562500023,False
base_1_far_00_v1.0_h0.2_prior1,base_1_far_00,1.0,0.2,True,False,False,False,0,31.258106999999313,38.79552499999761,0.0004499999981533165,0.05879597499999577,0.41659698124999683,False
base_1_far_00_v1.0_h0.4_prior0,base_1_far_00,1.0,0.4,False,False,False,False,0,88.17343099999775,85.08421199999816,0.0010729999999625761,0.10508528499999813,0.4513139637499986,False
base_1_far_00_v1.0_h0.4_prior1,base_1_far_00,1.0,0.4,True,False,False,False,0,69.29846899999959,75.96907299999955,0.0004239999995547805,0.09596949699999911,0.44447712274999934,False
base_1_far_00_v1.0_h0.6_prior0,base_1_far_00,1.0,0.6,False,False,False,False,0,142.35841400000027,144.53902400000018,0.0007790000005059028,0.16453980300000068,0.4959048522500005,False
base_1_far_00_v1.0_h0.6_prior1,base_1_far_00,1.0,0.6,True,False,False,False,0,129.35772800000223,137.4604589999997,0.0007410000009144824,0.1574612000000006,0.4905959000000005,False
base_1_free_00_v0.0_h0.2_prior0,base_1_free_00,0.0,0.2,False,False,False,False,0,39.06628500000053,47.01271600000112,0.00046799999964264316,0.06701318400000077,0.17275988800000058,False
base_1_free_00_v0.0_h0.2_prior1,base_1_free_00,0.0,0.2,True,False,False,False,0,30.397907000001112,37.829311999999504,0.0007390000007490016,0.05783005100000026,0.1658725382500002,False
base_1_free_00_v0.0_h0.4_prior0,base_1_free_00,0.0,0.4,False,False,False,False,0,76.288660000003,83.01868099999865,0.0009140000010177118,0.10301959499999967,0.19976469624999976,False
base_1_free_00_v0.0_h0.4_prior1,base_1_free_00,0.0,0.4,True,False,False,False,0,63.713607000000394,71.54057800000047,0.0009500000004436515,0.09154152800000091,0.1911561460000007,False
base_1_free_00_v0.0_h0.6_prior0,base_1_free_00,0.0,0.6,False,False,False,False,0,127.84594700000085,132.0176869999976,0.000873999997708097,0.1520185609999953,0.2365139207499965,False
base_1_free_00_v0.0_h0.6_prior1,base_1_free_00,0.0,0.6,True,False,False,False,0,118.25873000000087,124.48595499999726,0.0009969999972270216,0.14448695199999448,0.23086521399999588,False
base_1_free_00_v0.5_h0.2_prior0,base_1_free_00,0.5,0.2,False,False,False,False,0,39.54612999999796,48.659602999997276,0.0005240000007233903,0.068660126999998,0.2989950952499985,False
base_1_free_00_v0.5_h0.2_prior1,base_1_free_00,0.5,0.2,True,False,False,False,0,30.499686999998943,40.2417590000006,0.0006289999987529882,0.060242387999999356,0.2926817909999995,False
base_1_free_00_v0.5_h0.4_prior0,base_1_free_00,0.5,0.4,False,False,False,False,0,74.59792099999873,85.74548900000067,0.0008740000012608107,0.10574636300000194,0.32680977225000146,False
base_1_free_00_v0.5_h0.4_prior1,base_1_free_00,0.5,0.4,True,False,False,False,0,69.6346950000013,71.97607499999847,0.0005509999994046666,0.09197662599999788,0.3164824694999984,False
base_1_free_00_v0.5_h0.6_prior0,base_1_free_00,0.5,0.6,False,False,False,False,0,128.70630400000138,138.38995500000095,0.001053999998390509,0.15839100899999933,0.3662932567499995,False
base_1_free_00_v0.5_h0.6_prior1,base_1_free_00,0.5,0.6,True,False,False,False,0,123.60404100000011,134.8301559999996,0.0010049999978889446,0.15483116099999747,0.3636233707499981,False
base_1_free_00_v1.0_h0.2_prior0,base_1_free_00,1.0,0.2,False,False,False,False,0,38.97437700000239,49.93762799999857,0.0010289999998747135,0.06993865699999845,0.42495399274999884,False
base_1_free_00_v1.0_h0.2_prior1,base_1_free_00,1.0,0.2,True,False,False,False,0,30.180951000001954,40.0759980000025,0.0005350000016335343,0.06007653300000414,0.4175573997500031,False
base_1_free_00_v1.0_h0.4_prior0,base_1_free_00,1.0,0.4,False,False,False,False,0,77.05652199999946,91.62539500000122,0.0007180000025641675,0.11162611300000379,0.45621958475000285,False
base_1_free_00_v1.0_h0.4_prior1,base_1_free_00,1.0,0.4,True,False,False,False,0,68.59799399999744,78.42649800000245,0.0008170000000973232,0.09842731500000255,0.4463204862500019,False
base_1_free_00_v1.0_h0.6_prior0,base_1_free_00,1.0,0.6,False,False,False,False,0,138.73036700000085,141.36843200000015,0.001620000002588995,0.16137005200000273,0.49352753900000207,False
base_1_free_00_v1.0_h0.6_prior1,base_1_free_00,1.0,0.6,True,False,False,False,0,125.83015699999933,134.26979499999803,0.0012319999989074404,0.15427102699999692,0.4882032702499977,False
base_1_near_00_v0.0_h0.2_prior0,base_1_near_00,0.0,0.2,False,False,False,False,0,40.678386999999816,55.28185200000024,0.0005579999999838492,0.07528241000000023,0.17896180750000018,False
base_1_near_00_v0.0_h0.2_prior1,base_1_near_00,0.0,0.2,True,False,False,False,0,28.774385999998486,38.41881199999975,0.0005789999981686833,0.05841939099999792,0.16631454324999845,False
base_1_near_00_v0.0_h0.4_prior0,base_1_near_00,0.0,0.4,False,False,False,False,0,79.79074899999716,88.95627999999789,0.0005539999996528877,0.10895683399999755,0.20421762549999817,False
base_1_near_00_v0.0_h0.4_prior1,base_1_near_00,0.0,0.4,True,False,False,False,0,64.23301499999923,73.84693599999892,0.0005010000023730754,0.0938474370000013,0.19288557775000098,False
base_1_near_00_v0.0_h0.6_prior0,base_1_near_00,0.0,0.6,False,False,False,False,0,128.78462400000146,139.2578130000004,0.00112999999757335,0.15925894299999796,0.2419442072499985,False
base_1_near_00_v0.0_h0.6_prior1,base_1_near_00,0.0,0.6,True,False,False,False,0,122.55091999999834,129.87024399999925,0.0011159999999676984,0.1498713599999992,0.23490351999999942,False
base_1_near_00_v0.5_h0.2_prior0,base_1_near_00,0.5,0.2,False,False,False,False,0,42.08845100000147,51.266812000001494,0.0007079999981840501,0.07126751999999968,0.30095063999999977,False
base_1_near_00_v0.5_h0.2_prior1,base_1_near_00,0.5,0.2,True,False,False,False,0,31.398685999999287,39.39981599999953,0.0006759999990890719,0.059400491999998625,0.292050368999999,False
base_1_near_00_v0.5_h0.4_prior0,base_1_near_00,0.5,0.4,False,False,False,False,0,83.36965400000196,96.17788699999963,0.0009510000005263919,0.11617883800000016,0.3346341285000001,False
base_1_near_00_v0.5_h0.4_prior1,base_1_near_00,0.5,0.4,True,False,False,False,0,69.10107200000226,74.8518969999985,0.0006260000020574807,0.09485252300000056,0.31863939225000043,False
base_1_near_00_v0.5_h0.6_prior0,base_1_near_00,0.5,0.6,False,False,False,False,0,134.4983709999994,140.24153100000092,0.0012030000000606833,0.16024273400000097,0.36768205050000075,False
base_1_near_00_v0.5_h0.6_prior1,base_1_near_00,0.5,0.6,True,False,False,False,0,121.29384799999698,130.57473699999989,0.000934999999202546,0.15057567199999908,0.3604317539999993,False
base_1_near_00_v1.0_h0.2_prior0,base_1_near_00,1.0,0.2,False,False,False,False,0,43.886795000002365,51.32079600000239,0.0006009999999889715,0.07132139700000238,0.4259910477500018,False
base_1_near_00_v1.0_h0.2_prior1,base_1_near_00,1.0,0.2,True,False,False,False,0,31.708425000001483,40.16883699999951,0.0005089999994822847,0.060169345999999,0.41762700949999926,False
base_1_near_00_v1.0_h0.4_prior0,base_1_near_00,1.0,0.4,False,False,False,False,0,82.03107399999965,86.25564300000121,0.0010049999978889446,0.10625664799999911,0.45219248599999934,False
base_1_near_00_v1.0_h0.4_prior1,base_1_near_00,1.0,0.4,True,False,False,False,0,69.22868799999904,80.0326939999998,0.0006490000004077956,0.1000333430000002,0.44752500725000016,False
base_1_near_00_v1.0_h0.6_prior0,base_1_near_00,1.0,0.6,False,False,False,False,0,132.70440900000224,144.75689300000028,0.0008799999982045392,0.16475777299999847,0.49606832974999887,False
base_1_near_00_v1.0_h0.6_prior1,base_1_near_00,1.0,0.6,True,False,False,False,0,124.81376300000235,131.93555600000195,0.0010679999995488743,0.1519366240000015,0.48645246800000114,False
dense_0_far_00_v0.0_h0.2_prior0,dense_0_far_00,0.0,0.2,False,True,False,True,0,168.5605790000011,221.50581500000044,0.0013969999983487469,0.24150721199999878,0.3036304089999991,False
dense_0_far_00_v0.0_h0.2_prior1,dense_0_far_00,0.0,0.2,True,True,False,True,0,156.800834000002,156.76746999999835,0.0010310000000401942,0.17676850099999838,0.2550763757499988,False
dense_0_far_00_v0.0_h0.4_prior0,dense_0_far_00,0.0,0.4,False,False,False,False,0,214.7289860000008,219.01741000000285,0.0009779999992076682,0.23901838800000205,0.30176379100000156,False
dense_0_far_00_v0.0_h0.4_prior1,dense_0_far_00,0.0,0.4,True,False,False,False,0,210.99090699999934,244.24383399999883,0.0009180000013486733,0.2642447520000002,0.32068356400000014,False
dense_0_far_00_v0.0_h0.6_prior0,dense_0_far_00,0.0,0.6,False,False,False,False,0,136.26271999999773,178.03227299999946,0.000765999999430278,0.19803303899999888,0.2710247792499992,False
dense_0_far_00_v0.0_h0.6_prior1,dense_0_far_00,0.0,0.6,True,False,False,False,0,136.69507500000222,182.68015000000304,0.0011989999997297218,0.20268134900000276,0.2745110117500021,False
dense_0_far_00_v0.5_h0.2_prior0,dense_0_far_00,0.5,0.2,False,True,False,True,0,118.69383500000197,237.79767899999982,0.0010469999978113265,0.25779872599999765,0.44084904449999823,False
dense_0_far_00_v0.5_h0.2_prior1,dense_0_far_00,0.5,0.2,True,True,False,True,0,151.49008399999886,197.3637729999993,0.0016460000011875309,0.21736541900000048,0.4105240642500004,False
dense_0_far_00_v0.5_h0.4_prior0,dense_0_far_00,0.5,0.4,False,False,False,False,0,173.03757000000175,287.91997900000155,0.0010110000019381005,0.3079209900000035,0.4784407425000026,False
dense_0_far_00_v0.5_h0.4_prior1,dense_0_far_00,0.5,0.4,True,False,False,False,0,218.152369000002,244.54793499999994,0.0008579999999369647,0.2645487929999999,0.4459115947499999,False
dense_0_far_00_v0.5_h0.6_prior0,dense_0_far_00,0.5,0.6,False,False,False,False,0,152.04526899999848,181.40058699999884,0.0008330000014211691,0.20140142000000025,0.3985510650000002,False
dense_0_far_00_v0.5_h0.6_prior1,dense_0_far_00,0.5,0.6,True,False,False,False,0,143.66647599999993,170.28947500000413,0.001008000005242593,0.19029048300000936,0.39021786225000704,False
dense_0_far_00_v1.0_h0.2_prior0,dense_0_far_00,1.0,0.2,False,True,False,True,0,198.59664699999513,215.43885800000595,0.000864000000433407,0.23543972200000637,0.5490797915000047,False
dense_0_far_00_v1.0_h0.2_prior1,dense_0_far_00,1.0,0.2,True,True,False,True,0,128.6431609999994,213.20134200000496,0.0010480000014467805,0.2332023900000064,0.5474017925000048,False
dense_0_far_00_v1.0_h0.4_prior0,dense_0_far_00,1.0,0.4,False,False,False,False,0,208.48264099999625,250.71877599999937,0.000989999996647839,0.27071976599999603,0.575539824499997,False
dense_0_far_00_v1.0_h0.4_prior1,dense_0_far_00,1.0,0.4,True,False,False,False,0,220.6979440000012,222.95002799999963,0.0010010000011106968,0.24295102900000073,0.5547132717500005,False
dense_0_far_00_v1.0_h0.6_prior0,dense_0_far_00,1.0,0.6,False,False,False,False,0,132.44540099999824,188.77905000000084,0.0009370000029207404,0.20877998700000375,0.5290849902500028,False
dense_0_far_00_v1.0_h0.6_prior1,dense_0_far_00,1.0,0.6,True,False,False,False,0,123.47706799999969,184.61430400000012,0.00119399999931602,0.20461549799999942,0.5259616234999995,False
dense_0_free_00_v0.0_h0.2_prior0,dense_0_free_00,0.0,0.2,False,True,False,True,0,196.7333699999969,220.45640000000333,0.0014089999993416313,0.24045780900000266,0.302843356750002,False
dense_0_free_00_v0.0_h0.2_prior1,dense_0_free_00,0.0,0.2,True,True,False,True,0,190.50679800000125,212.15699100000052,0.0012140000009708274,0.23215820500000148,0.2966186537500011,False
dense_0_free_00_v0.0_h0.4_prior0,dense_0_free_00,0.0,0.4,False,True,False,True,0,200.14245400000163,242.70811200000253,0.0011989999961770081,0.2627093109999987,0.31953198324999904,False
dense_0_free_00_v0.0_h0.4_prior1,dense_0_free_00,0.0,0.4,True,True,False,True,0,208.01691000000488,245.77525300000502,0.0011610000001383014,0.2657764140000052,0.3218323105000039,False
dense_0_free_00_v0.0_h0.6_prior0,dense_0_free_00,0.0,0.6,False,False,False,False,0,247.4664269999991,270.1948480000027,0.0008949999994456448,0.29019574300000217,0.3401468072500016,False
dense_0_free_00_v0.0_h0.6_prior1,dense_0_free_00,0.0,0.6,True,False,False,False,0,236.42480799999532,256.40060199999937,0.0013029999976765794,0.27640190499999706,0.3298014287499978,False
dense_0_free_00_v0.5_h0.2_prior0,dense_0_free_00,0.5,0.2,False,True,False,True,0,102.26950900000276,271.2131210000024,0.0008379999982821573,0.2912139590000007,0.4659104692500005,False
dense_0_free_00_v0.5_h0.2_prior1,dense_0_free_00,0.5,0.2,True,True,False,True,0,147.45792699999782,244.86298199999368,0.0012329999989901808,0.2648642149999927,0.4461481612499945,False
dense_0_free_00_v0.5_h0.4_prior0,dense_0_free_00,0.5,0.4,False,True,False,True,0,207.59481999999707,255.2344650000009,0.0009340000062252329,0.27523539900000715,0.45392654925000536,False
dense_0_free_00_v0.5_h0.4_prior1,dense_0_free_00,0.5,0.4,True,True,False,True,0,173.3553880000045,231.39090800000162,0.0013769999966939395,0.25139228499999833,0.43604421374999874,False
dense_0_free_00_v0.5_h0.6_prior0,dense_0_free_00,0.5,0.6,False,False,False,False,0,250.6636130000004,281.18966299999926,0.0008219999969583114,0.30119048499999623,0.4733928637499972,False
dense_0_free_00_v0.5_h0.6_prior1,dense_0_free_00,0.5,0.6,True,False,False,False,0,226.13916699999947,293.3586360000007,0.0010560000021087035,0.3133596920000028,0.4825197690000021,False
dense_0_free_00_v1.0_h0.2_prior0,dense_0_free_00,1.0,0.2,False,True,False,True,0,152.84262600000176,213.61074699999705,0.0013029999976765794,0.23361204999999471,0.547709037499996,False
dense_0_free_00_v1.0_h0.2_prior1,dense_0_free_00,1.0,0.2,True,True,False,True,0,159.31705099999505,195.84438999999776,0.00089199999564471,0.2158452819999934,0.534383961499995,False
dense_0_free_00_v1.0_h0.4_prior0,dense_0_free_00,1.0,0.4,False,True,False,True,0,173.92475299999433,222.36888799999832,0.0010449999976458457,0.24236993299999596,0.5542774497499969,False
dense_0_free_00_v1.0_h0.4_prior1,dense_0_free_00,1.0,0.4,True,True,False,True,0,213.8018730000013,249.69714599999548,0.001353000001813598,0.2696984989999973,0.5747738742499979,False
dense_0_free_00_v1.0_h0.6_prior0,dense_0_free_00,1.0,0.6,False,False,False,False,0,245.1903669999993,291.5100290000012,0.0011159999999676984,0.3115111450000012,0.6061333587500009,False
dense_0_free_00_v1.0_h0.6_prior1,dense_0_free_00,1.0,0.6,True,False,False,False,0,240.2771570000013,281.75160600000027,0.0009390000030862211,0.30175254500000337,0.5988144087500025,False
dense_0_near_00_v0.0_h0.2_prior0,dense_0_near_00,0.0,0.2,False,False,False,False,0,121.52767899999617,153.97028100000654,0.0005939999994097889,0.17397087500000594,0.25297815625000447,False
dense_0_near_00_v0.0_h0.2_prior1,dense_0_near_00,0.0,0.2,True,True,False,True,0,154.01476000000258,140.75272299999853,0.0010239999994610116,0.16075374699999798,0.2430653102499985,False
dense_0_near_00_v0.0_h0.4_prior0,dense_0_near_00,0.0,0.4,False,False,False,False,0,132.15060899999997,171.66321799999906,0.0009399999996162478,0.19166415799999867,0.266248118499999,False
dense_0_near_00_v0.0_h0.4_prior1,dense_0_near_00,0.0,0.4,True,True,False,True,0,175.32886499999734,244.5040039999995,0.001111999999636737,0.26450511599999915,0.32087883699999936,False
dense_0_near_00_v0.0_h0.6_prior0,dense_0_near_00,0.0,0.6,False,False,False,False,0,164.54147299999988,189.6728809999999,0.0009060000039085025,0.2096737870000038,0.27975534025000287,False
dense_0_near_00_v0.0_h0.6_prior1,dense_0_near_00,0.0,0.6,True,False,False,False,0,247.82253299999724,270.77585100000334,0.0012150000046062814,0.29077706600000797,0.340582799500006,False
dense_0_near_00_v0.5_h0.2_prior0,dense_0_near_00,0.5,0.2,False,False,False,False,0,103.37696499999538,149.8379180000029,0.0012699999984988608,0.1698391880000014,0.37487939100000106,False
dense_0_near_00_v0.5_h0.2_prior1,dense_0_near_00,0.5,0.2,True,True,False,True,0,160.51385200000112,177.7364499999976,0.002135000002567722,0.19773858500000016,0.39580393875000014,False
dense_0_near_00_v0.5_h0.4_prior0,dense_0_near_00,0.5,0.4,False,False,False,False,0,137.90903900000018,164.69787999999852,0.0008940000029156181,0.18469877400000143,0.3860240805000011,False
dense_0_near_00_v0.5_h0.4_prior1,dense_0_near_00,0.5,0.4,True,True,False,True,0,171.64886599999818,217.1862080000011,0.0010830000007899798,0.23718729100000188,0.42539046825000143,False
dense_0_near_00_v0.5_h0.6_prior0,dense_0_near_00,0.5,0.6,False,False,False,False,0,160.4732539999958,204.6298180000008,0.001308000001642995,0.22463112600000243,0.41597334450000184,False
dense_0_near_00_v0.5_h0.6_prior1,dense_0_near_00,0.5,0.6,True,False,False,False,0,236.76144699999924,240.20994400000006,0.0011850000021240703,0.2602111290000022,0.44265834675000165,False
dense_0_near_00_v1.0_h0.2_prior0,dense_0_near_00,1.0,0.2,False,False,False,False,0,109.01722599999886,155.51944199999923,0.0007330000002525594,0.17552017499999947,0.5041401312499996,False
dense_0_near_00_v1.0_h0.2_prior1,dense_0_near_00,1.0,0.2,True,True,False,True,0,118.12561200000005,188.02691100000146,0.0010880000047563954,0.2080279990000062,0.5285209992500046,False
dense_0_near_00_v1.0_h0.4_prior0,dense_0_near_00,1.0,0.4,False,False,False,False,0,134.2816970000058,161.96543800000285,0.0011579999963373666,0.18196659599999918,0.5089749469999993,False
dense_0_near_00_v1.0_h0.4_prior1,dense_0_near_00,1.0,0.4,True,True,False,True,0,200.4953599999979,206.108933000003,0.0011549999996418592,0.22611008800000262,0.5420825660000019,False
dense_0_near_00_v1.0_h0.6_prior0,dense_0_near_00,1.0,0.6,False,False,False,False,0,141.15716700000291,197.8152530000017,0.0014199999966990617,0.21781667299999838,0.5358625047499987,False
dense_0_near_00_v1.0_h0.6_prior1,dense_0_near_00,1.0,0.6,True,False,False,False,0,229.86370000000278,267.0653600000037,0.001126000000795102,0.2870664860000045,0.5877998645000033,False
dense_1_far_00_v0.0_h0.2_prior0,dense_1_far_00,0.0,0.2,False,False,False,False,0,105.25983800000205,136.28575700000312,0.0008009999987734773,0.15628655800000188,0.23971491850000143,False
dense_1_far_00_v0.0_h0.2_prior1,dense_1_far_00,0.0,0.2,True,False,False,False,0,95.50993899999582,135.07927300000233,0.0008250000007592462,0.15508009800000308,0.23881007350000233,False
dense_1_far_00_v0.0_h0.4_prior0,dense_1_far_00,0.0,0.4,False,False,False,False,0,117.2616739999981,148.47785799999969,0.0007020000012403216,0.16847856000000092,0.2488589200000007,False
dense_1_far_00_v0.0_h0.4_prior1,dense_1_far_00,0.0,0.4,True,False,False,False,0,120.59446199999968,161.1370910000005,0.0010939999981474102,0.18113818499999865,0.258353638749999,False
dense_1_far_00_v0.0_h0.6_prior0,dense_1_far_00,0.0,0.6,False,False,False,False,0,146.836540999999,216.30436200000247,0.0008410000020830921,0.23630520300000454,0.2997289022500034,False
dense_1_far_00_v0.0_h0.6_prior1,dense_1_far_00,0.0,0.6,True,False,False,False,0,162.81193199999677,219.38508000000212,0.0013030000047820067,0.2393863830000069,0.3020397872500052,False
dense_1_far_00_v0.5_h0.2_prior0,dense_1_far_00,0.5,0.2,False,False,False,False,0,82.09334299999682,147.53699799999964,0.0009410000032517019,0.16753793900000288,0.3731534542500022,False
dense_1_far_00_v0.5_h0.2_prior1,dense_1_far_00,0.5,0.2,True,False,False,False,0,80.82793100000174,133.90027599999854,0.0012280000021291926,0.15390150400000066,0.3629261280000005,False
dense_1_far_00_v0.5_h0.4_prior0,dense_1_far_00,0.5,0.4,False,False,False,False,0,122.65509000000208,155.334541000002,0.0015070000003447603,0.17533604800000233,0.37900203600000176,False
dense_1_far_00_v0.5_h0.4_prior1,dense_1_far_00,0.5,0.4,True,False,False,False,0,118.86763899999409,162.90998200000217,0.001238999999486623,0.18291122100000165,0.38468341575000126,False
dense_1_far_00_v0.5_h0.6_prior0,dense_1_far_00,0.5,0.6,False,False,False,False,0,172.27653899999495,223.50136100000384,0.001052000001777742,0.2435024130000056,0.4301268097500042,False
dense_1_far_00_v0.5_h0.6_prior1,dense_1_far_00,0.5,0.6,True,False,False,False,0,175.57364399999642,213.85986800000012,0.0013870000046267705,0.23386125500000474,0.42289594125000357,False
dense_1_far_00_v1.0_h0.2_prior0,dense_1_far_00,1.0,0.2,False,False,False,False,0,82.71305400000273,141.09406899999755,0.0008059999956344654,0.16109487499999317,0.4933211562499949,False
dense_1_far_00_v1.0_h0.2_prior1,dense_1_far_00,1.0,0.2,True,False,False,False,0,89.0911510000052,118.97814200000312,0.0011540000031118325,0.13897929600000622,0.4767344720000047,False
dense_1_far_00_v1.0_h0.4_prior0,dense_1_far_00,1.0,0.4,False,False,False,False,0,138.5985089999977,168.81150399999711,0.0010409999973148842,0.18881254499999442,0.5141094087499958,False
dense_1_far_00_v1.0_h0.4_prior1,dense_1_far_00,1.0,0.4,True,False,False,False,0,130.22052600000222,164.07585400000357,0.029775999998093994,0.18410563000000166,0.5105792225000012,False
dense_1_far_00_v1.0_h0.6_prior0,dense_1_far_00,1.0,0.6,False,False,False,False,0,169.23042199999827,224.91927199999395,0.0012029999965079696,0.24492047499999045,0.5561903562499928,False
dense_1_far_00_v1.0_h0.6_prior1,dense_1_far_00,1.0,0.6,True,False,False,False,0,184.0382220000052,223.63493399999612,0.0009959999971442812,0.24363592999999326,0.5552269474999949,False
dense_1_free_00_v0.0_h0.2_prior0,dense_1_free_00,0.0,0.2,False,False,False,False,0,103.25868600000376,130.06180200000017,0.000881000005392707,0.15006268300000555,0.23504701225000418,False
dense_1_free_00_v0.0_h0.2_prior1,dense_1_free_00,0.0,0.2,True,False,False,False,0,110.68991399999817,128.69923499999913,0.0008089999994354002,0.14870004399999856,0.23402503299999894,False
dense_1_free_00_v0.0_h0.4_prior0,dense_1_free_00,0.0,0.4,False,False,False,False,0,136.63868999999806,147.51191300000244,0.0007599999989338357,0.16751267300000136,0.24813450475000104,False
dense_1_free_00_v0.0_h0.4_prior1,dense_1_free_00,0.0,0.4,True,False,False,False,0,123.52843299999705,147.30827799999702,0.0007709999962912661,0.1673090489999933,0.247981786749995,False
dense_1_free_00_v0.0_h0.6_prior0,dense_1_free_00,0.0,0.6,False,False,False,False,0,176.33485199999654,225.38641699999573,0.0010289999963219998,0.24538744599999204,0.30654058449999405,False
dense_1_free_00_v0.0_h0.6_prior1,dense_1_free_00,0.0,0.6,True,False,False,False,0,189.09799599999388,219.3447519999978,0.0014410000019893232,0.2393461929999998,0.30200964474999986,False
dense_1_free_00_v0.5_h0.2_prior0,dense_1_free_00,0.5,0.2,False,False,False,False,0,81.37778800000461,139.4845710000041,0.0006889999966119831,0.1594852600000007,0.36711394500000055,False
dense_1_free_00_v0.5_h0.2_prior1,dense_1_free_00,0.5,0.2,True,False,False,False,0,71.38279899999844,116.0265549999977,0.0006429999999113534,0.1360271979999976,0.3495203984999982,False
dense_1_free_00_v0.5_h0.4_prior0,dense_1_free_00,0.5,0.4,False,False,False,False,0,123.21940400000386,165.95984199999947,0.000793999994641581,0.1859606359999941,0.3869704769999956,False
dense_1_free_00_v0.5_h0.4_prior1,dense_1_free_00,0.5,0.4,True,False,False,False,0,122.11158499999897,143.43742899999512,0.0006719999987581105,0.16343810099999387,0.3700785757499954,False
dense_1_free_00_v0.5_h0.6_prior0,dense_1_free_00,0.5,0.6,False,False,False,False,0,155.15756299999595,197.72753700000578,0.0009259999984578826,0.21772846300000423,0.4107963472500032,False
dense_1_free_00_v0.5_h0.6_prior1,dense_1_free_00,0.5,0.6,True,False,False,False,0,178.06650499999677,205.7402749999966,0.0010340000002884153,0.22574130899999686,0.41680598174999767,False
dense_1_free_00_v1.0_h0.2_prior0,dense_1_free_00,1.0,0.2,False,False,False,False,0,106.05188099999907,137.04186999999735,0.0006559999974342645,0.15704252599999477,0.4902818944999961,False
dense_1_free_00_v1.0_h0.2_prior1,dense_1_free_00,1.0,0.2,True,False,False,False,0,105.04498099999893,125.25163400000139,0.0008729999976253566,0.145252506999999,0.48143938024999927,False
dense_1_free_00_v1.0_h0.4_prior0,dense_1_free_00,1.0,0.4,False,False,False,False,0,141.58292100000125,163.2117469999983,0.001140999998483494,0.18321288799999677,0.5099096659999975,False
dense_1_free_00_v1.0_h0.4_prior1,dense_1_free_00,1.0,0.4,True,False,False,False,0,115.09391499999566,166.61649299999937,0.0007710000033966935,0.18661726400000275,0.512462948000002,False
dense_1_free_00_v1.0_h0.6_prior0,dense_1_free_00,1.0,0.6,False,False,False,False,0,184.78518199999883,220.5865760000023,0.0009070000004385292,0.24058748300000274,0.552940612250002,False
dense_1_free_00_v1.0_h0.6_prior1,dense_1_free_00,1.0,0.6,True,False,False,False,0,181.55326900000546,208.77596700000112,0.0009549999973046397,0.2287769219999984,0.5440826914999988,False
dense_1_near_00_v0.0_h0.2_prior0,dense_1_near_00,0.0,0.2,False,False,False,False,0,120.23794999999637,162.04203999999578,0.0008849999986182411,0.1820429249999944,0.2590321937499958,False
dense_1_near_00_v0.0_h0.2_prior1,dense_1_near_00,0.0,0.2,True,False,False,False,0,109.01416800000163,135.2220110000033,0.0004349999969122109,0.1552224460000002,0.23891683450000017,False
dense_1_near_00_v0.0_h0.4_prior0,dense_1_near_00,0.0,0.4,False,False,False,False,0,136.78031999999973,171.90120699999767,0.0007730000035621742,0.19190198000000122,0.26642648500000093,False
dense_1_near_00_v0.0_h0.4_prior1,dense_1_near_00,0.0,0.4,True,False,False,False,0,117.49701699999804,167.29497000000038,0.0009549999973046397,0.18729592499999767,0.26297194374999827,False
dense_1_near_00_v0.0_h0.6_prior0,dense_1_near_00,0.0,0.6,False,False,False,False,0,188.0422589999995,228.45146299999897,0.001308000001642995,0.2484527710000006,0.30883957825000047,False
dense_1_near_00_v0.0_h0.6_prior1,dense_1_near_00,0.0,0.6,True,False,False,False,0,158.68134400000145,199.57270200000465,0.0009140000045704255,0.21957361600000921,0.28718021200000693,False
dense_1_near_00_v0.5_h0.2_prior0,dense_1_near_00,0.5,0.2,False,False,False,False,0,127.28070300000383,156.9666349999963,0.0006080000005681541,0.17696724299999686,0.38022543224999766,False
dense_1_near_00_v0.5_h0.2_prior1,dense_1_near_00,0.5,0.2,True,False,False,False,0,97.51030200000343,135.78312500000322,0.0005740000048604088,0.15578369900000807,0.3643377742500061,False
dense_1_near_00_v0.5_h0.4_prior0,dense_1_near_00,0.5,0.4,False,False,False,False,0,138.7918029999966,186.112743999999,0.0008020000024089313,0.2061135460000014,0.40208515950000107,False
dense_1_near_00_v0.5_h0.4_prior1,dense_1_near_00,0.5,0.4,True,False,False,False,0,124.89331499999423,158.7705549999967,0.0006349999992494304,0.17877118999999594,0.381578392499997,False
dense_1_near_00_v0.5_h0.6_prior0,dense_1_near_00,0.5,0.6,False,False,False,False,0,201.9346739999932,234.7135300000005,0.0009559999938346664,0.25471448599999436,0.43853586449999576,False
dense_1_near_00_v0.5_h0.6_prior1,dense_1_near_00,0.5,0.6,True,False,False,False,0,174.43391999999847,200.3041589999981,0.0009940000040842278,0.22030515300000217,0.41272886475000164,False
dense_1_near_00_v1.0_h0.2_prior0,dense_1_near_00,1.0,0.2,False,False,False,False,0,129.79798300000311,138.0793940000018,0.0006189999908201571,0.1580800129999926,0.4910600097499945,False
dense_1_near_00_v1.0_h0.2_prior1,dense_1_near_00,1.0,0.2,True,False,False,False,0,96.29581599999426,142.70201799999427,0.000489000001380191,0.16270250699999564,0.49452688024999675,False
dense_1_near_00_v1.0_h0.4_prior0,dense_1_near_00,1.0,0.4,False,False,False,False,0,152.23782699999333,170.3616469999929,0.0010159999987990886,0.1903626629999917,0.5152719972499937,False
dense_1_near_00_v1.0_h0.4_prior1,dense_1_near_00,1.0,0.4,True,False,False,False,0,127.0930299999975,169.9881689999927,0.0008439999987785995,0.18998901299999146,0.5149917597499936,False
dense_1_near_00_v1.0_h0.6_prior0,dense_1_near_00,1.0,0.6,False,False,False,False,0,192.51642500000798,238.30382900000302,0.0012029999965079696,0.25830503199999955,0.5662287739999996,False
dense_1_near_00_v1.0_h0.6_prior1,dense_1_near_00,1.0,0.6,True,False,False,False,0,160.49808100000007,210.40097200000218,0.001053000005413196,0.2304020250000076,0.5453015187500057,False
