config,scenario,method,n,distance_m_mean,distance_m_std,clearance_to_go_s_mean,clearance_to_go_s_std,wait_fraction_mean,wait_fraction_std,bytes_sent_mean,bytes_sent_std,delivered_messages_mean,delivered_messages_std,collisions_mean,collisions_std,loop_p95_ms_mean,loop_p95_ms_std,loop_p99_ms_mean,loop_p99_ms_std
contention,free,coverage_greedy,5,4.7141832352159785,1.8148808501232188,0.24,0.05477225575051663,0.36,0.061644140029689744,4800.0,0.0,44.6,1.6733200530681511,0.0,0.0,30.965694999322295,0.7181024191989311,32.20299121667631,1.2011351360355043
contention,free,full_info,5,12.97380770460004,0.000703548665912603,0.0,0.0,0.0,0.0,0.0,0.0,0.0,0.0,0.0,0.0,30.689724701223895,0.5040791543977003,32.032098511233926,0.9126664348906531
contention,free,no_comm,5,0.06633079523453489,0.0,5.0,0.0,1.0,0.0,0.0,0.0,0.0,0.0,0.0,0.0,30.488211273914203,0.769651969270274,32.43954217573628,1.300000381391215
contention,free,round_robin,5,4.482887428816502,3.0455835691286204,0.26,0.08944271909999159,0.42400000000000004,0.1033440854621105,4800.0,0.0,42.2,3.1144823004794873,0.0,0.0,30.346064878394827,0.5545258660757505,31.828318185871474,0.7298451791819014
contention,free,set_independent,5,10.778129517252092,0.6296042858408598,0.2,0.0,0.21600000000000003,0.043358966777357594,4329.6,104.06152026565823,45.4,1.51657508881031,0.0,0.0,31.60333584412001,0.8675185222289561,33.24597229878419,1.5076694582854095
contention,free,set_joint,5,12.612624603311996,0.1378070531731037,0.12,0.0447213595499958,0.02400000000000002,0.008944271909999166,4790.4,21.46625258399798,85.2,2.6832815729997477,0.0,0.0,31.379695537034422,0.5961640474174159,32.85395682835952,0.4471912935238459
contention,free,singleton_voi,5,4.686670956594616,1.8102568356493363,0.24,0.05477225575051663,0.36,0.061644140029689744,4800.0,0.0,44.6,1.6733200530681511,0.0,0.0,30.45269589521922,0.975299838516856,31.721728621749207,1.490872124908508
contention,hazard_a,coverage_greedy,5,2.6842913046100874,0.9559104633111035,0.18000000000000016,0.08366600265340764,0.664,0.045607017003965515,4800.0,0.0,43.2,2.0493901531919194,0.0,0.0,30.39609882282093,0.3811260904409715,31.95859129796736,0.7608682625660466
contention,hazard_a,full_info,5,5.340824259829242,0.00018004133864674512,0.0,0.0,0.5,0.0,0.0,0.0,0.0,0.0,0.0,0.0,31.041564755141735,0.28887836929810995,32.2224235557951,0.7711737435930157
contention,hazard_a,no_comm,5,0.055839614069554955,0.0,2.5,0.0,1.0,0.0,0.0,0.0,0.0,0.0,0.0,0.0,30.879347985610366,0.5188862564504606,32.397973401937634,0.3254753400852707
contention,hazard_a,round_robin,5,1.4586198489709203,0.6400037294981282,0.28000000000000014,0.19235384061671343,0.712,0.03033150177620623,4800.0,0.0,40.2,1.3038404810405297,0.0,0.0,30.38282819557935,0.6943236552637697,31.74702043714933,0.39888693967712574
contention,hazard_a,set_independent,5,2.82542455011735,1.3227203297555001,0.2400000000000002,0.05477225575051666,0.6359999999999999,0.026076809620810566,4281.6,85.86501033599193,42.6,3.049590136395381,0.0,0.0,31.22022545314394,0.2657175813701776,32.78735812148079,0.7479335478022244
contention,hazard_a,set_joint,5,4.767980655899737,0.2674737819309996,0.16000000000000014,0.08944271909999167,0.536,0.016733200530681527,4752.0,33.94112549695428,81.8,5.06951674225463,0.0,0.0,30.64326433232054,0.5333592252636566,31.310450088931255,0.6658485303703757
contention,hazard_a,singleton_voi,5,2.685634794793441,0.954941700157393,0.18000000000000016,0.08366600265340764,0.664,0.045607017003965515,4800.0,0.0,43.2,2.0493901531919194,0.0,0.0,30.42313526617363,0.5370043548029532,32.367519030813135,1.3841949694555178
independent,free,coverage_greedy,5,12.674277632904705,0.00012286155918035123,0.1,0.0,0.020000000000000018,0.0,4800.0,0.0,89.8,3.1144823004794873,0.0,0.0,31.533045198302716,0.6740234618646613,32.592249285196885,0.770917325353161
independent,free,full_info,5,12.973497848364058,1.068905900689859e-05,0.0,0.0,0.0,0.0,0.0,0.0,0.0,0.0,0.0,0.0,30.785012621199712,1.0043401320467846,32.45279588969425,0.8613071297130728
independent,free,no_comm,5,0.06633079523453489,0.0,5.0,0.0,1.0,0.0,0.0,0.0,0.0,0.0,0.0,0.0,30.880197148071602,0.5156280656886515,31.90079794847407,0.4523372459733819
independent,free,round_robin,5,12.674253791046795,0.0,0.1,0.0,0.020000000000000018,0.0,4800.0,0.0,83.8,4.969909455915671,0.0,0.0,31.114280002657324,0.9361483974386535,32.616476321127266,2.360803087720786
independent,free,set_independent,5,12.674253791046795,0.0,0.1,0.0,0.020000000000000018,0.0,4800.0,0.0,89.8,3.1144823004794873,0.0,0.0,31.726934955222532,1.0268669952007015,33.113827912602574,0.8046062905009547
independent,free,set_joint,5,12.674213164520916,9.084367355488875e-05,0.1,0.0,0.020000000000000018,0.0,4800.0,0.0,89.8,3.1144823004794873,0.0,0.0,30.552235478535295,1.0641606655887899,32.288318254752085,1.1552588195502131
independent,free,singleton_voi,5,12.674213921499904,8.915101707873399e-05,0.1,0.0,0.020000000000000018,0.0,4800.0,0.0,89.8,3.1144823004794873,0.0,0.0,30.77865957049653,1.0987287738577285,32.057658990612275,1.624209316054609
independent,hazard_a,coverage_greedy,5,5.03624514938565,0.0013780822676630884,0.10000000000000009,0.0,0.52,0.0,4800.0,0.0,90.4,2.966479394838265,0.0,0.0,30.972510983701795,0.7495222813376148,31.921907260548323,0.9194358392855113
independent,hazard_a,full_info,5,5.3408815518137995,0.00019627413619361145,0.0,0.0,0.5,0.0,0.0,0.0,0.0,0.0,0.0,0.0,30.324190441751853,0.8290520357660917,31.961005000630394,1.4733672813050587
independent,hazard_a,no_comm,5,0.055839614069554955,0.0,2.5,0.0,1.0,0.0,0.0,0.0,0.0,0.0,0.0,0.0,30.745545361423865,0.8143067064087036,32.413285077549524,0.7289933300773284
independent,hazard_a,round_robin,5,5.035628852259833,0.0,0.10000000000000009,0.0,0.52,0.0,4800.0,0.0,85.6,5.176871642217915,0.0,0.0,31.226491291308776,0.6561681964132677,32.71946061844938,0.9981633931106316
independent,hazard_a,set_independent,5,5.035628852259833,0.0,0.10000000000000009,0.0,0.52,0.0,4790.4,21.466252583997978,90.2,3.1144823004794877,0.0,0.0,31.12839829409495,0.5010103730929625,32.29461518442258,0.9230616634378588
independent,hazard_a,set_joint,5,5.035628852259833,0.0,0.10000000000000009,0.0,0.52,0.0,4790.4,21.466252583997978,90.2,3.1144823004794877,0.0,0.0,30.69755103555508,0.8083091989719113,32.468602979322895,0.586797181382137
independent,hazard_a,singleton_voi,5,5.035628852259833,0.0,0.10000000000000009,0.0,0.52,0.0,4800.0,0.0,90.4,2.966479394838265,0.0,0.0,30.648395073367283,0.6631231272894097,32.226193722570315,1.301202151057773
