id,input_box_m,period_s,mode,reference_s,geometry_verified,timing_budget_passed,packet_bytes,packet_zlib_bytes,full_ray_zlib_bytes,encode_ms,verify_ms,total_modeled_age_s
base_0_far_00,0.002,0.0,heterogeneous,0.0,False,False,0,0,132566,39.61647000000035,0.00044199999926775035,0.08203200600000259
base_0_far_00,0.002,0.0,uniform,0.0,False,False,0,0,132566,22.11059099999879,0.0005959999995752696,0.06452628100000134
base_0_far_00,0.002,0.02,heterogeneous,0.0,False,False,0,0,169541,27.796822000000887,0.00039599999901440697,0.07021231200000287
base_0_far_00,0.002,0.02,uniform,0.0,False,False,0,0,169541,27.947808999998713,0.000423000001248397,0.07036332600000293
base_0_far_00,0.002,0.05,heterogeneous,0.0,False,False,0,0,169613,44.874779000000586,0.0004909999997693149,0.08729036400000333
base_0_far_00,0.002,0.05,uniform,0.0,False,False,0,0,169613,41.66227899999875,0.000494000000017536,0.08407786700000174
base_0_far_00,0.01,0.0,heterogeneous,0.0,False,False,0,0,132557,23.272654000001225,0.0005769999997795594,0.06568832500000397
base_0_far_00,0.01,0.0,uniform,0.0,False,False,0,0,132557,23.762089999999958,0.0004659999994771624,0.0661776500000024
base_0_far_00,0.01,0.02,heterogeneous,0.0,False,False,0,0,169538,38.108621999999315,0.0005529999995701473,0.08052426900000186
base_0_far_00,0.01,0.02,uniform,0.0,False,False,0,0,169538,40.52237099999978,0.000498999998654881,0.0829379640000014
base_0_far_00,0.01,0.05,heterogeneous,0.0,False,False,0,0,169612,58.21804099999994,0.0005469999990737051,0.10063368200000199
base_0_far_00,0.01,0.05,uniform,0.0,False,False,0,0,169612,55.42105699999844,0.0005489999992391859,0.09783670000000065
base_0_free_00,0.002,0.0,heterogeneous,0.0,False,False,0,0,132214,23.418417000000247,0.0004570000005088559,0.062187212000001754
base_0_free_00,0.002,0.0,uniform,0.0,False,False,0,0,132214,25.726444000000015,0.0005199999986160719,0.06449530199999963
base_0_free_00,0.002,0.02,heterogeneous,0.0,False,False,0,0,169224,39.27332299999975,0.0005830000002760016,0.07804224400000102
base_0_free_00,0.002,0.02,uniform,0.0,False,False,0,0,169224,36.96313699999898,0.00045499999856701834,0.07573192999999855
base_0_free_00,0.002,0.05,heterogeneous,0.0,False,False,0,0,169325,52.44058999999979,0.0004340000003821842,0.09120936200000117
base_0_free_00,0.002,0.05,uniform,0.0,False,False,0,0,169325,45.69796700000062,0.0004599999989807202,0.0844667650000006
base_0_free_00,0.01,0.0,heterogeneous,0.0,False,False,0,0,132209,29.52855999999926,0.0004800000006355276,0.0682973780000009
base_0_free_00,0.01,0.0,uniform,0.0,False,False,0,0,132209,31.67727900000017,0.00041000000017277216,0.07044602700000134
base_0_free_00,0.01,0.02,heterogeneous,0.0,False,False,0,0,169221,42.762822000000256,0.0006040000002371926,0.08153176400000149
base_0_free_00,0.01,0.02,uniform,0.0,False,False,0,0,169221,48.96614899999996,0.0005469999990737051,0.08773503400000003
base_0_free_00,0.01,0.05,heterogeneous,0.0,False,False,0,0,169326,59.5411299999995,0.0007459999995518274,0.09831021400000005
base_0_free_00,0.01,0.05,uniform,0.0,False,False,0,0,169326,63.592132000000134,0.0006249999984220267,0.10236109499999956
base_0_near_00,0.002,0.0,heterogeneous,0.0,False,False,0,0,133212,31.352882000000193,0.0007229999994251557,0.08328919499999941
base_0_near_00,0.002,0.0,uniform,0.0,False,False,0,0,133212,34.14428899999855,0.000539000000188139,0.08608041799999853
base_0_near_00,0.002,0.02,heterogeneous,0.0,False,False,0,0,170067,52.661681000000016,0.0004899999996865745,0.1045977609999995
base_0_near_00,0.002,0.02,uniform,0.0,False,False,0,0,170067,54.47968300000028,0.0004550000003433752,0.10641572800000042
base_0_near_00,0.002,0.05,heterogeneous,0.0,False,False,0,0,170185,67.44252600000067,0.00043600000054766497,0.11937855200000101
base_0_near_00,0.002,0.05,uniform,0.0,False,False,0,0,170185,73.06299800000104,0.0006089999988745376,0.12499919699999971
base_0_near_00,0.01,0.0,heterogeneous,0.0,False,False,0,0,133209,45.12093700000008,0.0007360000005007805,0.09705726300000038
base_0_near_00,0.01,0.0,uniform,0.0,False,False,0,0,133209,47.594698000001046,0.00044099999918501,0.09953072900000003
base_0_near_00,0.01,0.02,heterogeneous,0.0,False,False,0,0,170067,55.39882600000112,0.0006310000006948258,0.10733504700000161
base_0_near_00,0.01,0.02,uniform,0.0,False,False,0,0,170067,58.302093,0.0007410000009144824,0.11023842400000071
base_0_near_00,0.01,0.05,heterogeneous,0.0,False,False,0,0,170185,74.71564699999966,0.0007650000011238944,0.12665200200000057
base_0_near_00,0.01,0.05,uniform,0.0,False,False,0,0,170185,83.28148700000071,0.0007550000002964907,0.1352178320000008
base_1_far_00,0.002,0.0,heterogeneous,0.0,False,False,0,0,133830,32.0513370000004,0.0007460000013281842,0.07030734900000589
base_1_far_00,0.002,0.0,uniform,0.0,False,False,0,0,133830,29.552939000000222,0.0004580000005915963,0.06780866300000497
base_1_far_00,0.002,0.02,heterogeneous,0.0,False,False,0,0,171957,66.70018800000044,0.0008070000010462763,0.10495626100000564
base_1_far_00,0.002,0.02,uniform,0.0,False,False,0,0,171957,63.64425900000015,0.0004909999997693149,0.10190001600000408
base_1_far_00,0.002,0.05,heterogeneous,0.0,False,False,0,0,172228,87.8382790000014,0.0016979999983846028,0.12609524300000394
base_1_far_00,0.002,0.05,uniform,0.0,False,False,0,0,172228,81.85779199999921,0.0005949999994925292,0.12011365300000286
base_1_far_00,0.01,0.0,heterogeneous,0.0,False,False,0,0,133829,45.34687700000006,0.0006149999993709798,0.0836027580000036
base_1_far_00,0.01,0.0,uniform,0.0,False,False,0,0,133829,41.892859000000726,0.0004390000007958861,0.08014856400000568
base_1_far_00,0.01,0.02,heterogeneous,0.0,False,False,0,0,171951,67.09689299999866,0.0007990000003843534,0.1053529580000032
base_1_far_00,0.01,0.02,uniform,0.0,False,False,0,0,171951,69.77853100000075,0.000738999997196288,0.10803453600000211
base_1_far_00,0.01,0.05,heterogeneous,0.0,False,False,0,0,172223,78.46758000000165,0.0008089999994354002,0.11672365500000524
base_1_far_00,0.01,0.05,uniform,0.0,False,False,0,0,172223,75.47619400000016,0.0008740000012608107,0.11373233400000558
base_1_free_00,0.002,0.0,heterogeneous,0.0,False,False,0,0,133612,28.63054099999829,0.0008909999991146833,0.07786759799999786
base_1_free_00,0.002,0.0,uniform,0.0,False,False,0,0,133612,27.45661899999874,0.0005920000027970218,0.07669337700000199
base_1_free_00,0.002,0.02,heterogeneous,0.0,False,False,0,0,171955,51.45035099999973,0.00043399999682947055,0.10068695099999701
base_1_free_00,0.002,0.02,uniform,0.0,False,False,0,0,171955,51.015771999999515,0.00058700000238332,0.10025252500000235
base_1_free_00,0.002,0.05,heterogeneous,0.0,False,False,0,0,172208,64.37283400000027,0.0006130000009818559,0.1136096130000017
base_1_free_00,0.002,0.05,uniform,0.0,False,False,0,0,172208,60.426821000000075,0.0004340000003821842,0.10966342100000091
base_1_free_00,0.01,0.0,heterogeneous,0.0,False,False,0,0,133607,32.881354000000584,0.0005459999989909647,0.08211806600000003
base_1_free_00,0.01,0.0,uniform,0.0,False,False,0,0,133607,31.879737999997104,0.0005529999995701473,0.08111645699999713
base_1_free_00,0.01,0.02,heterogeneous,0.0,False,False,0,0,171953,41.926521999997135,0.0006369999994149111,0.091163324999997
base_1_free_00,0.01,0.02,uniform,0.0,False,False,0,0,171953,42.51548499999913,0.0005549999997356281,0.09175220599999932
base_1_free_00,0.01,0.05,heterogeneous,0.0,False,False,0,0,172206,54.06735900000115,0.0009409999996989882,0.1033044660000013
base_1_free_00,0.01,0.05,uniform,0.0,False,False,0,0,172206,53.13912700000145,0.0006209999980910652,0.102375914
base_1_near_00,0.002,0.0,heterogeneous,0.0,False,False,0,0,133945,23.688443000001058,0.0003729999988877353,0.07009886499999894
base_1_near_00,0.002,0.0,uniform,0.0,False,False,0,0,133945,22.23148799999919,0.0004410000009613668,0.06864197799999915
base_1_near_00,0.002,0.02,heterogeneous,0.0,False,False,0,0,172092,45.81012299999898,0.0004069999981481942,0.09222057899999613
base_1_near_00,0.002,0.02,uniform,0.0,False,False,0,0,172092,45.32940500000038,0.0006170000013128174,0.09174007100000069
base_1_near_00,0.002,0.05,heterogeneous,0.0,False,False,0,0,172306,59.422055999998946,0.0006199999980083248,0.10583272499999595
base_1_near_00,0.002,0.05,uniform,0.0,False,False,0,0,172306,60.93182900000116,0.0005210000004751691,0.10734239900000063
base_1_near_00,0.01,0.0,heterogeneous,0.0,False,False,0,0,133940,37.156008000000185,0.0005529999995701473,0.08356660999999875
base_1_near_00,0.01,0.0,uniform,0.0,False,False,0,0,133940,36.525629999999865,0.000616000001230077,0.08293629500000009
base_1_near_00,0.01,0.02,heterogeneous,0.0,False,False,0,0,172092,49.17906500000058,0.0005719999975895007,0.09558968599999716
base_1_near_00,0.01,0.02,uniform,0.0,False,False,0,0,172092,47.46462700000009,0.0004740000001390854,0.09387514999999923
base_1_near_00,0.01,0.05,heterogeneous,0.0,False,False,0,0,172302,56.52348599999968,0.000614999997594623,0.10293414999999627
base_1_near_00,0.01,0.05,uniform,0.0,False,False,0,0,172302,55.36985300000197,0.0007000000010748408,0.10178060200000204
dense_0_far_00,0.002,0.0,heterogeneous,0.0,True,False,9027,2919,514048,523.2198699999983,3.7344949999997823,0.6031422529999948
dense_0_far_00,0.002,0.0,uniform,0.0,True,False,9027,2919,514048,512.6477449999988,3.500503999998017,0.5923361369999935
dense_0_far_00,0.002,0.02,heterogeneous,0.0,True,False,14117,4935,635633,501.920707,7.860112999999558,0.5859687079999962
dense_0_far_00,0.002,0.02,uniform,0.0,True,False,16051,5537,635633,482.72251700000265,8.510469000000853,0.5674208740000002
dense_0_far_00,0.002,0.05,heterogeneous,0.0,True,False,24781,7970,636462,496.8251929999994,14.637058000001701,0.5876501389999977
dense_0_far_00,0.002,0.05,uniform,0.0,True,False,39988,12334,636462,539.7040910000009,16.950654999998704,0.6328426339999963
dense_0_far_00,0.01,0.0,heterogeneous,0.0,True,False,12052,3791,514046,477.2050770000007,5.470449000000599,0.558863413999998
dense_0_far_00,0.01,0.0,uniform,0.0,True,False,12052,3798,514046,497.8143760000009,5.0035010000009095,0.5790057649999985
dense_0_far_00,0.01,0.02,heterogeneous,0.0,True,False,19994,6695,635628,466.45231200000126,8.956031000000308,0.5515962309999982
dense_0_far_00,0.01,0.02,uniform,0.0,True,False,21614,7194,635628,442.4041890000012,8.0581439999996,0.5266502209999975
dense_0_far_00,0.01,0.05,heterogeneous,0.0,False,False,0,0,636458,108.96594899999812,0.0006990000009921005,0.18515453599999573
dense_0_far_00,0.01,0.05,uniform,0.0,False,False,0,0,636458,103.41596900000027,0.000641999999828613,0.17960449899999673
dense_0_free_00,0.002,0.0,heterogeneous,0.0,True,False,9027,2919,512748,516.713743999997,4.162459999999868,0.5903228909999966
dense_0_free_00,0.002,0.0,uniform,0.0,True,False,9027,2919,512748,536.2146840000008,3.61667199999971,0.6092780430000003
dense_0_free_00,0.002,0.02,heterogeneous,0.0,True,False,14117,4935,634579,519.7346299999986,8.584667999997464,0.5977659849999957
dense_0_free_00,0.002,0.02,uniform,0.0,True,False,16051,5537,634579,493.223792000002,8.490625000000307,0.571161104000002
dense_0_free_00,0.002,0.05,heterogeneous,0.0,True,False,24781,7970,635505,498.92970899999864,14.336980999999582,0.5827133769999979
dense_0_free_00,0.002,0.05,uniform,0.0,True,False,39988,12334,635505,541.0145739999983,16.58542400000229,0.6270466850000003
dense_0_free_00,0.01,0.0,heterogeneous,0.0,True,False,12052,3791,512751,480.20967400000103,5.519088999999866,0.5551754500000006
dense_0_free_00,0.01,0.0,uniform,0.0,True,False,12052,3798,512751,506.2955659999986,5.467109000001358,0.5812093619999996
dense_0_free_00,0.01,0.02,heterogeneous,0.0,True,False,19994,6695,634575,481.8771159999997,10.726768000001385,0.5620505710000008
dense_0_free_00,0.01,0.02,uniform,0.0,True,False,21614,7194,634575,458.20481699999857,9.265292999998564,0.5369167969999968
dense_0_free_00,0.01,0.05,heterogeneous,0.0,False,False,0,0,635503,106.80888100000274,0.000489000001380191,0.17625605700000377
dense_0_free_00,0.01,0.05,uniform,0.0,False,False,0,0,635503,108.2601099999998,0.0004880000012974506,0.17770728500000074
dense_0_near_00,0.002,0.0,heterogeneous,0.0,False,False,0,0,516361,88.48596200000003,0.0009670000018502378,0.15740587499999534
dense_0_near_00,0.002,0.0,uniform,0.0,False,False,0,0,516361,86.59583000000026,0.0007870000011678258,0.1555155629999949
dense_0_near_00,0.002,0.02,heterogeneous,0.0,False,False,0,0,637521,108.89086000000248,0.0006269999985875074,0.17781043299999452
dense_0_near_00,0.002,0.02,uniform,0.0,False,False,0,0,637521,109.83424599999836,0.0004700000033608376,0.17875366199999518
dense_0_near_00,0.002,0.05,heterogeneous,0.0,False,False,0,0,638439,138.941685999999,0.0006929999969429446,0.2078613249999894
dense_0_near_00,0.002,0.05,uniform,0.0,False,False,0,0,638439,132.5192520000016,0.0005500000028746399,0.20143874799999792
dense_0_near_00,0.01,0.0,heterogeneous,0.0,False,False,0,0,516364,108.68180399999972,0.0006710000022280838,0.1776014209999954
dense_0_near_00,0.01,0.0,uniform,0.0,False,False,0,0,516364,107.04310200000577,0.0005109999960950518,0.17596255899999533
dense_0_near_00,0.01,0.02,heterogeneous,0.0,False,False,0,0,637518,104.52963999999554,0.000598999996270777,0.17344918499998527
dense_0_near_00,0.01,0.02,uniform,0.0,False,False,0,0,637518,103.90224900000078,0.0007000000010748408,0.1728218949999953
dense_0_near_00,0.01,0.05,heterogeneous,0.0,False,False,0,0,638433,131.53917900000067,0.0007090000053722179,0.2004588339999995
dense_0_near_00,0.01,0.05,uniform,0.0,False,False,0,0,638433,140.06402000000406,0.0006759999990890719,0.2089836419999966
dense_1_far_00,0.002,0.0,heterogeneous,0.0,True,False,9845,3180,517102,265.6063909999986,4.191959999999995,0.3414761709999934
dense_1_far_00,0.002,0.0,uniform,0.0,True,False,10422,3330,517102,302.284899,4.111338999997827,0.3780740579999926
dense_1_far_00,0.002,0.02,heterogeneous,0.0,True,False,15959,5254,644044,255.97812699999878,5.728927999996358,0.3333848749999899
dense_1_far_00,0.002,0.02,uniform,0.0,True,False,16070,5304,644044,282.76941699999725,5.7236550000041575,0.3601708919999962
dense_1_far_00,0.002,0.05,heterogeneous,0.0,False,False,0,0,644750,120.93043299999806,0.00047400000369179907,0.1926087269999965
dense_1_far_00,0.002,0.05,uniform,0.0,False,False,0,0,644750,119.73893100000055,0.000561999996762097,0.19141731299999207
dense_1_far_00,0.01,0.0,heterogeneous,0.0,True,False,15147,4669,517097,254.39131099999912,5.391783000000316,0.3314609139999942
dense_1_far_00,0.01,0.0,uniform,0.0,True,False,15217,4663,517097,287.81366699999467,5.854118999998548,0.365345605999988
dense_1_far_00,0.01,0.02,heterogeneous,0.0,False,False,0,0,644040,99.6890360000009,0.0006300000023884422,0.17136748599999804
dense_1_far_00,0.01,0.02,uniform,0.0,False,False,0,0,644040,99.70281700000072,0.0006399999961104186,0.1713812769999916
dense_1_far_00,0.01,0.05,heterogeneous,0.0,False,False,0,0,644744,127.66784199999393,0.0008210000004282847,0.1993464829999891
dense_1_far_00,0.01,0.05,uniform,0.0,False,False,0,0,644744,129.311560000005,0.0005419999951072896,0.20098992199999485
dense_1_free_00,0.002,0.0,heterogeneous,0.0,True,False,9845,3180,516348,254.6525599999967,3.9902019999971117,0.3318950669999947
dense_1_free_00,0.002,0.0,uniform,0.0,True,False,10422,3330,516348,303.3024590000011,4.259701999998811,0.3808144660000008
dense_1_free_00,0.002,0.02,heterogeneous,0.0,True,False,15959,5254,644062,269.33842300000066,5.65954099999999,0.34825026900000156
dense_1_free_00,0.002,0.02,uniform,0.0,True,False,16070,5304,644062,288.65324699999917,5.603583000002743,0.3675091350000028
dense_1_free_00,0.002,0.05,heterogeneous,0.0,False,False,0,0,644689,120.00838799999514,0.0006880000000819564,0.1932613809999961
dense_1_free_00,0.002,0.05,uniform,0.0,False,False,0,0,644689,117.99287800000258,0.0007029999977703483,0.19124588600000123
dense_1_free_00,0.01,0.0,heterogeneous,0.0,True,False,15147,4669,516344,261.5323140000001,6.404633999999021,0.341189253
dense_1_free_00,0.01,0.0,uniform,0.0,True,False,15217,4663,516344,284.8964510000016,5.8198139999987575,0.36396857000000127
dense_1_free_00,0.01,0.02,heterogeneous,0.0,False,False,0,0,644058,98.84318000000292,0.00045799999526252577,0.17209594299999906
dense_1_free_00,0.01,0.02,uniform,0.0,False,False,0,0,644058,101.51859200000501,0.0005890000025488007,0.17477148600000844
dense_1_free_00,0.01,0.05,heterogeneous,0.0,False,False,0,0,644681,132.6618719999999,0.0005879999989133466,0.2059147649999997
dense_1_free_00,0.01,0.05,uniform,0.0,False,False,0,0,644681,131.95226699999552,0.0005170000036969213,0.2052050890000001
dense_1_near_00,0.002,0.0,heterogeneous,0.0,False,False,0,0,517459,90.20365599999991,0.000579000001721397,0.18393964500000634
dense_1_near_00,0.002,0.0,uniform,0.0,False,False,0,0,517459,88.74124999999822,0.0004720000035263183,0.18247713200000645
dense_1_near_00,0.002,0.02,heterogeneous,0.0,False,False,0,0,644373,120.02850300000034,0.0005389999984117821,0.21376445200000346
dense_1_near_00,0.002,0.02,uniform,0.0,False,False,0,0,644373,124.21810600000072,0.0005750000013904355,0.21795409100000682
dense_1_near_00,0.002,0.05,heterogeneous,0.0,False,False,0,0,645043,157.4945600000035,0.0005479999956037318,0.25123051800000384
dense_1_near_00,0.002,0.05,uniform,0.0,False,False,0,0,645043,161.0406010000034,0.0004879999977447369,0.2547764990000059
dense_1_near_00,0.01,0.0,heterogeneous,0.0,False,False,0,0,517458,106.87626099999648,0.00046599999592444874,0.2006121369999971
dense_1_near_00,0.01,0.0,uniform,0.0,False,False,0,0,517458,104.8891619999992,0.0005280000010543517,0.19862510000000497
dense_1_near_00,0.01,0.02,heterogeneous,0.0,False,False,0,0,644373,119.34966599999797,0.0005890000025488007,0.21308566500000523
dense_1_near_00,0.01,0.02,uniform,0.0,False,False,0,0,644373,120.34523100000172,0.0006749999954536179,0.21408131600000188
dense_1_near_00,0.01,0.05,heterogeneous,0.0,False,False,0,0,645031,140.75704100000053,0.0007790000040586165,0.2344932300000093
dense_1_near_00,0.01,0.05,uniform,0.0,False,False,0,0,645031,139.8651700000002,0.0008439999987785995,0.2336014240000037
