id,input_box_m,scan_period_s,end_phase_rad,model,step_m,validity_s,best_uniform_ttl_s,combined_ms,monotonicity_violation
base_0_far_00,0.01,0.02,0.0,small_core,0.1,0.0,0.0,12.97257900000659,False
base_0_far_00,0.01,0.02,0.0,small_core,0.05,0.0,0.0,30.60998400007975,False
base_0_far_00,0.01,0.02,0.0,vehicle_core,0.1,0.5611699945729393,0.5445453010728417,91.83064600006219,False
base_0_far_00,0.01,0.02,1.5707963267948966,small_core,0.1,0.0,0.0,7.0318939999651775,False
base_0_far_00,0.01,0.02,1.5707963267948966,small_core,0.05,0.0,0.0,7.872855999949024,False
base_0_far_00,0.01,0.02,1.5707963267948966,vehicle_core,0.1,0.5473844802257006,0.5463212132080869,89.828908999948,False
base_0_far_00,0.01,0.02,3.141592653589793,small_core,0.1,0.0,0.0,5.5934829999841895,False
base_0_far_00,0.01,0.02,3.141592653589793,small_core,0.05,0.0,0.0,7.350942000016403,False
base_0_far_00,0.01,0.02,3.141592653589793,vehicle_core,0.1,0.5473844802257006,0.5445453010728417,92.2198450000451,False
base_0_far_00,0.01,0.02,4.71238898038469,small_core,0.1,0.0,0.0,7.907808999902954,False
base_0_far_00,0.01,0.02,4.71238898038469,small_core,0.05,0.0,0.0,9.127708000050916,False
base_0_far_00,0.01,0.02,4.71238898038469,vehicle_core,0.1,0.5463212132080869,0.5445453010728417,100.2911089999543,False
base_0_far_00,0.01,0.05,0.0,small_core,0.1,0.0,0.0,4.867316000058963,False
base_0_far_00,0.01,0.05,0.0,small_core,0.05,0.0,0.0,9.840664000080324,False
base_0_far_00,0.01,0.05,0.0,vehicle_core,0.1,0.5611699945729393,0.22257913559627257,187.18332000003102,False
base_0_far_00,0.01,0.05,1.5707963267948966,small_core,0.1,0.0,0.0,4.295044000059534,False
base_0_far_00,0.01,0.05,1.5707963267948966,small_core,0.05,0.0,0.0,5.960172999948554,False
base_0_far_00,0.01,0.05,1.5707963267948966,vehicle_core,0.1,0.5463212132080869,0.241524554989294,179.4732529999692,False
base_0_far_00,0.01,0.05,3.141592653589793,small_core,0.1,0.0,0.0,3.241240999955153,False
base_0_far_00,0.01,0.05,3.141592653589793,small_core,0.05,0.0,0.0,5.514785999935157,False
base_0_far_00,0.01,0.05,3.141592653589793,vehicle_core,0.1,0.30863985571032604,0.06513901550902916,103.53794600007404,False
base_0_far_00,0.01,0.05,4.71238898038469,small_core,0.1,0.0,0.0,7.352215999958389,False
base_0_far_00,0.01,0.05,4.71238898038469,small_core,0.05,0.0,0.0,8.445553000001382,False
base_0_far_00,0.01,0.05,4.71238898038469,vehicle_core,0.1,0.0,0.0,42.967742999962866,False
base_0_free_00,0.01,0.02,0.0,small_core,0.1,0.0,0.0,7.353652999995575,False
base_0_free_00,0.01,0.02,0.0,small_core,0.05,0.0,0.0,8.13169499997457,False
base_0_free_00,0.01,0.02,0.0,vehicle_core,0.1,0.6707395348240929,0.6634043289100436,118.96255400006339,False
base_0_free_00,0.01,0.02,1.5707963267948966,small_core,0.1,0.0,0.0,7.383118999996441,False
base_0_free_00,0.01,0.02,1.5707963267948966,small_core,0.05,0.0,0.0,7.971878000034849,False
base_0_free_00,0.01,0.02,1.5707963267948966,vehicle_core,0.1,0.6707395348240929,0.6634043289100436,112.80540899997504,False
base_0_free_00,0.01,0.02,3.141592653589793,small_core,0.1,0.0,0.0,6.158959999993385,False
base_0_free_00,0.01,0.02,3.141592653589793,small_core,0.05,0.0,0.0,7.477877000042099,False
base_0_free_00,0.01,0.02,3.141592653589793,vehicle_core,0.1,0.6763383117106667,0.6634043289100436,123.20432399997117,False
base_0_free_00,0.01,0.02,4.71238898038469,small_core,0.1,0.0,0.0,8.281906000092931,False
base_0_free_00,0.01,0.02,4.71238898038469,small_core,0.05,0.0,0.0,8.719347000010202,False
base_0_free_00,0.01,0.02,4.71238898038469,vehicle_core,0.1,0.6707395348240929,0.6589062074786407,128.99929599996085,False
base_0_free_00,0.01,0.05,0.0,small_core,0.1,0.0,0.0,5.163388000028135,False
base_0_free_00,0.01,0.05,0.0,small_core,0.05,0.0,0.0,9.817717999908382,False
base_0_free_00,0.01,0.05,0.0,vehicle_core,0.1,0.652155317235169,0.22257913559627257,238.28458100001626,False
base_0_free_00,0.01,0.05,1.5707963267948966,small_core,0.1,0.0,0.0,5.106080000018665,False
base_0_free_00,0.01,0.05,1.5707963267948966,small_core,0.05,0.0,0.0,5.775114000016401,False
base_0_free_00,0.01,0.05,1.5707963267948966,vehicle_core,0.1,0.5649748246006288,0.241524554989294,179.99690900001042,False
base_0_free_00,0.01,0.05,3.141592653589793,small_core,0.1,0.0,0.0,3.3495870000024297,False
base_0_free_00,0.01,0.05,3.141592653589793,small_core,0.05,0.0,0.0,4.532342000061362,False
base_0_free_00,0.01,0.05,3.141592653589793,vehicle_core,0.1,0.30863985571032604,0.06513901550902916,107.49071099996854,False
base_0_free_00,0.01,0.05,4.71238898038469,small_core,0.1,0.0,0.0,7.14713800005029,False
base_0_free_00,0.01,0.05,4.71238898038469,small_core,0.05,0.0,0.0,9.708262999993167,False
base_0_free_00,0.01,0.05,4.71238898038469,vehicle_core,0.1,0.0,0.0,44.96065199998611,False
base_0_near_00,0.01,0.02,0.0,small_core,0.1,0.0,0.0,6.982406000020092,False
base_0_near_00,0.01,0.02,0.0,small_core,0.05,0.0,0.0,7.437060000029305,False
base_0_near_00,0.01,0.02,0.0,vehicle_core,0.1,0.0,0.0,8.047181999927489,False
base_0_near_00,0.01,0.02,1.5707963267948966,small_core,0.1,0.0,0.0,6.977096000014171,False
base_0_near_00,0.01,0.02,1.5707963267948966,small_core,0.05,0.0,0.0,8.142243999941456,False
base_0_near_00,0.01,0.02,1.5707963267948966,vehicle_core,0.1,0.0,0.0,8.567155000037019,False
base_0_near_00,0.01,0.02,3.141592653589793,small_core,0.1,0.0,0.0,5.809219999946436,False
base_0_near_00,0.01,0.02,3.141592653589793,small_core,0.05,0.0,0.0,7.629802999986168,False
base_0_near_00,0.01,0.02,3.141592653589793,vehicle_core,0.1,0.0,0.0,8.332354999993186,False
base_0_near_00,0.01,0.02,4.71238898038469,small_core,0.1,0.0,0.0,7.890164999935223,False
base_0_near_00,0.01,0.02,4.71238898038469,small_core,0.05,0.0,0.0,9.301980000032017,False
base_0_near_00,0.01,0.02,4.71238898038469,vehicle_core,0.1,0.0,0.0,11.365726999997605,False
base_0_near_00,0.01,0.05,0.0,small_core,0.1,0.0,0.0,5.014684999991914,False
base_0_near_00,0.01,0.05,0.0,small_core,0.05,0.0,0.0,8.456024999986766,False
base_0_near_00,0.01,0.05,0.0,vehicle_core,0.1,0.0,0.0,15.831697000066924,False
base_0_near_00,0.01,0.05,1.5707963267948966,small_core,0.1,0.0,0.0,4.134688000021924,False
base_0_near_00,0.01,0.05,1.5707963267948966,small_core,0.05,0.0,0.0,5.6847060000109195,False
base_0_near_00,0.01,0.05,1.5707963267948966,vehicle_core,0.1,0.0,0.0,15.695528000037484,False
base_0_near_00,0.01,0.05,3.141592653589793,small_core,0.1,0.0,0.0,3.188327999964713,False
base_0_near_00,0.01,0.05,3.141592653589793,small_core,0.05,0.0,0.0,4.266970999992736,False
base_0_near_00,0.01,0.05,3.141592653589793,vehicle_core,0.1,0.0,0.0,14.835118999940278,False
base_0_near_00,0.01,0.05,4.71238898038469,small_core,0.1,0.0,0.0,9.091365999893242,False
base_0_near_00,0.01,0.05,4.71238898038469,small_core,0.05,0.0,0.0,9.910457000046335,False
base_0_near_00,0.01,0.05,4.71238898038469,vehicle_core,0.1,0.0,0.0,15.384792000077141,False
base_1_far_00,0.01,0.02,0.0,small_core,0.1,0.0,0.0,7.145489999970778,False
base_1_far_00,0.01,0.02,0.0,small_core,0.05,0.0,0.0,8.668923000072937,False
base_1_far_00,0.01,0.02,0.0,vehicle_core,0.1,0.05844783521291963,0.05844783521291963,28.91221200002292,False
base_1_far_00,0.01,0.02,1.5707963267948966,small_core,0.1,0.0,0.0,6.442209000056209,False
base_1_far_00,0.01,0.02,1.5707963267948966,small_core,0.05,0.0,0.0,8.354946000054042,False
base_1_far_00,0.01,0.02,1.5707963267948966,vehicle_core,0.1,0.019836343465084488,0.019836343465084488,27.09263600002032,False
base_1_far_00,0.01,0.02,3.141592653589793,small_core,0.1,0.0,0.0,6.033478000063042,False
base_1_far_00,0.01,0.02,3.141592653589793,small_core,0.05,0.0,0.0,7.946615000037127,False
base_1_far_00,0.01,0.02,3.141592653589793,vehicle_core,0.1,0.0,0.0,15.293143000008058,False
base_1_far_00,0.01,0.02,4.71238898038469,small_core,0.1,0.0,0.0,8.365364000042064,False
base_1_far_00,0.01,0.02,4.71238898038469,small_core,0.05,0.0,0.0,8.634551000000101,False
base_1_far_00,0.01,0.02,4.71238898038469,vehicle_core,0.1,0.0,0.0,16.7436329999191,False
base_1_far_00,0.01,0.05,0.0,small_core,0.1,0.0,0.0,5.527758000084759,False
base_1_far_00,0.01,0.05,0.0,small_core,0.05,0.0,0.0,9.098116000018308,False
base_1_far_00,0.01,0.05,0.0,vehicle_core,0.1,0.0,0.0,40.30496400002903,False
base_1_far_00,0.01,0.05,1.5707963267948966,small_core,0.1,0.0,0.0,5.294977999938055,False
base_1_far_00,0.01,0.05,1.5707963267948966,small_core,0.05,0.0,0.0,6.5305459999080995,False
base_1_far_00,0.01,0.05,1.5707963267948966,vehicle_core,0.1,0.0,0.0,28.899631000058434,False
base_1_far_00,0.01,0.05,3.141592653589793,small_core,0.1,0.0,0.0,3.5910220000232584,False
base_1_far_00,0.01,0.05,3.141592653589793,small_core,0.05,0.0,0.0,5.315276000033009,False
base_1_far_00,0.01,0.05,3.141592653589793,vehicle_core,0.1,0.0,0.0,17.68398799993065,False
base_1_far_00,0.01,0.05,4.71238898038469,small_core,0.1,0.0,0.0,7.552888999953211,False
base_1_far_00,0.01,0.05,4.71238898038469,small_core,0.05,0.0,0.0,8.485488000019359,False
base_1_far_00,0.01,0.05,4.71238898038469,vehicle_core,0.1,0.0,0.0,16.78750600001422,False
base_1_free_00,0.01,0.02,0.0,small_core,0.1,0.0,0.0,6.97297100009564,False
base_1_free_00,0.01,0.02,0.0,small_core,0.05,0.0,0.0,9.288895999929991,False
base_1_free_00,0.01,0.02,0.0,vehicle_core,0.1,0.05844783521291963,0.05844783521291963,29.77832799990665,False
base_1_free_00,0.01,0.02,1.5707963267948966,small_core,0.1,0.0,0.0,6.391342000028999,False
base_1_free_00,0.01,0.02,1.5707963267948966,small_core,0.05,0.0,0.0,8.258304000037242,False
base_1_free_00,0.01,0.02,1.5707963267948966,vehicle_core,0.1,0.019836343465084488,0.019836343465084488,27.762761000076353,False
base_1_free_00,0.01,0.02,3.141592653589793,small_core,0.1,0.0,0.0,5.672912000022734,False
base_1_free_00,0.01,0.02,3.141592653589793,small_core,0.05,0.0,0.0,7.330916000000798,False
base_1_free_00,0.01,0.02,3.141592653589793,vehicle_core,0.1,0.0,0.0,14.694684999994934,False
base_1_free_00,0.01,0.02,4.71238898038469,small_core,0.1,0.0,0.0,7.510122999974556,False
base_1_free_00,0.01,0.02,4.71238898038469,small_core,0.05,0.0,0.0,8.553995000056602,False
base_1_free_00,0.01,0.02,4.71238898038469,vehicle_core,0.1,0.0,0.0,17.798040000002402,False
base_1_free_00,0.01,0.05,0.0,small_core,0.1,0.0,0.0,5.484746999968593,False
base_1_free_00,0.01,0.05,0.0,small_core,0.05,0.0,0.0,8.611020999978791,False
base_1_free_00,0.01,0.05,0.0,vehicle_core,0.1,0.0,0.0,40.141309999967234,False
base_1_free_00,0.01,0.05,1.5707963267948966,small_core,0.1,0.0,0.0,5.356982000080279,False
base_1_free_00,0.01,0.05,1.5707963267948966,small_core,0.05,0.0,0.0,6.420594999895002,False
base_1_free_00,0.01,0.05,1.5707963267948966,vehicle_core,0.1,0.0,0.0,30.37929799995709,False
base_1_free_00,0.01,0.05,3.141592653589793,small_core,0.1,0.0,0.0,3.4475669999665115,False
base_1_free_00,0.01,0.05,3.141592653589793,small_core,0.05,0.0,0.0,5.005998999990879,False
base_1_free_00,0.01,0.05,3.141592653589793,vehicle_core,0.1,0.0,0.0,16.439471000012418,False
base_1_free_00,0.01,0.05,4.71238898038469,small_core,0.1,0.0,0.0,6.960439999943446,False
base_1_free_00,0.01,0.05,4.71238898038469,small_core,0.05,0.0,0.0,9.344587999976284,False
base_1_free_00,0.01,0.05,4.71238898038469,vehicle_core,0.1,0.0,0.0,15.860386999975162,False
base_1_near_00,0.01,0.02,0.0,small_core,0.1,0.0,0.0,8.668715999988308,False
base_1_near_00,0.01,0.02,0.0,small_core,0.05,0.0,0.0,8.152718000019377,False
base_1_near_00,0.01,0.02,0.0,vehicle_core,0.1,0.0,0.0,8.779460000027939,False
base_1_near_00,0.01,0.02,1.5707963267948966,small_core,0.1,0.0,0.0,7.265443999926902,False
base_1_near_00,0.01,0.02,1.5707963267948966,small_core,0.05,0.0,0.0,9.278518999963126,False
base_1_near_00,0.01,0.02,1.5707963267948966,vehicle_core,0.1,0.0,0.0,8.614921999992475,False
base_1_near_00,0.01,0.02,3.141592653589793,small_core,0.1,0.0,0.0,6.161989000020185,False
base_1_near_00,0.01,0.02,3.141592653589793,small_core,0.05,0.0,0.0,8.630269000036606,False
base_1_near_00,0.01,0.02,3.141592653589793,vehicle_core,0.1,0.0,0.0,9.773655999993025,False
base_1_near_00,0.01,0.02,4.71238898038469,small_core,0.1,0.0,0.0,7.504407999931573,False
base_1_near_00,0.01,0.02,4.71238898038469,small_core,0.05,0.0,0.0,9.937980000017888,False
base_1_near_00,0.01,0.02,4.71238898038469,vehicle_core,0.1,0.0,0.0,10.052420999954848,False
base_1_near_00,0.01,0.05,0.0,small_core,0.1,0.0,0.0,5.27800700001535,False
base_1_near_00,0.01,0.05,0.0,small_core,0.05,0.0,0.0,8.366267000042171,False
base_1_near_00,0.01,0.05,0.0,vehicle_core,0.1,0.0,0.0,16.067603999999847,False
base_1_near_00,0.01,0.05,1.5707963267948966,small_core,0.1,0.0,0.0,4.942165999977988,False
base_1_near_00,0.01,0.05,1.5707963267948966,small_core,0.05,0.0,0.0,6.662722999976722,False
base_1_near_00,0.01,0.05,1.5707963267948966,vehicle_core,0.1,0.0,0.0,15.979295999954957,False
base_1_near_00,0.01,0.05,3.141592653589793,small_core,0.1,0.0,0.0,5.309878000048229,False
base_1_near_00,0.01,0.05,3.141592653589793,small_core,0.05,0.0,0.0,5.995712000071762,False
base_1_near_00,0.01,0.05,3.141592653589793,vehicle_core,0.1,0.0,0.0,16.12039500002993,False
base_1_near_00,0.01,0.05,4.71238898038469,small_core,0.1,0.0,0.0,7.016233999934229,False
base_1_near_00,0.01,0.05,4.71238898038469,small_core,0.05,0.0,0.0,8.871536000015112,False
base_1_near_00,0.01,0.05,4.71238898038469,vehicle_core,0.1,0.0,0.0,16.149880000057237,False
dense_0_far_00,0.01,0.02,0.0,small_core,0.1,0.24013371277259674,0.21596264246408817,24.16657200001282,False
dense_0_far_00,0.01,0.02,0.0,small_core,0.05,0.6216363353812032,0.529436018479288,213.158369000098,False
dense_0_far_00,0.01,0.02,0.0,vehicle_core,0.1,0.5741099943750895,0.5593174037230693,171.50818899995102,False
dense_0_far_00,0.01,0.02,1.5707963267948966,small_core,0.1,0.0,0.0,16.822661999981392,False
dense_0_far_00,0.01,0.02,1.5707963267948966,small_core,0.05,0.3598008464445785,0.25492330960167964,90.59820099992066,False
dense_0_far_00,0.01,0.02,1.5707963267948966,vehicle_core,0.1,0.5741099943750895,0.5593174037230693,160.01817699998355,False
dense_0_far_00,0.01,0.02,3.141592653589793,small_core,0.1,0.0,0.0,14.3463150000116,False
dense_0_far_00,0.01,0.02,3.141592653589793,small_core,0.05,0.0,0.0,19.494919999942795,False
dense_0_far_00,0.01,0.02,3.141592653589793,vehicle_core,0.1,0.5741099943750895,0.5593174037230693,189.2057060000525,False
dense_0_far_00,0.01,0.02,4.71238898038469,small_core,0.1,0.0,0.0,19.531027999960315,False
dense_0_far_00,0.01,0.02,4.71238898038469,small_core,0.05,0.0,0.0,23.652155999911884,False
dense_0_far_00,0.01,0.02,4.71238898038469,vehicle_core,0.1,0.5593174037230693,0.5593174037230693,188.83757600008266,False
dense_0_far_00,0.01,0.05,0.0,small_core,0.1,0.0,0.0,12.460336000003736,False
dense_0_far_00,0.01,0.05,0.0,small_core,0.05,0.12877040647238097,0.07049033126347176,55.129169999986516,False
dense_0_far_00,0.01,0.05,0.0,vehicle_core,0.1,0.5741099943750895,0.5444267374242017,425.68843499998366,False
dense_0_far_00,0.01,0.05,1.5707963267948966,small_core,0.1,0.0,0.0,10.096231000034095,False
dense_0_far_00,0.01,0.05,1.5707963267948966,small_core,0.05,0.0,0.0,13.708958999927745,False
dense_0_far_00,0.01,0.05,1.5707963267948966,vehicle_core,0.1,0.5593174037230693,0.5444267374242017,392.76716199992734,False
dense_0_far_00,0.01,0.05,3.141592653589793,small_core,0.1,0.0,0.0,6.786975000068196,False
dense_0_far_00,0.01,0.05,3.141592653589793,small_core,0.05,0.0,0.0,11.430424999957722,False
dense_0_far_00,0.01,0.05,3.141592653589793,vehicle_core,0.1,0.5593174037230693,0.5444267374242017,376.13983300002474,False
dense_0_far_00,0.01,0.05,4.71238898038469,small_core,0.1,0.0,0.0,19.16649099996448,False
dense_0_far_00,0.01,0.05,4.71238898038469,small_core,0.05,0.0,0.0,20.853550999959225,False
dense_0_far_00,0.01,0.05,4.71238898038469,vehicle_core,0.1,0.5444267374242017,0.5444267374242017,408.4850430000415,False
dense_0_free_00,0.01,0.02,0.0,small_core,0.1,0.24013371277259674,0.21596264246408817,24.472234000086246,False
dense_0_free_00,0.01,0.02,0.0,small_core,0.05,0.6216363353812032,0.529436018479288,211.92690299994865,False
dense_0_free_00,0.01,0.02,0.0,vehicle_core,0.1,0.6707395348240929,0.6707395348240929,202.21481900000526,False
dense_0_free_00,0.01,0.02,1.5707963267948966,small_core,0.1,0.0,0.0,16.148676000057094,False
dense_0_free_00,0.01,0.02,1.5707963267948966,small_core,0.05,0.3598008464445785,0.25492330960167964,82.65058300003147,False
dense_0_free_00,0.01,0.02,1.5707963267948966,vehicle_core,0.1,0.6707395348240929,0.6707395348240929,194.9917160000041,False
dense_0_free_00,0.01,0.02,3.141592653589793,small_core,0.1,0.0,0.0,14.455280999982278,False
dense_0_free_00,0.01,0.02,3.141592653589793,small_core,0.05,0.0,0.0,19.924911999964934,False
dense_0_free_00,0.01,0.02,3.141592653589793,vehicle_core,0.1,0.689233382584039,0.6707395348240929,229.47659600004044,False
dense_0_free_00,0.01,0.02,4.71238898038469,small_core,0.1,0.0,0.0,20.452121000062107,False
dense_0_free_00,0.01,0.02,4.71238898038469,small_core,0.05,0.0,0.0,23.45701799993094,False
dense_0_free_00,0.01,0.02,4.71238898038469,vehicle_core,0.1,0.6763383117106667,0.6707395348240929,244.12744300002487,False
dense_0_free_00,0.01,0.05,0.0,small_core,0.1,0.0,0.0,12.071794000007685,False
dense_0_free_00,0.01,0.05,0.0,small_core,0.05,0.12877040647238097,0.07049033126347176,55.35046099998908,False
dense_0_free_00,0.01,0.05,0.0,vehicle_core,0.1,0.6577018450872435,0.6389714051165836,495.36958299995604,False
dense_0_free_00,0.01,0.05,1.5707963267948966,small_core,0.1,0.0,0.0,9.874133999915102,False
dense_0_free_00,0.01,0.05,1.5707963267948966,small_core,0.05,0.0,0.0,13.160409000079198,False
dense_0_free_00,0.01,0.05,1.5707963267948966,vehicle_core,0.1,0.652155317235169,0.6389714051165836,487.90034900002865,False
dense_0_free_00,0.01,0.05,3.141592653589793,small_core,0.1,0.0,0.0,7.609282999965217,False
dense_0_free_00,0.01,0.05,3.141592653589793,small_core,0.05,0.0,0.0,12.572476000059396,False
dense_0_free_00,0.01,0.05,3.141592653589793,vehicle_core,0.1,0.6837354374104032,0.6389714051165836,510.7024819999424,False
dense_0_free_00,0.01,0.05,4.71238898038469,small_core,0.1,0.0,0.0,18.547636999983297,False
dense_0_free_00,0.01,0.05,4.71238898038469,small_core,0.05,0.0,0.0,21.43245399997795,False
dense_0_free_00,0.01,0.05,4.71238898038469,vehicle_core,0.1,0.6707395348240929,0.6389714051165836,533.3947930000704,False
dense_0_near_00,0.01,0.02,0.0,small_core,0.1,0.0,0.0,16.3318040000604,False
dense_0_near_00,0.01,0.02,0.0,small_core,0.05,0.0,0.0,17.974579999986418,False
dense_0_near_00,0.01,0.02,0.0,vehicle_core,0.1,0.0,0.0,19.168621000062558,False
dense_0_near_00,0.01,0.02,1.5707963267948966,small_core,0.1,0.0,0.0,16.059667999911653,False
dense_0_near_00,0.01,0.02,1.5707963267948966,small_core,0.05,0.0,0.0,19.115888000101222,False
dense_0_near_00,0.01,0.02,1.5707963267948966,vehicle_core,0.1,0.0,0.0,19.10415700001522,False
dense_0_near_00,0.01,0.02,3.141592653589793,small_core,0.1,0.0,0.0,14.547219999940353,False
dense_0_near_00,0.01,0.02,3.141592653589793,small_core,0.05,0.0,0.0,19.388329000094018,False
dense_0_near_00,0.01,0.02,3.141592653589793,vehicle_core,0.1,0.0,0.0,21.654923000028248,False
dense_0_near_00,0.01,0.02,4.71238898038469,small_core,0.1,0.0,0.0,19.02184599998691,False
dense_0_near_00,0.01,0.02,4.71238898038469,small_core,0.05,0.0,0.0,24.934356000017033,False
dense_0_near_00,0.01,0.02,4.71238898038469,vehicle_core,0.1,0.0,0.0,24.217123999960677,False
dense_0_near_00,0.01,0.05,0.0,small_core,0.1,0.0,0.0,11.72374000009313,False
dense_0_near_00,0.01,0.05,0.0,small_core,0.05,0.0,0.0,21.067643000037606,False
dense_0_near_00,0.01,0.05,0.0,vehicle_core,0.1,0.0,0.0,36.927928999944015,False
dense_0_near_00,0.01,0.05,1.5707963267948966,small_core,0.1,0.0,0.0,9.483026999987487,False
dense_0_near_00,0.01,0.05,1.5707963267948966,small_core,0.05,0.0,0.0,13.1938550000541,False
dense_0_near_00,0.01,0.05,1.5707963267948966,vehicle_core,0.1,0.0,0.0,35.933433000082005,False
dense_0_near_00,0.01,0.05,3.141592653589793,small_core,0.1,0.0,0.0,7.360505000065132,False
dense_0_near_00,0.01,0.05,3.141592653589793,small_core,0.05,0.0,0.0,11.546702000032383,False
dense_0_near_00,0.01,0.05,3.141592653589793,vehicle_core,0.1,0.0,0.0,37.68955099997129,False
dense_0_near_00,0.01,0.05,4.71238898038469,small_core,0.1,0.0,0.0,17.389551999940522,False
dense_0_near_00,0.01,0.05,4.71238898038469,small_core,0.05,0.0,0.0,19.984647000001132,False
dense_0_near_00,0.01,0.05,4.71238898038469,vehicle_core,0.1,0.0,0.0,36.28964200004248,False
dense_1_far_00,0.01,0.02,0.0,small_core,0.1,0.0,0.0,19.00791000002755,False
dense_1_far_00,0.01,0.02,0.0,small_core,0.05,0.02500271027396876,0.02500271027396876,35.80553799997688,False
dense_1_far_00,0.01,0.02,0.0,vehicle_core,0.1,0.5741099943750895,0.5741099943750895,193.4253000000581,False
dense_1_far_00,0.01,0.02,1.5707963267948966,small_core,0.1,0.0,0.0,16.33151999999427,False
dense_1_far_00,0.01,0.02,1.5707963267948966,small_core,0.05,0.0,0.0,21.074446000056923,False
dense_1_far_00,0.01,0.02,1.5707963267948966,vehicle_core,0.1,0.5741099943750895,0.559433341345558,171.89484400000765,False
dense_1_far_00,0.01,0.02,3.141592653589793,small_core,0.1,0.0,0.0,15.671622000013485,False
dense_1_far_00,0.01,0.02,3.141592653589793,small_core,0.05,0.0,0.0,20.288017999973817,False
dense_1_far_00,0.01,0.02,3.141592653589793,vehicle_core,0.1,0.559433341345558,0.5593174037230693,178.30412400007845,False
dense_1_far_00,0.01,0.02,4.71238898038469,small_core,0.1,0.0,0.0,19.54539099995145,False
dense_1_far_00,0.01,0.02,4.71238898038469,small_core,0.05,0.0,0.0,22.642471000040132,False
dense_1_far_00,0.01,0.02,4.71238898038469,vehicle_core,0.1,0.5593174037230693,0.5593174037230693,200.35354000003736,False
dense_1_far_00,0.01,0.05,0.0,small_core,0.1,0.0,0.0,13.059581000106846,False
dense_1_far_00,0.01,0.05,0.0,small_core,0.05,0.0,0.0,21.824014000003444,False
dense_1_far_00,0.01,0.05,0.0,vehicle_core,0.1,0.5741099943750895,0.5593174037230693,422.5450120000005,False
dense_1_far_00,0.01,0.05,1.5707963267948966,small_core,0.1,0.0,0.0,11.557964999951764,False
dense_1_far_00,0.01,0.05,1.5707963267948966,small_core,0.05,0.0,0.0,16.361543000016354,False
dense_1_far_00,0.01,0.05,1.5707963267948966,vehicle_core,0.1,0.5593174037230693,0.5445453010728417,392.9593369999793,False
dense_1_far_00,0.01,0.05,3.141592653589793,small_core,0.1,0.0,0.0,7.703995999918334,False
dense_1_far_00,0.01,0.05,3.141592653589793,small_core,0.05,0.0,0.0,11.147338999990097,False
dense_1_far_00,0.01,0.05,3.141592653589793,vehicle_core,0.1,0.5445453010728417,0.5313739842187485,375.5184620000591,False
dense_1_far_00,0.01,0.05,4.71238898038469,small_core,0.1,0.0,0.0,16.335860000026514,False
dense_1_far_00,0.01,0.05,4.71238898038469,small_core,0.05,0.0,0.0,22.79896100003498,False
dense_1_far_00,0.01,0.05,4.71238898038469,vehicle_core,0.1,0.5305268277915962,0.5058466493204595,381.4988029999995,False
dense_1_free_00,0.01,0.02,0.0,small_core,0.1,0.0,0.0,17.839584999933322,False
dense_1_free_00,0.01,0.02,0.0,small_core,0.05,0.02500271027396876,0.02500271027396876,33.94592300003296,False
dense_1_free_00,0.01,0.02,0.0,vehicle_core,0.1,0.6497212205477614,0.6497212205477614,221.373647000064,False
dense_1_free_00,0.01,0.02,1.5707963267948966,small_core,0.1,0.0,0.0,16.896138999982213,False
dense_1_free_00,0.01,0.02,1.5707963267948966,small_core,0.05,0.0,0.0,20.39867000007689,False
dense_1_free_00,0.01,0.02,1.5707963267948966,vehicle_core,0.1,0.6443157830647742,0.6443157830647742,194.87354900002174,False
dense_1_free_00,0.01,0.02,3.141592653589793,small_core,0.1,0.0,0.0,16.234536999945703,False
dense_1_free_00,0.01,0.02,3.141592653589793,small_core,0.05,0.0,0.0,20.174155000063365,False
dense_1_free_00,0.01,0.02,3.141592653589793,vehicle_core,0.1,0.6414431260032208,0.6414431260032208,217.99054800010254,False
dense_1_free_00,0.01,0.02,4.71238898038469,small_core,0.1,0.0,0.0,20.48535299991272,False
dense_1_free_00,0.01,0.02,4.71238898038469,small_core,0.05,0.0,0.0,23.365764000004674,False
dense_1_free_00,0.01,0.02,4.71238898038469,vehicle_core,0.1,0.6531670379927168,0.6374221182734368,246.56377600001633,False
dense_1_free_00,0.01,0.05,0.0,small_core,0.1,0.0,0.0,12.612738000029822,False
dense_1_free_00,0.01,0.05,0.0,small_core,0.05,0.0,0.0,20.544536999977936,False
dense_1_free_00,0.01,0.05,0.0,vehicle_core,0.1,0.6414431260032208,0.6374221182734368,465.52355300002546,False
dense_1_free_00,0.01,0.05,1.5707963267948966,small_core,0.1,0.0,0.0,11.608709000029194,False
dense_1_free_00,0.01,0.05,1.5707963267948966,small_core,0.05,0.0,0.0,15.190871999948286,False
dense_1_free_00,0.01,0.05,1.5707963267948966,vehicle_core,0.1,0.6297280723333983,0.6297280723333983,431.994652999947,False
dense_1_free_00,0.01,0.05,3.141592653589793,small_core,0.1,0.0,0.0,8.585743000026014,False
dense_1_free_00,0.01,0.05,3.141592653589793,small_core,0.05,0.0,0.0,11.025298000049588,False
dense_1_free_00,0.01,0.05,3.141592653589793,vehicle_core,0.1,0.6240591679992966,0.6240591679992966,431.9654729999911,False
dense_1_free_00,0.01,0.05,4.71238898038469,small_core,0.1,0.0,0.0,17.014368999980434,False
dense_1_free_00,0.01,0.05,4.71238898038469,small_core,0.05,0.0,0.0,20.757075999995322,False
dense_1_free_00,0.01,0.05,4.71238898038469,vehicle_core,0.1,0.581666408277773,0.5058466493204595,415.09634299995923,False
dense_1_near_00,0.01,0.02,0.0,small_core,0.1,0.0,0.0,20.003790000032495,False
dense_1_near_00,0.01,0.02,0.0,small_core,0.05,0.0,0.0,23.598954000021877,False
dense_1_near_00,0.01,0.02,0.0,vehicle_core,0.1,0.0,0.0,23.779774999979963,False
dense_1_near_00,0.01,0.02,1.5707963267948966,small_core,0.1,0.0,0.0,15.374289000078534,False
dense_1_near_00,0.01,0.02,1.5707963267948966,small_core,0.05,0.0,0.0,20.060591000060413,False
dense_1_near_00,0.01,0.02,1.5707963267948966,vehicle_core,0.1,0.0,0.0,22.278434999975616,False
dense_1_near_00,0.01,0.02,3.141592653589793,small_core,0.1,0.0,0.0,15.425744000026498,False
dense_1_near_00,0.01,0.02,3.141592653589793,small_core,0.05,0.0,0.0,20.55652599995028,False
dense_1_near_00,0.01,0.02,3.141592653589793,vehicle_core,0.1,0.0,0.0,24.348574999976336,False
dense_1_near_00,0.01,0.02,4.71238898038469,small_core,0.1,0.0,0.0,19.74447700001747,False
dense_1_near_00,0.01,0.02,4.71238898038469,small_core,0.05,0.0,0.0,22.82937799998308,False
dense_1_near_00,0.01,0.02,4.71238898038469,vehicle_core,0.1,0.0,0.0,24.409653000020626,False
dense_1_near_00,0.01,0.05,0.0,small_core,0.1,0.0,0.0,12.812905000032515,False
dense_1_near_00,0.01,0.05,0.0,small_core,0.05,0.0,0.0,21.96422299994083,False
dense_1_near_00,0.01,0.05,0.0,vehicle_core,0.1,0.0,0.0,41.631077999909394,False
dense_1_near_00,0.01,0.05,1.5707963267948966,small_core,0.1,0.0,0.0,12.122808999947665,False
dense_1_near_00,0.01,0.05,1.5707963267948966,small_core,0.05,0.0,0.0,14.880024000035519,False
dense_1_near_00,0.01,0.05,1.5707963267948966,vehicle_core,0.1,0.0,0.0,39.49217500007762,False
dense_1_near_00,0.01,0.05,3.141592653589793,small_core,0.1,0.0,0.0,8.156891999988147,False
dense_1_near_00,0.01,0.05,3.141592653589793,small_core,0.05,0.0,0.0,10.672728000031384,False
dense_1_near_00,0.01,0.05,3.141592653589793,vehicle_core,0.1,0.0,0.0,36.435042999983125,False
dense_1_near_00,0.01,0.05,4.71238898038469,small_core,0.1,0.0,0.0,15.47912700004872,False
dense_1_near_00,0.01,0.05,4.71238898038469,small_core,0.05,0.0,0.0,20.550203000084366,False
dense_1_near_00,0.01,0.05,4.71238898038469,vehicle_core,0.1,0.0,0.0,39.03401699994902,False
base_0_far_00,0.02,0.02,0.0,small_core,0.1,0.0,0.0,4.334151000080055,False
base_0_far_00,0.02,0.02,0.0,small_core,0.05,0.0,0.0,7.170793000000231,False
base_0_far_00,0.02,0.02,0.0,vehicle_core,0.1,0.5473844802257006,0.5324615829995938,100.14186899991273,False
base_0_far_00,0.02,0.02,1.5707963267948966,small_core,0.1,0.0,0.0,3.5720320000791617,False
base_0_far_00,0.02,0.02,1.5707963267948966,small_core,0.05,0.0,0.0,6.554369000014049,False
base_0_far_00,0.02,0.02,1.5707963267948966,vehicle_core,0.1,0.5473844802257006,0.5324615829995938,122.04795399998147,False
base_0_far_00,0.02,0.02,3.141592653589793,small_core,0.1,0.0,0.0,4.615542999999889,False
base_0_far_00,0.02,0.02,3.141592653589793,small_core,0.05,0.0,0.0,6.2333050000233925,False
base_0_far_00,0.02,0.02,3.141592653589793,vehicle_core,0.1,0.5445453010728417,0.5324615829995938,111.5971440000294,False
base_0_far_00,0.02,0.02,4.71238898038469,small_core,0.1,0.0,0.0,5.39210199997342,False
base_0_far_00,0.02,0.02,4.71238898038469,small_core,0.05,0.0,0.0,7.263597000019217,False
base_0_far_00,0.02,0.02,4.71238898038469,vehicle_core,0.1,0.5324615829995938,0.5295573090538477,120.59623499999361,False
base_0_far_00,0.02,0.05,0.0,small_core,0.1,0.0,0.0,3.5529850000557417,False
base_0_far_00,0.02,0.05,0.0,small_core,0.05,0.0,0.0,5.550661000029322,False
base_0_far_00,0.02,0.05,0.0,vehicle_core,0.1,0.5473844802257006,0.2223761417701807,179.9203169999828,False
base_0_far_00,0.02,0.05,1.5707963267948966,small_core,0.1,0.0,0.0,2.6077260000647584,False
base_0_far_00,0.02,0.05,1.5707963267948966,small_core,0.05,0.0,0.0,4.135176999966461,False
base_0_far_00,0.02,0.05,1.5707963267948966,vehicle_core,0.1,0.4032825310892932,0.2067195980192842,121.19032100008553,False
base_0_far_00,0.02,0.05,3.141592653589793,small_core,0.1,0.0,0.0,2.750239999954829,False
base_0_far_00,0.02,0.05,3.141592653589793,small_core,0.05,0.0,0.0,3.255304000049364,False
base_0_far_00,0.02,0.05,3.141592653589793,vehicle_core,0.1,0.06513901550902916,0.0,61.86160999993717,False
base_0_far_00,0.02,0.05,4.71238898038469,small_core,0.1,0.0,0.0,8.839128999966306,False
base_0_far_00,0.02,0.05,4.71238898038469,small_core,0.05,0.0,0.0,12.658903999977156,False
base_0_far_00,0.02,0.05,4.71238898038469,vehicle_core,0.1,0.0,0.0,46.6921590000311,False
base_0_free_00,0.02,0.02,0.0,small_core,0.1,0.0,0.0,5.515148999961639,False
base_0_free_00,0.02,0.02,0.0,small_core,0.05,0.0,0.0,9.124311000050511,False
base_0_free_00,0.02,0.02,0.0,vehicle_core,0.1,0.6634043289100436,0.5649748246006288,122.87790599998516,False
base_0_free_00,0.02,0.02,1.5707963267948966,small_core,0.1,0.0,0.0,3.7276850000580453,False
base_0_free_00,0.02,0.02,1.5707963267948966,small_core,0.05,0.0,0.0,6.761362000020199,False
base_0_free_00,0.02,0.02,1.5707963267948966,vehicle_core,0.1,0.6577018450872435,0.6340015050628547,136.70109800000319,False
base_0_free_00,0.02,0.02,3.141592653589793,small_core,0.1,0.0,0.0,3.908042000034584,False
base_0_free_00,0.02,0.02,3.141592653589793,small_core,0.05,0.0,0.0,7.628708000083861,False
base_0_free_00,0.02,0.02,3.141592653589793,vehicle_core,0.1,0.6589062074786407,0.5649748246006288,128.56680199990933,False
base_0_free_00,0.02,0.02,4.71238898038469,small_core,0.1,0.0,0.0,5.403670999953647,False
base_0_free_00,0.02,0.02,4.71238898038469,small_core,0.05,0.0,0.0,6.7964940000138085,False
base_0_free_00,0.02,0.02,4.71238898038469,vehicle_core,0.1,0.5622098239315875,0.5622098239315875,121.55571000005239,False
base_0_free_00,0.02,0.05,0.0,small_core,0.1,0.0,0.0,3.6388519999945856,False
base_0_free_00,0.02,0.05,0.0,small_core,0.05,0.0,0.0,4.866220999929283,False
base_0_free_00,0.02,0.05,0.0,vehicle_core,0.1,0.6504320382668866,0.2223761417701807,212.3311579999836,False
base_0_free_00,0.02,0.05,1.5707963267948966,small_core,0.1,0.0,0.0,2.406337000024905,False
base_0_free_00,0.02,0.05,1.5707963267948966,small_core,0.05,0.0,0.0,4.02562100009618,False
base_0_free_00,0.02,0.05,1.5707963267948966,vehicle_core,0.1,0.4032825310892932,0.2067195980192842,126.7484439999862,False
base_0_free_00,0.02,0.05,3.141592653589793,small_core,0.1,0.0,0.0,3.03145600003063,False
base_0_free_00,0.02,0.05,3.141592653589793,small_core,0.05,0.0,0.0,3.475696999998945,False
base_0_free_00,0.02,0.05,3.141592653589793,vehicle_core,0.1,0.06513901550902916,0.0,52.78913200004354,False
base_0_free_00,0.02,0.05,4.71238898038469,small_core,0.1,0.0,0.0,5.884649999984504,False
base_0_free_00,0.02,0.05,4.71238898038469,small_core,0.05,0.0,0.0,7.52425600001061,False
base_0_free_00,0.02,0.05,4.71238898038469,vehicle_core,0.1,0.0,0.0,32.436265000001185,False
base_0_near_00,0.02,0.02,0.0,small_core,0.1,0.0,0.0,4.508114000032037,False
base_0_near_00,0.02,0.02,0.0,small_core,0.05,0.0,0.0,7.368801999973584,False
base_0_near_00,0.02,0.02,0.0,vehicle_core,0.1,0.0,0.0,9.891077000020232,False
base_0_near_00,0.02,0.02,1.5707963267948966,small_core,0.1,0.0,0.0,4.434460999959811,False
base_0_near_00,0.02,0.02,1.5707963267948966,small_core,0.05,0.0,0.0,6.965659000002233,False
base_0_near_00,0.02,0.02,1.5707963267948966,vehicle_core,0.1,0.0,0.0,11.35066699998788,False
base_0_near_00,0.02,0.02,3.141592653589793,small_core,0.1,0.0,0.0,3.887915000063913,False
base_0_near_00,0.02,0.02,3.141592653589793,small_core,0.05,0.0,0.0,6.321505999949295,False
base_0_near_00,0.02,0.02,3.141592653589793,vehicle_core,0.1,0.0,0.0,11.446972000044298,False
base_0_near_00,0.02,0.02,4.71238898038469,small_core,0.1,0.0,0.0,5.0424620000057985,False
base_0_near_00,0.02,0.02,4.71238898038469,small_core,0.05,0.0,0.0,6.978133000075104,False
base_0_near_00,0.02,0.02,4.71238898038469,vehicle_core,0.1,0.0,0.0,10.950578000006317,False
base_0_near_00,0.02,0.05,0.0,small_core,0.1,0.0,0.0,3.5237430000734093,False
base_0_near_00,0.02,0.05,0.0,small_core,0.05,0.0,0.0,4.945404999944003,False
base_0_near_00,0.02,0.05,0.0,vehicle_core,0.1,0.0,0.0,19.09910500000933,False
base_0_near_00,0.02,0.05,1.5707963267948966,small_core,0.1,0.0,0.0,2.417415999957484,False
base_0_near_00,0.02,0.05,1.5707963267948966,small_core,0.05,0.0,0.0,4.053324999972574,False
base_0_near_00,0.02,0.05,1.5707963267948966,vehicle_core,0.1,0.0,0.0,18.176966000055472,False
base_0_near_00,0.02,0.05,3.141592653589793,small_core,0.1,0.0,0.0,2.6685180000640685,False
base_0_near_00,0.02,0.05,3.141592653589793,small_core,0.05,0.0,0.0,3.4808799999836992,False
base_0_near_00,0.02,0.05,3.141592653589793,vehicle_core,0.1,0.0,0.0,17.03290700004345,False
base_0_near_00,0.02,0.05,4.71238898038469,small_core,0.1,0.0,0.0,4.937793999943096,False
base_0_near_00,0.02,0.05,4.71238898038469,small_core,0.05,0.0,0.0,7.01804700008779,False
base_0_near_00,0.02,0.05,4.71238898038469,vehicle_core,0.1,0.0,0.0,16.629503999979534,False
base_1_far_00,0.02,0.02,0.0,small_core,0.1,0.0,0.0,3.7233640000522428,False
base_1_far_00,0.02,0.02,0.0,small_core,0.05,0.0,0.0,7.453379000025961,False
base_1_far_00,0.02,0.02,0.0,vehicle_core,0.1,0.0,0.0,26.73885700005485,False
base_1_far_00,0.02,0.02,1.5707963267948966,small_core,0.1,0.0,0.0,4.118234999964443,False
base_1_far_00,0.02,0.02,1.5707963267948966,small_core,0.05,0.0,0.0,5.931046999990031,False
base_1_far_00,0.02,0.02,1.5707963267948966,vehicle_core,0.1,0.0,0.0,18.814619999943716,False
base_1_far_00,0.02,0.02,3.141592653589793,small_core,0.1,0.0,0.0,4.543816000023071,False
base_1_far_00,0.02,0.02,3.141592653589793,small_core,0.05,0.0,0.0,6.171633000008114,False
base_1_far_00,0.02,0.02,3.141592653589793,vehicle_core,0.1,0.0,0.0,21.838700999978755,False
base_1_far_00,0.02,0.02,4.71238898038469,small_core,0.1,0.0,0.0,4.843026000003192,False
base_1_far_00,0.02,0.02,4.71238898038469,small_core,0.05,0.0,0.0,7.775558000048477,False
base_1_far_00,0.02,0.02,4.71238898038469,vehicle_core,0.1,0.0,0.0,11.251264999941668,False
base_1_far_00,0.02,0.05,0.0,small_core,0.1,0.0,0.0,3.7728160000369826,False
base_1_far_00,0.02,0.05,0.0,small_core,0.05,0.0,0.0,5.856231999928241,False
base_1_far_00,0.02,0.05,0.0,vehicle_core,0.1,0.0,0.0,32.29570499991041,False
base_1_far_00,0.02,0.05,1.5707963267948966,small_core,0.1,0.0,0.0,2.741580999895632,False
base_1_far_00,0.02,0.05,1.5707963267948966,small_core,0.05,0.0,0.0,5.186421999951563,False
base_1_far_00,0.02,0.05,1.5707963267948966,vehicle_core,0.1,0.0,0.0,15.137904999960483,False
base_1_far_00,0.02,0.05,3.141592653589793,small_core,0.1,0.0,0.0,3.887920000011036,False
base_1_far_00,0.02,0.05,3.141592653589793,small_core,0.05,0.0,0.0,3.6222170000428378,False
base_1_far_00,0.02,0.05,3.141592653589793,vehicle_core,0.1,0.0,0.0,16.165300000011484,False
base_1_far_00,0.02,0.05,4.71238898038469,small_core,0.1,0.0,0.0,3.1552210000427294,False
base_1_far_00,0.02,0.05,4.71238898038469,small_core,0.05,0.0,0.0,5.7009189999917,False
base_1_far_00,0.02,0.05,4.71238898038469,vehicle_core,0.1,0.0,0.0,16.60781800001132,False
base_1_free_00,0.02,0.02,0.0,small_core,0.1,0.0,0.0,3.831589000014901,False
base_1_free_00,0.02,0.02,0.0,small_core,0.05,0.0,0.0,8.074567999983628,False
base_1_free_00,0.02,0.02,0.0,vehicle_core,0.1,0.0,0.0,27.196104999916315,False
base_1_free_00,0.02,0.02,1.5707963267948966,small_core,0.1,0.0,0.0,3.874885999948674,False
base_1_free_00,0.02,0.02,1.5707963267948966,small_core,0.05,0.0,0.0,5.793248999907519,False
base_1_free_00,0.02,0.02,1.5707963267948966,vehicle_core,0.1,0.0,0.0,21.114044999990256,False
base_1_free_00,0.02,0.02,3.141592653589793,small_core,0.1,0.0,0.0,4.723583000100007,False
base_1_free_00,0.02,0.02,3.141592653589793,small_core,0.05,0.0,0.0,6.966098999896531,False
base_1_free_00,0.02,0.02,3.141592653589793,vehicle_core,0.1,0.0,0.0,20.985387999985505,False
base_1_free_00,0.02,0.02,4.71238898038469,small_core,0.1,0.0,0.0,3.904694000084419,False
base_1_free_00,0.02,0.02,4.71238898038469,small_core,0.05,0.0,0.0,6.28154099990752,False
base_1_free_00,0.02,0.02,4.71238898038469,vehicle_core,0.1,0.0,0.0,11.217025999940233,False
base_1_free_00,0.02,0.05,0.0,small_core,0.1,0.0,0.0,3.888831000040227,False
base_1_free_00,0.02,0.05,0.0,small_core,0.05,0.0,0.0,5.401624000000993,False
base_1_free_00,0.02,0.05,0.0,vehicle_core,0.1,0.0,0.0,29.752838999911546,False
base_1_free_00,0.02,0.05,1.5707963267948966,small_core,0.1,0.0,0.0,2.6486879999083612,False
base_1_free_00,0.02,0.05,1.5707963267948966,small_core,0.05,0.0,0.0,4.207380000025296,False
base_1_free_00,0.02,0.05,1.5707963267948966,vehicle_core,0.1,0.0,0.0,14.546371999927032,False
base_1_free_00,0.02,0.05,3.141592653589793,small_core,0.1,0.0,0.0,2.9150200000458426,False
base_1_free_00,0.02,0.05,3.141592653589793,small_core,0.05,0.0,0.0,3.9513440000291666,False
base_1_free_00,0.02,0.05,3.141592653589793,vehicle_core,0.1,0.0,0.0,18.673279000040566,False
base_1_free_00,0.02,0.05,4.71238898038469,small_core,0.1,0.0,0.0,3.1428490000280362,False
base_1_free_00,0.02,0.05,4.71238898038469,small_core,0.05,0.0,0.0,6.0941099999354265,False
base_1_free_00,0.02,0.05,4.71238898038469,vehicle_core,0.1,0.0,0.0,17.965083999911258,False
base_1_near_00,0.02,0.02,0.0,small_core,0.1,0.0,0.0,4.7673999999915395,False
base_1_near_00,0.02,0.02,0.0,small_core,0.05,0.0,0.0,8.14371600006325,False
base_1_near_00,0.02,0.02,0.0,vehicle_core,0.1,0.0,0.0,11.410223999973823,False
base_1_near_00,0.02,0.02,1.5707963267948966,small_core,0.1,0.0,0.0,3.8780429999860644,False
base_1_near_00,0.02,0.02,1.5707963267948966,small_core,0.05,0.0,0.0,5.846572000109518,False
base_1_near_00,0.02,0.02,1.5707963267948966,vehicle_core,0.1,0.0,0.0,11.333410000133881,False
base_1_near_00,0.02,0.02,3.141592653589793,small_core,0.1,0.0,0.0,4.494265999937852,False
base_1_near_00,0.02,0.02,3.141592653589793,small_core,0.05,0.0,0.0,6.7642069998328225,False
base_1_near_00,0.02,0.02,3.141592653589793,vehicle_core,0.1,0.0,0.0,12.153985999930228,False
base_1_near_00,0.02,0.02,4.71238898038469,small_core,0.1,0.0,0.0,4.976432000148634,False
base_1_near_00,0.02,0.02,4.71238898038469,small_core,0.05,0.0,0.0,7.236227000021245,False
base_1_near_00,0.02,0.02,4.71238898038469,vehicle_core,0.1,0.0,0.0,10.797736000085933,False
base_1_near_00,0.02,0.05,0.0,small_core,0.1,0.0,0.0,3.89695900003062,False
base_1_near_00,0.02,0.05,0.0,small_core,0.05,0.0,0.0,5.0929649999034154,False
base_1_near_00,0.02,0.05,0.0,vehicle_core,0.1,0.0,0.0,18.531983999992008,False
base_1_near_00,0.02,0.05,1.5707963267948966,small_core,0.1,0.0,0.0,3.6892610000904824,False
base_1_near_00,0.02,0.05,1.5707963267948966,small_core,0.05,0.0,0.0,4.561042999966958,False
base_1_near_00,0.02,0.05,1.5707963267948966,vehicle_core,0.1,0.0,0.0,15.271089999941978,False
base_1_near_00,0.02,0.05,3.141592653589793,small_core,0.1,0.0,0.0,3.493416000083016,False
base_1_near_00,0.02,0.05,3.141592653589793,small_core,0.05,0.0,0.0,3.8014849999399303,False
base_1_near_00,0.02,0.05,3.141592653589793,vehicle_core,0.1,0.0,0.0,17.22961799987388,False
base_1_near_00,0.02,0.05,4.71238898038469,small_core,0.1,0.0,0.0,3.283613000121477,False
base_1_near_00,0.02,0.05,4.71238898038469,small_core,0.05,0.0,0.0,6.9627459999992425,False
base_1_near_00,0.02,0.05,4.71238898038469,vehicle_core,0.1,0.0,0.0,16.393110999842975,False
dense_0_far_00,0.02,0.02,0.0,small_core,0.1,0.0,0.0,10.864992000051643,False
dense_0_far_00,0.02,0.02,0.0,small_core,0.05,0.21596264246408808,0.17672011561292322,42.840565999995306,False
dense_0_far_00,0.02,0.02,0.0,vehicle_core,0.1,0.5741099943750895,0.5593174037230693,231.2334569999166,False
dense_0_far_00,0.02,0.02,1.5707963267948966,small_core,0.1,0.0,0.0,9.356907999972464,False
dense_0_far_00,0.02,0.02,1.5707963267948966,small_core,0.05,0.0,0.0,17.30298600000424,False
dense_0_far_00,0.02,0.02,1.5707963267948966,vehicle_core,0.1,0.5741099943750895,0.5593174037230693,225.52182699996592,False
dense_0_far_00,0.02,0.02,3.141592653589793,small_core,0.1,0.0,0.0,10.055818999944677,False
dense_0_far_00,0.02,0.02,3.141592653589793,small_core,0.05,0.0,0.0,17.168898000136323,False
dense_0_far_00,0.02,0.02,3.141592653589793,vehicle_core,0.1,0.5593174037230693,0.5593174037230693,233.00545600000078,False
dense_0_far_00,0.02,0.02,4.71238898038469,small_core,0.1,0.0,0.0,12.909443999888026,False
dense_0_far_00,0.02,0.02,4.71238898038469,small_core,0.05,0.0,0.0,19.90475000002334,False
dense_0_far_00,0.02,0.02,4.71238898038469,vehicle_core,0.1,0.5593174037230693,0.5593174037230693,238.4460109999509,False
dense_0_far_00,0.02,0.05,0.0,small_core,0.1,0.0,0.0,8.104791000050682,False
dense_0_far_00,0.02,0.05,0.0,small_core,0.05,0.0,0.0,12.218153000048915,False
dense_0_far_00,0.02,0.05,0.0,vehicle_core,0.1,0.5741099943750895,0.5295573090538477,399.8724260000017,False
dense_0_far_00,0.02,0.05,1.5707963267948966,small_core,0.1,0.0,0.0,4.984357000012096,False
dense_0_far_00,0.02,0.05,1.5707963267948966,small_core,0.05,0.0,0.0,9.438547000172548,False
dense_0_far_00,0.02,0.05,1.5707963267948966,vehicle_core,0.1,0.5593174037230693,0.5295573090538477,373.4122700000171,False
dense_0_far_00,0.02,0.05,3.141592653589793,small_core,0.1,0.0,0.0,5.136214000003747,False
dense_0_far_00,0.02,0.05,3.141592653589793,small_core,0.05,0.0,0.0,7.115698000006887,False
dense_0_far_00,0.02,0.05,3.141592653589793,vehicle_core,0.1,0.5444267374242017,0.5295573090538477,386.57061399999293,False
dense_0_far_00,0.02,0.05,4.71238898038469,small_core,0.1,0.0,0.0,12.293693999936295,False
dense_0_far_00,0.02,0.05,4.71238898038469,small_core,0.05,0.0,0.0,18.90471699994123,False
dense_0_far_00,0.02,0.05,4.71238898038469,vehicle_core,0.1,0.5444267374242017,0.5294360184792881,393.3758460000263,False
dense_0_free_00,0.02,0.02,0.0,small_core,0.1,0.0,0.0,11.862663000101747,False
dense_0_free_00,0.02,0.02,0.0,small_core,0.05,0.21596264246408808,0.17672011561292322,41.80928000005224,False
dense_0_free_00,0.02,0.02,0.0,vehicle_core,0.1,0.6707395348240929,0.6634043289100436,275.8716490000097,False
dense_0_free_00,0.02,0.02,1.5707963267948966,small_core,0.1,0.0,0.0,9.019487999921694,False
dense_0_free_00,0.02,0.02,1.5707963267948966,small_core,0.05,0.0,0.0,17.854883999916638,False
dense_0_free_00,0.02,0.02,1.5707963267948966,vehicle_core,0.1,0.6652949629905146,0.6634043289100436,265.0835219999408,False
dense_0_free_00,0.02,0.02,3.141592653589793,small_core,0.1,0.0,0.0,10.613294000222595,False
dense_0_free_00,0.02,0.02,3.141592653589793,small_core,0.05,0.0,0.0,16.323054000167758,False
dense_0_free_00,0.02,0.02,3.141592653589793,vehicle_core,0.1,0.6707395348240929,0.6634043289100436,301.7452020001201,False
dense_0_free_00,0.02,0.02,4.71238898038469,small_core,0.1,0.0,0.0,12.656203000005917,False
dense_0_free_00,0.02,0.02,4.71238898038469,small_core,0.05,0.0,0.0,20.62562900005105,False
dense_0_free_00,0.02,0.02,4.71238898038469,vehicle_core,0.1,0.6707395348240929,0.6577018450872435,305.38857299984556,False
dense_0_free_00,0.02,0.05,0.0,small_core,0.1,0.0,0.0,8.955839999998716,False
dense_0_free_00,0.02,0.05,0.0,small_core,0.05,0.0,0.0,12.778228000115632,False
dense_0_free_00,0.02,0.05,0.0,vehicle_core,0.1,0.652155317235169,0.6334817599553438,459.4297710000319,False
dense_0_free_00,0.02,0.05,1.5707963267948966,small_core,0.1,0.0,0.0,4.888386999937211,False
dense_0_free_00,0.02,0.05,1.5707963267948966,small_core,0.05,0.0,0.0,9.602696999991167,False
dense_0_free_00,0.02,0.05,1.5707963267948966,vehicle_core,0.1,0.6389714051165836,0.6389714051165836,443.4685209998861,False
dense_0_free_00,0.02,0.05,3.141592653589793,small_core,0.1,0.0,0.0,6.138121000049068,False
dense_0_free_00,0.02,0.05,3.141592653589793,small_core,0.05,0.0,0.0,6.906657999934396,False
dense_0_free_00,0.02,0.05,3.141592653589793,vehicle_core,0.1,0.6707395348240929,0.6334817599553438,502.805637000165,False
dense_0_free_00,0.02,0.05,4.71238898038469,small_core,0.1,0.0,0.0,12.68048999986604,False
dense_0_free_00,0.02,0.05,4.71238898038469,small_core,0.05,0.0,0.0,19.474325999908615,False
dense_0_free_00,0.02,0.05,4.71238898038469,vehicle_core,0.1,0.6652949629905146,0.6334817599553438,473.93913500013696,False
dense_0_near_00,0.02,0.02,0.0,small_core,0.1,0.0,0.0,10.834042000169575,False
dense_0_near_00,0.02,0.02,0.0,small_core,0.05,0.0,0.0,17.680924000160303,False
dense_0_near_00,0.02,0.02,0.0,vehicle_core,0.1,0.0,0.0,23.941148999938378,False
dense_0_near_00,0.02,0.02,1.5707963267948966,small_core,0.1,0.0,0.0,8.416880999902787,False
dense_0_near_00,0.02,0.02,1.5707963267948966,small_core,0.05,0.0,0.0,18.63099999991391,False
dense_0_near_00,0.02,0.02,1.5707963267948966,vehicle_core,0.1,0.0,0.0,24.867851000180963,False
dense_0_near_00,0.02,0.02,3.141592653589793,small_core,0.1,0.0,0.0,8.787074999872857,False
dense_0_near_00,0.02,0.02,3.141592653589793,small_core,0.05,0.0,0.0,15.586249000079988,False
dense_0_near_00,0.02,0.02,3.141592653589793,vehicle_core,0.1,0.0,0.0,28.7094469999829,False
dense_0_near_00,0.02,0.02,4.71238898038469,small_core,0.1,0.0,0.0,12.399029000107475,False
dense_0_near_00,0.02,0.02,4.71238898038469,small_core,0.05,0.0,0.0,20.293669000011505,False
dense_0_near_00,0.02,0.02,4.71238898038469,vehicle_core,0.1,0.0,0.0,25.896348000060243,False
dense_0_near_00,0.02,0.05,0.0,small_core,0.1,0.0,0.0,7.861866999974154,False
dense_0_near_00,0.02,0.05,0.0,small_core,0.05,0.0,0.0,12.652789999947345,False
dense_0_near_00,0.02,0.05,0.0,vehicle_core,0.1,0.0,0.0,35.99069100005181,False
dense_0_near_00,0.02,0.05,1.5707963267948966,small_core,0.1,0.0,0.0,4.744277999861879,False
dense_0_near_00,0.02,0.05,1.5707963267948966,small_core,0.05,0.0,0.0,8.843205999937709,False
dense_0_near_00,0.02,0.05,1.5707963267948966,vehicle_core,0.1,0.0,0.0,35.585879000109344,False
dense_0_near_00,0.02,0.05,3.141592653589793,small_core,0.1,0.0,0.0,5.005535000009331,False
dense_0_near_00,0.02,0.05,3.141592653589793,small_core,0.05,0.0,0.0,6.662664000032237,False
dense_0_near_00,0.02,0.05,3.141592653589793,vehicle_core,0.1,0.0,0.0,36.35616899987326,False
dense_0_near_00,0.02,0.05,4.71238898038469,small_core,0.1,0.0,0.0,12.044172000059916,False
dense_0_near_00,0.02,0.05,4.71238898038469,small_core,0.05,0.0,0.0,17.23718799985363,False
dense_0_near_00,0.02,0.05,4.71238898038469,vehicle_core,0.1,0.0,0.0,39.373560999820256,False
dense_1_far_00,0.02,0.02,0.0,small_core,0.1,0.0,0.0,9.29378099999667,False
dense_1_far_00,0.02,0.02,0.0,small_core,0.05,0.0,0.0,18.66495300009774,False
dense_1_far_00,0.02,0.02,0.0,vehicle_core,0.1,0.559433341345558,0.5593174037230693,202.976198999977,False
dense_1_far_00,0.02,0.02,1.5707963267948966,small_core,0.1,0.0,0.0,9.557908000033422,False
dense_1_far_00,0.02,0.02,1.5707963267948966,small_core,0.05,0.0,0.0,14.956464000078995,False
dense_1_far_00,0.02,0.02,1.5707963267948966,vehicle_core,0.1,0.5593174037230693,0.5449008646730472,201.07734800012622,False
dense_1_far_00,0.02,0.02,3.141592653589793,small_core,0.1,0.0,0.0,9.859452000000601,False
dense_1_far_00,0.02,0.02,3.141592653589793,small_core,0.05,0.0,0.0,15.622458000052575,False
dense_1_far_00,0.02,0.02,3.141592653589793,vehicle_core,0.1,0.5449008646730472,0.5449008646730472,240.49847599985696,False
dense_1_far_00,0.02,0.02,4.71238898038469,small_core,0.1,0.0,0.0,9.74490099997638,False
dense_1_far_00,0.02,0.02,4.71238898038469,small_core,0.05,0.0,0.0,17.27552400006971,False
dense_1_far_00,0.02,0.02,4.71238898038469,vehicle_core,0.1,0.5449008646730472,0.5445453010728417,230.19027899999855,False
dense_1_far_00,0.02,0.05,0.0,small_core,0.1,0.0,0.0,8.662178000122367,False
dense_1_far_00,0.02,0.05,0.0,small_core,0.05,0.0,0.0,10.94024899998658,False
dense_1_far_00,0.02,0.05,0.0,vehicle_core,0.1,0.5593174037230693,0.5449008646730472,326.44499100001667,False
dense_1_far_00,0.02,0.05,1.5707963267948966,small_core,0.1,0.0,0.0,5.268789999945511,False
dense_1_far_00,0.02,0.05,1.5707963267948966,small_core,0.05,0.0,0.0,9.38363099999151,False
dense_1_far_00,0.02,0.05,1.5707963267948966,vehicle_core,0.1,0.5449008646730472,0.5299210463695964,313.59305199998744,False
dense_1_far_00,0.02,0.05,3.141592653589793,small_core,0.1,0.0,0.0,5.629981000083717,False
dense_1_far_00,0.02,0.05,3.141592653589793,small_core,0.05,0.0,0.0,7.9095979999692645,False
dense_1_far_00,0.02,0.05,3.141592653589793,vehicle_core,0.1,0.5299210463695964,0.5058466493204595,339.9792750001325,False
dense_1_far_00,0.02,0.05,4.71238898038469,small_core,0.1,0.0,0.0,6.02731699996184,False
dense_1_far_00,0.02,0.05,4.71238898038469,small_core,0.05,0.0,0.0,13.489218999893637,False
dense_1_far_00,0.02,0.05,4.71238898038469,vehicle_core,0.1,0.1254510433638136,0.07581576936520537,139.0001839999968,False
dense_1_free_00,0.02,0.02,0.0,small_core,0.1,0.0,0.0,8.96044899991466,False
dense_1_free_00,0.02,0.02,0.0,small_core,0.05,0.0,0.0,20.38333999985298,False
dense_1_free_00,0.02,0.02,0.0,vehicle_core,0.1,0.6443157830647742,0.6414431260032208,252.0172150000235,False
dense_1_free_00,0.02,0.02,1.5707963267948966,small_core,0.1,0.0,0.0,10.251286000084292,False
dense_1_free_00,0.02,0.02,1.5707963267948966,small_core,0.05,0.0,0.0,15.223412000068492,False
dense_1_free_00,0.02,0.02,1.5707963267948966,vehicle_core,0.1,0.6414431260032208,0.6374221182734368,243.9673930000481,False
dense_1_free_00,0.02,0.02,3.141592653589793,small_core,0.1,0.0,0.0,12.855497000145988,False
dense_1_free_00,0.02,0.02,3.141592653589793,small_core,0.05,0.0,0.0,16.72363799980303,False
dense_1_free_00,0.02,0.02,3.141592653589793,vehicle_core,0.1,0.6374221182734368,0.6297280723333983,300.6318939999346,False
dense_1_free_00,0.02,0.02,4.71238898038469,small_core,0.1,0.0,0.0,9.39541000002464,False
dense_1_free_00,0.02,0.02,4.71238898038469,small_core,0.05,0.0,0.0,18.00591699998222,False
dense_1_free_00,0.02,0.02,4.71238898038469,vehicle_core,0.1,0.6497212205477614,0.6297280723333983,284.4809079999777,False
dense_1_free_00,0.02,0.05,0.0,small_core,0.1,0.0,0.0,9.245449999980337,False
dense_1_free_00,0.02,0.05,0.0,small_core,0.05,0.0,0.0,11.582416000010198,False
dense_1_free_00,0.02,0.05,0.0,vehicle_core,0.1,0.63690492277863,0.6297280723333983,402.43490900002143,False
dense_1_free_00,0.02,0.05,1.5707963267948966,small_core,0.1,0.0,0.0,7.339804000139338,False
dense_1_free_00,0.02,0.05,1.5707963267948966,small_core,0.05,0.0,0.0,10.286533999988023,False
dense_1_free_00,0.02,0.05,1.5707963267948966,vehicle_core,0.1,0.6247966494997632,0.6247966494997632,361.4063850000093,False
dense_1_free_00,0.02,0.05,3.141592653589793,small_core,0.1,0.0,0.0,7.230110999898898,False
dense_1_free_00,0.02,0.05,3.141592653589793,small_core,0.05,0.0,0.0,7.890243999781887,False
dense_1_free_00,0.02,0.05,3.141592653589793,vehicle_core,0.1,0.5685294719175986,0.5058466493204595,357.47402000015427,False
dense_1_free_00,0.02,0.05,4.71238898038469,small_core,0.1,0.0,0.0,5.7717849999789905,False
dense_1_free_00,0.02,0.05,4.71238898038469,small_core,0.05,0.0,0.0,13.617367000051672,False
dense_1_free_00,0.02,0.05,4.71238898038469,vehicle_core,0.1,0.1254510433638136,0.07581576936520537,147.28084399985164,False
dense_1_near_00,0.02,0.02,0.0,small_core,0.1,0.0,0.0,8.584422000012637,False
dense_1_near_00,0.02,0.02,0.0,small_core,0.05,0.0,0.0,19.395015999862153,False
dense_1_near_00,0.02,0.02,0.0,vehicle_core,0.1,0.0,0.0,26.70188699994469,False
dense_1_near_00,0.02,0.02,1.5707963267948966,small_core,0.1,0.0,0.0,9.027589999959673,False
dense_1_near_00,0.02,0.02,1.5707963267948966,small_core,0.05,0.0,0.0,15.144528000064383,False
dense_1_near_00,0.02,0.02,1.5707963267948966,vehicle_core,0.1,0.0,0.0,26.969081999823175,False
dense_1_near_00,0.02,0.02,3.141592653589793,small_core,0.1,0.0,0.0,9.441218000119989,False
dense_1_near_00,0.02,0.02,3.141592653589793,small_core,0.05,0.0,0.0,17.65749100013636,False
dense_1_near_00,0.02,0.02,3.141592653589793,vehicle_core,0.1,0.0,0.0,27.687183000125515,False
dense_1_near_00,0.02,0.02,4.71238898038469,small_core,0.1,0.0,0.0,9.97379299997192,False
dense_1_near_00,0.02,0.02,4.71238898038469,small_core,0.05,0.0,0.0,17.328167999949073,False
dense_1_near_00,0.02,0.02,4.71238898038469,vehicle_core,0.1,0.0,0.0,26.956915000027948,False
dense_1_near_00,0.02,0.05,0.0,small_core,0.1,0.0,0.0,8.557747000168092,False
dense_1_near_00,0.02,0.05,0.0,small_core,0.05,0.0,0.0,11.876622000045245,False
dense_1_near_00,0.02,0.05,0.0,vehicle_core,0.1,0.0,0.0,39.29649099995913,False
dense_1_near_00,0.02,0.05,1.5707963267948966,small_core,0.1,0.0,0.0,4.793817000063427,False
dense_1_near_00,0.02,0.05,1.5707963267948966,small_core,0.05,0.0,0.0,9.694253000134267,False
dense_1_near_00,0.02,0.05,1.5707963267948966,vehicle_core,0.1,0.0,0.0,35.902661999898555,False
dense_1_near_00,0.02,0.05,3.141592653589793,small_core,0.1,0.0,0.0,5.640427999878739,False
dense_1_near_00,0.02,0.05,3.141592653589793,small_core,0.05,0.0,0.0,7.636829000148282,False
dense_1_near_00,0.02,0.05,3.141592653589793,vehicle_core,0.1,0.0,0.0,36.827116000040405,False
dense_1_near_00,0.02,0.05,4.71238898038469,small_core,0.1,0.0,0.0,5.5804730000090785,False
dense_1_near_00,0.02,0.05,4.71238898038469,small_core,0.05,0.0,0.0,13.777159999790456,False
dense_1_near_00,0.02,0.05,4.71238898038469,vehicle_core,0.1,0.0,0.0,36.28402999993341,False
