phase,step,frame,timestamp,throttle,brake,steer,before_speed,sampled_acceleration,x,y,z,yaw,vx,vy,vz,speed
drive,0,8250,88.66878534853458,0.2,0.0,0.0,0.0004358551671576907,-0.0032289413336426516,-24.33634376525879,-57.78568649291992,-0.006512870546430349,0.5967371463775635,5.089999103802256e-05,0.00026964605785906315,-0.0019201850518584251,0.0002744081004755581
drive,1,8251,88.71878534927964,0.2,0.0,0.0,0.0002744081004755581,-0.002122752536218606,-24.336349487304688,-57.78569030761719,-0.006667594891041517,0.5967385172843933,2.8148469937150367e-05,0.0001658994151512161,-0.003805885324254632,0.00016827047366462782
drive,2,8252,88.7687853500247,0.2,0.0,0.0,0.00016827047366462782,-0.001354226939278163,-24.33635139465332,-57.78569793701172,-0.006871070712804794,0.5967389941215515,1.4480167010333389e-05,9.951111860573292e-05,-0.004202261101454496,0.00010055912670071967
drive,3,8253,88.81878535076976,0.2,0.0,0.0,0.00010055912670071967,-0.0020111825340143933,-24.33635139465332,-57.78569793701172,-0.006871070712804794,0.5967389941215515,0.0,0.0,0.0,0.0
drive,4,8254,88.86878535151482,0.2,0.0,0.0,0.0,0.0003008982487565235,-24.336355209350586,-57.785701751708984,-0.0070957946591079235,0.5967394709587097,6.806625947319844e-07,1.5029507267172448e-05,-0.0016977309715002775,1.5044912437826175e-05
drive,5,8255,88.91878535225987,0.2,0.0,0.0,1.5044912437826175e-05,2.925583144609305e-05,-24.336355209350586,-57.785701751708984,-0.007195090875029564,0.5967394709587097,5.50642312191485e-07,1.649851765250787e-05,-0.0020920466631650925,1.6507704010130828e-05
drive,6,8256,88.96878535300493,0.2,0.0,0.0,1.6507704010130828e-05,-0.00023893718557011206,-24.336355209350586,-57.785701751708984,-0.007298049982637167,0.5967395305633545,4.6951575427556236e-07,4.536613232630771e-06,-0.001995410770177841,4.560844731625224e-06
drive,7,8257,89.01878535374999,0.2,0.0,0.0,4.560844731625224e-06,-2.924581131020953e-05,-24.336355209350586,-57.785701751708984,-0.007388572674244642,0.5967395305633545,2.9663507916666276e-07,3.0843225431453902e-06,-0.0016716289101168513,3.0985541661147474e-06
drive,8,8258,89.06878535449505,0.2,0.0,0.0,3.0985541661147474e-06,-2.3498705927485156e-05,-24.336355209350586,-57.785701751708984,-0.007460517808794975,0.5967395901679993,1.312779147610854e-07,1.919134092531749e-06,-0.001282434444874525,1.9236188697404896e-06
drive,9,8259,89.1187853552401,0.2,0.0,0.0,1.9236188697404896e-06,-1.396446831127782e-05,-24.336355209350586,-57.78570556640625,-0.007513389457017183,0.5967395901679993,1.5818525866961863e-07,1.215142560795357e-06,-0.0009149837424047291,1.2253954541765985e-06
drive,10,8260,89.16878535598516,0.2,0.0,0.0,1.2253954541765985e-06,-5.517463702048384e-06,-24.336355209350586,-57.78570556640625,-0.007549590896815062,0.5967395901679993,4.968756428525012e-08,9.482213272349327e-07,-0.0006079101585783064,9.495222690741793e-07
drive,11,8261,89.21878535673022,0.2,0.0,0.0,9.495222690741793e-07,-4.3507384400473265e-06,-24.336355209350586,-57.78570556640625,-0.007572670001536608,0.5967395901679993,7.031938764612278e-08,7.285998435690999e-07,-0.0003736305225174874,7.31985347071813e-07
drive,12,8262,89.26878535747528,0.2,0.0,0.0,7.31985347071813e-07,-5.821100432556576e-06,-24.336355209350586,-57.78570556640625,-0.007577247451990843,0.5967395901679993,8.549599250784468e-09,4.4084742967243074e-07,-4.299163629184477e-05,4.4093032544398416e-07
drive,13,8263,89.31878535822034,0.2,0.0,0.0,4.4093032544398416e-07,-1.435096656527148e-06,-24.336355209350586,-57.78570556640625,-0.007579650729894638,0.5967395901679993,-2.3799310966410303e-08,3.684075693399791e-07,-4.87899778818246e-05,3.6917549261762676e-07
drive,14,8264,89.3687853589654,0.2,0.0,0.0,3.6917549261762676e-07,-2.854959858416707e-06,-24.336355209350586,-57.78570556640625,-0.007581977639347315,0.5967395901679993,-7.740868390726519e-09,2.262951426246218e-07,-4.46701051259879e-05,2.264274996967914e-07
drive,15,8265,89.41878535971045,0.2,0.0,0.0,2.264274996967914e-07,-1.5484007646539896e-06,-24.336355209350586,-57.78570556640625,-0.007583961356431246,0.5967395901679993,9.910854359418408e-10,1.490041654506058e-07,-3.717422441695817e-05,1.4900746146409193e-07
drive,16,8266,89.46878536045551,0.2,0.0,0.0,1.4900746146409193e-07,-5.375241955036146e-07,-24.336355209350586,-57.78570556640625,-0.0075855255126953125,0.5967395901679993,4.884424864570747e-09,1.2203354060602578e-07,-2.7370451789465733e-05,1.221312516889112e-07
drive,17,8267,89.51878536120057,0.2,0.0,0.0,1.221312516889112e-07,-1.6428324647125552e-06,-24.336355209350586,-57.78570556640625,-0.007586631458252668,0.5967395901679993,5.657561530370003e-09,3.9587401801099986e-08,-1.9769668142544106e-05,3.9989628453283445e-08
drive,18,8268,89.56878536194563,0.2,0.0,0.0,3.9989628453283445e-08,3.500960029015873e-07,-24.336355209350586,-57.78570556640625,-0.007586631458252668,0.5967395901679993,-4.416892807057593e-08,3.6806454772886354e-08,-1.2340545254119206e-05,5.749442859836281e-08
drive,19,8269,89.61878536269069,0.2,0.0,0.0,5.749442859836281e-08,1.8978649833523048e-07,-24.336355209350586,-57.78570556640625,-0.007587852422147989,0.5967395901679993,1.2324471221347721e-08,-6.584019018873732e-08,-8.163451639120467e-06,6.698375351512433e-08
drive,20,8270,89.66878536343575,0.2,0.0,0.0,6.698375351512433e-08,1.6322306693672561e-06,-24.336355209350586,-57.78570556640625,-0.007587852422147989,0.5967395901679993,-4.467804259888908e-08,-1.417195534259008e-07,-7.915496667010302e-07,1.4859528698348714e-07
drive,21,8271,89.7187853641808,0.2,0.0,0.0,1.4859528698348714e-07,-1.800178392849946e-06,-24.336355209350586,-57.78570556640625,-0.007587852422147989,0.5967395901679993,1.642237634769117e-08,5.6237603018871596e-08,-4.386901650832442e-07,5.858636734098985e-08
drive,22,8272,89.76878536492586,0.2,0.0,0.0,5.858636734098985e-08,-1.5675633611979815e-07,-24.336355209350586,-57.78570556640625,-0.007587852422147989,0.5967395901679993,-1.3707812662744345e-08,4.886216586896808e-08,-9.5367431640625e-07,5.074855053499994e-08
drive,23,8273,89.81878536567092,0.2,0.0,0.0,5.074855053499994e-08,3.881682228161856e-07,-24.336355209350586,-57.78570556640625,-0.007587852422147989,0.5967395901679993,3.728371833489064e-09,7.005782265423477e-08,-1.3160705520931515e-06,7.015696167580922e-08
drive,24,8274,89.86878536641598,0.2,0.0,0.0,7.015696167580922e-08,1.8739526707812587e-06,-24.336355209350586,-57.78570556640625,-0.007587852422147989,0.5967395901679993,6.503058358475755e-08,1.503973123817559e-07,-1.4591216768167214e-06,1.6385459521487216e-07
drive,25,8275,89.91878536716104,0.2,0.0,0.0,1.6385459521487216e-07,-7.487147383804765e-07,-24.336355209350586,-57.78570556640625,-0.007587852422147989,0.5967395901679993,1.845712382930742e-08,1.2506423274771805e-07,-1.8501281147109694e-06,1.2641885829584834e-07
drive,26,8276,89.9687853679061,0.2,0.0,0.0,1.2641885829584834e-07,-8.188150698301421e-07,-24.336355209350586,-57.78570556640625,-0.007587852422147989,0.5967395901679993,7.768708343292019e-08,-3.565422090900938e-08,-1.3160705520931515e-06,8.547810480434123e-08
drive,27,8277,90.01878536865115,0.2,0.0,0.0,8.547810480434123e-08,2.0330246128876035e-06,-24.336355209350586,-57.78570556640625,-0.007587852422147989,0.5967395901679993,-5.896729859955485e-08,-1.7759573722742061e-07,-1.3351440202313825e-06,1.871293354487214e-07
drive,28,8278,90.06878536939621,0.2,0.0,0.0,1.871293354487214e-07,-2.220169685961296e-06,-24.336355209350586,-57.78570556640625,-0.007587852422147989,0.5967395901679993,4.083376836661046e-08,6.424163245810632e-08,-1.6403197378167533e-06,7.612085115065659e-08
drive,29,8279,90.11878537014127,0.2,0.0,0.0,7.612085115065659e-08,-2.170903982353462e-07,-24.336355209350586,-57.78570556640625,-0.007587852422147989,0.5967395901679993,-4.937689368489373e-08,-4.268039788257738e-08,-2.193450825416221e-07,6.526633123888928e-08
drive,30,8280,90.16878537088633,0.2,0.0,0.0,6.526633123888928e-08,1.0181637429209766e-06,-24.336355209350586,-57.78570556640625,-0.007587852422147989,0.5967395901679993,9.404812040259003e-09,1.1579321324006742e-07,-7.05719003235572e-07,1.1617451838493811e-07
drive,31,8281,90.21878537163138,0.2,0.0,0.0,1.1617451838493811e-07,-1.4935852958586088e-06,-24.336355209350586,-57.78570556640625,-0.007587852422147989,0.5967395901679993,-2.7114039014008995e-08,-3.1411541812076393e-08,-4.1961669694501325e-07,4.149525359200767e-08
drive,32,8282,90.26878537237644,0.2,0.0,0.0,4.149525359200767e-08,-1.3460982482834434e-07,-24.336355209350586,-57.78570556640625,-0.007587852422147989,0.5967395901679993,-1.3466625148339517e-08,-3.205056486876856e-08,-5.340576194612368e-07,3.4764762350590455e-08
drive,33,8283,90.3187853731215,0.2,0.0,0.0,3.4764762350590455e-08,-7.363664298925164e-08,-24.336355209350586,-57.78570556640625,-0.007587852422147989,0.5967395901679993,-9.422717051066343e-10,-3.1068644545939605e-08,-6.294250169958104e-07,3.108293020112787e-08
drive,34,8284,90.36878537386656,0.2,0.0,0.0,3.108293020112787e-08,-3.730245197497633e-08,-24.336355209350586,-57.78570556640625,-0.007587852422147989,0.5967395901679993,9.053178651186045e-09,-2.7779853084552997e-08,-7.152557373046875e-07,2.9217807602379056e-08
drive,35,8285,90.41878537461162,0.2,0.0,0.0,2.9217807602379056e-08,6.482387503596013e-08,-24.336355209350586,-57.78570556640625,-0.007587852422147989,0.5967395901679993,1.657396531129507e-08,-2.7908608757343245e-08,-8.010864007701457e-07,3.245900135417706e-08
drive,36,8286,90.46878537535667,0.2,0.0,0.0,3.245900135417706e-08,-1.6181065535250384e-07,-24.336355209350586,-57.78570556640625,-0.007587852422147989,0.5967395901679993,1.5836066680208205e-08,-1.8521372879831688e-08,-8.773803301664884e-07,2.436846858655187e-08
drive,37,8287,90.51878537610173,0.2,0.0,0.0,2.436846858655187e-08,-3.764284454126495e-07,-24.336355209350586,-57.78570556640625,-0.007587852422147989,0.5967395901679993,-1.3996501735391575e-09,5.367560174107666e-09,-1.907348590179936e-08,5.5470463159193935e-09
drive,38,8288,90.56878537684679,0.2,0.0,0.0,5.5470463159193935e-09,2.621491198441154e-07,-24.336355209350586,-57.78570556640625,-0.007587852422147989,0.5967395901679993,-4.8979607036869766e-09,1.8000012147467714e-08,-9.536742595628311e-08,1.8654502308125163e-08
drive,39,8289,90.61878537759185,0.2,0.0,0.0,1.8654502308125163e-08,2.6189297818114956e-07,-24.336355209350586,-57.78570556640625,-0.007587852422147989,0.5967395901679993,-8.396122019860286e-09,3.061884612520771e-08,-1.7166136956348055e-07,3.174915121718264e-08
drive,40,8290,90.6687853783369,0.2,0.0,0.0,3.174915121718264e-08,-8.695321073433752e-08,-24.336355209350586,-57.78570556640625,-0.007587852422147989,0.5967395901679993,-2.6875843772700136e-09,2.726937076147351e-08,-2.5749204723979346e-07,2.7401490680465767e-08
drive,41,8291,90.71878537908196,0.2,0.0,0.0,2.7401490680465767e-08,-5.235813460820822e-08,-24.336355209350586,-57.78570556640625,-0.007587852422147989,0.5967395901679993,3.0232938375007734e-09,2.4598490355742797e-08,-3.433227391269611e-07,2.4783583950055356e-08
drive,42,8292,90.76878537982702,0.2,0.0,0.0,2.4783583950055356e-08,-1.4013303699084892e-07,-24.336355209350586,-57.78570556640625,-0.007587852422147989,0.5967395901679993,1.2207043376122328e-08,1.2923134562470295e-08,-4.76837158203125e-07,1.777693210051291e-08
drive,43,8293,90.81878538057208,0.2,0.0,0.0,1.777693210051291e-08,3.623729002372158e-08,-24.336355209350586,-57.78570556640625,-0.007587852422147989,0.5967395901679993,1.958786022271397e-08,-1.9153119368287008e-10,-6.103515488575795e-07,1.9588796601698988e-08
drive,44,8294,90.86878538131714,0.2,0.0,0.0,1.9588796601698988e-08,4.4513923866913495e-08,-24.336355209350586,-57.78570556640625,-0.007587852422147989,0.5967395901679993,1.9316212629405527e-08,-1.01368646809874e-08,-7.05719003235572e-07,2.1814492795044663e-08
drive,45,8295,90.9187853820622,0.2,0.0,0.0,2.1814492795044663e-08,-4.3628985590089323e-07,-24.336355209350586,-57.78570556640625,-0.007587852422147989,0.5967395901679993,0.0,0.0,0.0,0.0
drive,46,8296,90.96878538280725,0.2,0.0,0.0,0.0,1.0495932673366939e-07,-24.336355209350586,-57.78570556640625,-0.007587852422147989,0.5967395901679993,-3.958485539357071e-09,-3.445510543542696e-09,-1.0490417423625331e-07,5.24796633668347e-09
drive,47,8297,91.01878538355231,0.2,0.0,0.0,5.24796633668347e-09,1.0263473400222016e-07,-24.336355209350586,-57.78570556640625,-0.007587852422147989,0.5967395901679993,-7.922758449296907e-09,-6.705828337061348e-09,-2.0027160019253643e-07,1.0379703036794478e-08
drive,48,8298,91.06878538429737,0.2,0.0,0.0,1.0379703036794478e-08,1.0264794636465586e-07,-24.336355209350586,-57.78570556640625,-0.007587852422147989,0.5967395901679993,-1.1887031803325954e-08,-9.966129255190026e-09,-2.9563904035967425e-07,1.551210035502727e-08
drive,49,8299,91.11878538504243,0.2,0.0,0.0,1.551210035502727e-08,1.3158354199086562e-08,-24.336355209350586,-57.78570556640625,-0.007587852422147989,0.5967395901679993,-1.2804432181212633e-08,-9.875019024718767e-09,-3.9100646631595737e-07,1.61700180649816e-08
drive,50,8300,91.16878538578749,0.2,0.0,0.0,1.61700180649816e-08,-4.307047226989757e-08,-24.336355209350586,-57.78570556640625,-0.007587852422147989,0.5967395901679993,-9.847017423680882e-09,-9.97488669440827e-09,-4.76837158203125e-07,1.401649445148672e-08
drive,51,8301,91.21878538653255,0.2,0.0,0.0,1.401649445148672e-08,-1.4138004334017032e-08,-24.336355209350586,-57.78570556640625,-0.007587852422147989,0.5967395901679993,-4.136095910212134e-09,-1.2650613001596867e-08,-5.626678216685832e-07,1.3309594234785869e-08
drive,52,8302,91.2687853872776,0.2,0.0,0.0,1.3309594234785869e-08,1.8589484682041025e-08,-24.336355209350586,-57.78570556640625,-0.007587852422147989,0.5967395901679993,6.604764513085115e-10,-1.4223742184071853e-08,-6.580352760465757e-07,1.423906846888792e-08
drive,53,8303,91.31878538802266,0.2,0.0,0.0,1.423906846888792e-08,-1.3449079356418144e-07,-24.336355209350586,-57.78570556640625,-0.007587852422147989,0.5967395901679993,-6.341423219868858e-11,-7.514261213259488e-09,-7.438659395120339e-07,7.514528790678848e-09
drive,54,8304,91.36878538876772,0.2,0.0,0.0,7.514528790678848e-09,1.4420886534739567e-08,-24.336355209350586,-57.78570556640625,-0.007587852422147989,0.5967395901679993,-2.099799001342717e-09,7.96338550657083e-09,-3.814697180359872e-08,8.235573117415826e-09
drive,55,8305,91.41878538951278,0.2,0.0,0.0,8.235573117415826e-09,9.041503720106026e-08,-24.336355209350586,-57.78570556640625,-0.007587852422147989,0.5967395901679993,-1.9090440339653014e-09,1.2612667354972018e-08,-1.1444091541079615e-07,1.2756324977468839e-08
drive,56,8306,91.46878539025784,0.2,0.0,0.0,1.2756324977468839e-08,-4.28714518969022e-08,-24.336355209350586,-57.78570556640625,-0.007587852422147989,0.5967395901679993,3.802056003365806e-09,9.908323939100683e-09,-2.0027160019253643e-07,1.0612752382623729e-08
drive,57,8307,91.5187853910029,0.2,0.0,0.0,1.0612752382623729e-08,2.6807554069377002e-08,-24.336355209350586,-57.78570556640625,-0.007587852422147989,0.5967395901679993,9.512932663824358e-09,7.23750170905646e-09,-2.8610227786884934e-07,1.1953130086092579e-08
drive,58,8308,91.56878539174795,0.2,0.0,0.0,1.1953130086092579e-08,5.967678260364392e-08,-24.336355209350586,-57.78570556640625,-0.007587852422147989,0.5967395901679993,1.3392382314236784e-08,6.614918390823732e-09,-3.8146970382513246e-07,1.4936969216274775e-08
drive,59,8309,91.61878539249301,0.2,0.0,0.0,1.4936969216274775e-08,3.841484110506456e-08,-24.336355209350586,-57.78570556640625,-0.007587852422147989,0.5967395901679993,1.451836340038426e-08,8.567353937394273e-09,-4.76837158203125e-07,1.6857711271528003e-08
drive,60,8310,91.66878539323807,0.2,0.0,0.0,1.6857711271528003e-08,-1.0276608925492104e-07,-24.336355209350586,-57.78570556640625,-0.007587852422147989,0.5967395901679993,1.0561391761143568e-08,5.079517695349978e-09,-5.81741346650233e-07,1.1719406808781951e-08
drive,61,8311,91.71878539398313,0.2,0.0,0.0,1.1719406808781951e-08,-9.752113272688992e-08,-24.336355209350586,-57.78570556640625,-0.007587852422147989,0.5967395901679993,6.597117963025312e-09,1.8191965711622515e-09,-6.771087441848067e-07,6.843350172437455e-09
drive,62,8312,91.76878539472818,0.2,0.0,0.0,6.843350172437455e-09,3.5642648857691204,-24.33441925048828,-57.785682678222656,-0.007739524822682142,0.5967416167259216,0.17820358276367188,0.001856332179158926,-3.929138074454386e-06,0.1782132511318062
drive,63,8313,91.81878539547324,0.2,0.0,0.0,0.1782132511318062,12.32004958387198,-24.303600311279297,-57.78536605834961,-0.00935520138591528,0.5967622399330139,0.7941726446151733,0.008272656239569187,-5.610465814243071e-05,0.7942157303254052
drive,64,8314,91.8687853962183,0.2,0.0,0.0,0.7942157303254052,4.574623419915929,-24.253931045532227,-57.7849006652832,-0.010647544637322426,0.6027671098709106,1.0228946208953857,0.010342024266719818,-0.0001253700174856931,1.0229469013212016
drive,65,8315,91.91878539696336,0.2,0.0,0.0,1.0229469013212016,-0.6670461690352703,-24.203693389892578,-57.784271240234375,-0.010709304362535477,0.5906115770339966,0.9895382523536682,0.010559610091149807,-7.405281212413684e-05,0.9895945928694381
drive,66,8316,91.96878539770842,0.2,0.0,0.0,0.9895945928694381,-0.7832102943125796,-24.155969619750977,-57.78388595581055,-0.010131530463695526,0.6024988889694214,0.950386106967926,0.009549062699079514,6.208419563336065e-06,0.9504340781538091
drive,67,8317,92.01878539845347,0.2,0.0,0.0,0.9504340781538091,-0.8460879789380193,-24.110475540161133,-57.78329849243164,-0.00938365887850523,0.5902407169342041,0.9080770611763,0.009775746613740921,5.648612932418473e-05,0.9081296792069081
drive,68,8318,92.06878539919853,0.2,0.0,0.0,0.9081296792069081,-0.8786715821827373,-24.067094802856445,-57.782962799072266,-0.008683204650878906,0.6027646660804749,0.8641527891159058,0.008651964366436005,7.29751554899849e-05,0.8641961000977713
drive,69,8319,92.11878539994359,0.2,0.0,0.0,0.8641961000977713,-0.8926409218271436,-24.025808334350586,-57.78241729736328,-0.00811080913990736,0.5900201201438904,0.8195159435272217,0.008880142122507095,6.231307634152472e-05,0.8195640540064141
drive,70,8320,92.16878540068865,0.2,0.0,0.0,0.8195640540064141,-0.8960286100825754,-23.986610412597656,-57.782127380371094,-0.007679595611989498,0.6029872894287109,0.7747243046760559,0.0077054863795638084,4.438399992068298e-05,0.7747626235022853
drive,71,8321,92.2187854014337,0.2,0.0,0.0,0.7747626235022853,-0.8524816376177236,-23.94950294494629,-57.78163146972656,-0.007374915760010481,0.5907856822013855,0.732096791267395,0.007818717509508133,2.8791426302632317e-05,0.7321385416213991
drive,72,8322,92.26878540217876,0.2,0.0,0.0,0.7321385416213991,-0.8245774536761252,-23.91434097290039,-57.78138732910156,-0.007178306579589844,0.604286253452301,0.6908735632896423,0.007063298020511866,1.1377333976270165e-05,0.6909096689375929
drive,73,8323,92.31878540292382,0.2,0.0,0.0,0.6909096689375929,-0.7981225055976071,-23.881122589111328,-57.780921936035156,-0.007056617643684149,0.5912200212478638,0.6509659290313721,0.006998077966272831,3.7860870634176536e-06,0.6510035436577125
drive,74,8324,92.36878540366888,0.2,0.0,0.0,0.6510035436577125,-0.7735936908175955,-23.849809646606445,-57.78071212768555,-0.006987342610955238,0.604476273059845,0.6122925281524658,0.006194224115461111,-2.6607513063936494e-06,0.6123238591168327
drive,75,8325,92.41878540441394,0.2,0.0,0.0,0.6123238591168327,-0.7505393841287944,-23.82036018371582,-57.78028869628906,-0.006952895782887936,0.591064453125,0.574763298034668,0.006214167922735214,-3.5762786865234375e-06,0.574796889910393
drive,76,8326,92.468785405159,0.2,0.0,0.0,0.574796889910393,-0.7292173004995228,-23.792734146118164,-57.780120849609375,-0.006940574385225773,0.6046251058578491,0.5383092164993286,0.005372440908104181,-3.767013367905747e-06,0.5383360248854169
drive,77,8327,92.51878540590405,0.2,0.0,0.0,0.5383360248854169,-0.7099251455257072,-23.76688575744629,-57.77972412109375,-0.006941718980669975,0.5908949971199036,0.5028092265129089,0.0055419872514903545,-4.377364803076489e-06,0.5028397676091315
drive,78,8328,92.56878540664911,0.2,0.0,0.0,0.5028397676091315,-0.692821733054374,-23.74277687072754,-57.77960205078125,-0.006950225681066513,0.6047691702842712,0.4681767523288727,0.004531382583081722,-1.8596648487800849e-06,0.4681986809564128
drive,79,8329,92.61878540739417,0.2,0.0,0.0,0.4681986809564128,-0.6775366509824787,-23.720375061035156,-57.77923583984375,-0.006962547078728676,0.5907149910926819,0.4342936873435974,0.004945820197463036,-2.326965386600932e-06,0.4343218484072889
drive,80,8330,92.66878540813923,0.2,0.0,0.0,0.4343218484072889,-0.6640033961462122,-23.69964599609375,-57.77914810180664,-0.006976241711527109,0.604931652545929,0.401104599237442,0.0037015555426478386,-5.626678216685832e-07,0.40112167859997827
drive,81,8331,92.71878540888429,0.2,0.0,0.0,0.40112167859997827,-0.6509775031654319,-23.68055534362793,-57.77882385253906,-0.00699005089700222,0.5905515551567078,0.36854690313339233,0.0043693967163562775,-1.6403197378167533e-06,0.3685728034417067
drive,82,8332,92.76878540962934,0.2,0.0,0.0,0.3685728034417067,-0.6881314440019404,-23.663150787353516,-57.77877426147461,-0.006998558063060045,0.6053519248962402,0.3341538608074188,0.002875310368835926,-5.912780807193485e-07,0.33416623124160966
drive,83,8333,92.8187854103744,0.2,0.0,0.0,0.33416623124160966,-0.6710781163159185,-23.647451400756836,-57.778465270996094,-0.007003593258559704,0.5904414653778076,0.30058804154396057,0.0038209264166653156,-1.1539458455445128e-06,0.30061232542581373
drive,84,8334,92.86878541111946,0.2,0.0,0.0,0.30061232542581373,-0.6465492227876823,-23.63338851928711,-57.77846145629883,-0.007009696681052446,0.6055141091346741,0.26827704906463623,0.002047767164185643,-2.403259259153856e-06,0.2682848642864296
drive,85,8335,92.91878541186452,0.2,0.0,0.0,0.2682848642864296,-0.6127806070278308,-23.620893478393555,-57.77818298339844,-0.0070191193372011185,0.5903013348579407,0.23762287199497223,0.003303496865555644,-1.3828276905769599e-06,0.23764583393503808
drive,86,8336,92.96878541260958,0.2,0.0,0.0,0.23764583393503808,-0.5696093348089165,-23.609859466552734,-57.77821350097656,-0.00703441584482789,0.6056126952171326,0.2091614156961441,0.0012856973335146904,-3.623962356869015e-07,0.20916536719459225
drive,87,8337,93.01878541335464,0.2,0.0,0.0,0.20916536719459225,-0.5180027775321444,-23.600168228149414,-57.77796936035156,-0.007055740337818861,0.590215265750885,0.18324269354343414,0.002873877761885524,-6.103515488575795e-07,0.18326522831798503
drive,88,8338,93.0687854140997,0.2,0.0,0.0,0.18326522831798503,-0.4608639044387741,-23.591676712036133,-57.77802276611328,-0.007084236014634371,0.6056427955627441,0.1602206528186798,0.000665056228172034,4.386901650832442e-07,0.16022203309604632
drive,89,8339,93.11878541484475,0.2,0.0,0.0,0.16022203309604632,-0.3992833682400354,-23.58424186706543,-57.77779769897461,-0.007118721026927233,0.5901563763618469,0.14023612439632416,0.002469416940584779,-9.53674295089968e-09,0.14025786468404455
drive,90,8340,93.16878541558981,0.2,0.0,0.0,0.14025786468404455,-0.33826689681440814,-23.577709197998047,-57.77787399291992,-0.007159080356359482,0.6056254506111145,0.12334420531988144,0.0002785487158689648,8.869171210790228e-07,0.12334451984332415
drive,91,8341,93.21878541633487,0.2,0.0,0.0,0.12334451984332415,-0.2818449884547272,-23.571935653686523,-57.77766418457031,-0.007202682550996542,0.5901173949241638,0.10923116654157639,0.002147288527339697,-2.47955313170678e-07,0.10925227042058779
drive,92,8342,93.26878541707993,0.2,0.0,0.0,0.10925227042058779,-0.23073590294301588,-23.566781997680664,-57.777767181396484,-0.007248344365507364,0.6055771708488464,0.09771547466516495,1.09029897430446e-05,7.24792471373803e-07,0.09771547527343699
drive,93,8343,93.31878541782498,0.2,0.0,0.0,0.09771547527343699,-0.18770754570509474,-23.56214141845703,-57.77756881713867,-0.007293205242604017,0.5901045799255371,0.08830903470516205,0.0019288857001811266,-3.814697180359872e-08,0.08833009798818225
drive,94,8344,93.36878541857004,0.2,0.0,0.0,0.08833009798818225,-0.15135635289844157,-23.557912826538086,-57.77766418457031,-0.0073361205868422985,0.6055622696876526,0.0807621106505394,-0.00016555818729102612,7.05719003235572e-07,0.08076228034326018
drive,95,8345,93.4187854193151,0.2,0.0,0.0,0.08076228034326018,-0.12199110893826803,-23.554027557373047,-57.777469635009766,-0.0073757171630859375,0.5901322364807129,0.07464134693145752,0.001786565757356584,3.433227391269611e-07,0.07466272489634677
drive,96,8346,93.46878542006016,0.2,0.0,0.0,0.07466272489634677,-0.09857035834088951,-23.5504093170166,-57.7775764465332,-0.00741092674434185,0.6055770516395569,0.0697336420416832,-0.00028069669497199357,-1.4019011587151908e-06,0.0697342069793023
drive,97,8347,93.51878542080522,0.2,0.0,0.0,0.0697342069793023,-0.07966341159605705,-23.54701805114746,-57.77739715576172,-0.007441672962158918,0.5901556611061096,0.06572919338941574,0.0016946751857176423,4.386901650832442e-07,0.06575103639949945
drive,98,8348,93.56878542155027,0.2,0.0,0.0,0.06575103639949945,-0.06498645994150593,-23.543806076049805,-57.77751922607422,-0.007467727642506361,0.6055892705917358,0.06250069290399551,-0.0003571620909497142,-1.5449523971255985e-06,0.06250171340242415
drive,99,8349,93.61878542229533,0.2,0.0,0.0,0.06250171340242415,-0.05332119674368349,-23.540740966796875,-57.777347564697266,-0.007489776238799095,0.5901821851730347,0.059813279658555984,0.0016361583257094026,-2.708434976739227e-06,0.059835653565239975
drive,100,8350,93.66878542304039,0.2,0.0,0.0,0.059835653565239975,-0.044237282560855296,-23.537799835205078,-57.777469635009766,-0.007507743779569864,0.6056107878684998,0.057622335851192474,-0.000409292260883376,-3.2424927098873013e-07,0.05762378943719721
drive,101,8351,93.71878542378545,0.2,0.0,0.0,0.05762378943719721,-0.03669761444532807,-23.53496551513672,-57.77729797363281,-0.007522277534008026,0.5901816487312317,0.05576614663004875,0.001593494787812233,-1.0490417707842425e-06,0.05578890871493081
drive,102,8352,93.7687854245305,0.2,0.0,0.0,0.05578890871493081,-0.031104358787684416,-23.532209396362305,-57.77742004394531,-0.007534332107752562,0.605590283870697,0.05423182249069214,-0.0004501604998949915,5.435943535303522e-07,0.054233690775546586
drive,103,8353,93.81878542527556,0.2,0.0,0.0,0.054233690775546586,-0.02618187364225602,-23.52952766418457,-57.77724838256836,-0.007543716114014387,0.5901617407798767,0.05290145426988602,0.0015649644192308187,-1.449584942747606e-06,0.052924597093433785
drive,104,8354,93.86878542602062,0.2,0.0,0.0,0.052924597093433785,-0.022728143894722302,-23.526906967163086,-57.77737045288086,-0.007551536429673433,0.6055737733840942,0.05178598314523697,-0.000478082278277725,0.0,0.05178818989869767
drive,105,8355,93.91878542676568,0.2,0.0,0.0,0.05178818989869767,-0.019473101081611405,-23.524343490600586,-57.77720260620117,-0.007557487115263939,0.5901440978050232,0.05079106613993645,0.0015441994182765484,-1.0013579867518274e-06,0.0508145348446171
drive,106,8356,93.96878542751074,0.2,0.0,0.0,0.0508145348446171,-0.017202218789321017,-23.521820068359375,-57.77732467651367,-0.007562522776424885,0.6055602431297302,0.049951933324337006,-0.0004988234722986817,-4.0054320038507285e-07,0.04995442390515105
drive,107,8357,94.0187854282558,0.2,0.0,0.0,0.04995442390515105,-0.014886521855266288,-23.519344329833984,-57.77714538574219,-0.0075662992894649506,0.5901306867599487,0.0491863377392292,0.0015290214214473963,-7.820129326319147e-07,0.049210097812387735
drive,108,8358,94.06878542900085,0.2,0.0,0.0,0.049210097812387735,-0.013488191910295405,-23.51690101623535,-57.77727508544922,-0.007569618057459593,0.6055439114570618,0.04853294417262077,-0.0005161013687029481,1.335144048653092e-07,0.048535688216872964
drive,109,8359,94.11878542974591,0.2,0.0,0.0,0.048535688216872964,-0.011734052257811323,-23.514493942260742,-57.777099609375,-0.007572021335363388,0.5901128649711609,0.047924987971782684,0.0015168217942118645,-7.629394076502649e-07,0.0479489856039824
drive,110,8360,94.16878543049097,0.2,0.0,0.0,0.0479489856039824,-0.010726307482179093,-23.512109756469727,-57.777225494384766,-0.007574271876364946,0.6055298447608948,0.047409720718860626,-0.0005288475076667964,-8.010864007701457e-07,0.047412670229873444
drive,111,8361,94.21878543123603,0.2,0.0,0.0,0.047412670229873444,-0.009418818563227127,-23.50975227355957,-57.77705001831055,-0.007575836032629013,0.590095579624176,0.046917516738176346,0.0015075055416673422,-7.343292054429185e-07,0.04694172930171209
drive,112,8362,94.26878543198109,0.2,0.0,0.0,0.04694172930171209,-0.008796880039855653,-23.50741958618164,-57.77717590332031,-0.007577438373118639,0.6055150032043457,0.04649876430630684,-0.0005387526471167803,-4.76837158203125e-07,0.046501885299719305
drive,113,8363,94.31878543272614,0.2,0.0,0.0,0.046501885299719305,-0.00767446237306596,-23.50510597229004,-57.777000427246094,-0.007578467950224876,0.5900858640670776,0.046093717217445374,0.0015013713855296373,-5.531310875994677e-07,0.04611816218106601
drive,114,8364,94.3687854334712,0.2,0.0,0.0,0.04611816218106601,-0.007079627059082411,-23.502809524536133,-57.77712631225586,-0.007579459808766842,0.6055135726928711,0.04576092213392258,-0.0005461248219944537,-3.814697180359872e-08,0.045764180828111886
drive,115,8365,94.41878543421626,0.2,0.0,0.0,0.045764180828111886,-0.006312459872348658,-23.500532150268555,-57.77695083618164,-0.007580413483083248,0.5900865793228149,0.045423902571201324,0.0014968247851356864,-9.5367431640625e-07,0.04544855783449445
drive,116,8366,94.46878543496132,0.2,0.0,0.0,0.04544855783449445,-0.006015065834174965,-23.498266220092773,-57.77708053588867,-0.007581100333482027,0.6055102944374084,0.04514441266655922,-0.0005534076481126249,-4.0054320038507285e-07,0.045147804542785705
drive,117,8367,94.51878543570638,0.2,0.0,0.0,0.045147804542785705,-0.005401273570652121,-23.49601936340332,-57.77690124511719,-0.007581824902445078,0.590080738067627,0.04485296085476875,0.001491149771027267,-1.6117095356094069e-06,0.0448777408642531
drive,118,8368,94.56878543645144,0.2,0.0,0.0,0.0448777408642531,-0.004949763956611231,-23.49378204345703,-57.77703094482422,-0.007582320831716061,0.6055068969726562,0.04462674632668495,-0.0005594330723397434,-7.629394360719743e-08,0.04463025266642254
drive,119,8369,94.6187854371965,0.2,0.0,0.0,0.04463025266642254,-0.0045567135272965575,-23.49155616760254,-57.77685546875,-0.007582893129438162,0.5900736451148987,0.044377513229846954,0.0014869277365505695,-1.592636067471176e-06,0.04440241699005771
brake,0,8370,94.66878543794155,0.0,0.8,0.0,0.04440241699005771,-0.8760434132870695,-23.49118423461914,-57.77693176269531,-0.007478065323084593,0.598933219909668,0.000599739549215883,2.4660183044034056e-05,1.1062621751989354e-06,0.0006002463257042361
brake,1,8371,94.71878543868661,0.0,0.8,0.0,0.0006002463257042361,-0.010159387029243964,-23.4912109375,-57.77693176269531,-0.00743942242115736,0.5989325046539307,9.180478809867054e-05,9.323135600425303e-06,1.411438006471144e-06,9.227697424203786e-05
brake,2,8372,94.76878543943167,0.0,0.8,0.0,9.227697424203786e-05,0.0006822851695303664,-23.49120330810547,-57.77693176269531,-0.007447547744959593,0.5989325046539307,-0.00012637359031941742,2.111723915732e-06,1.535415663056483e-06,0.00012639123271855618
brake,3,8373,94.81878544017673,0.0,0.8,0.0,0.00012639123271855618,0.0013482401273128691,-23.49118995666504,-57.77693176269531,-0.007473182398825884,0.5989323854446411,-0.00019380031153559685,-1.0652362334440113e-06,1.3732909565078444e-06,0.00019380323908419964
brake,4,8374,94.86878544092178,0.0,0.8,0.0,0.00019380323908419964,-7.510110038966668e-05,-23.491174697875977,-57.77693176269531,-0.007501754444092512,0.5989323854446411,-0.00019003373745363206,-2.343266032767133e-06,1.449584942747606e-06,0.0001900481840647163
brake,5,8375,94.91878544166684,0.0,0.8,0.0,0.0001900481840647163,-0.0006324571860766672,-23.491159439086914,-57.77693176269531,-0.007526931818574667,0.5989323854446411,-0.00015840692503843457,-2.4144617327692686e-06,1.554489131194714e-06,0.00015842532476088294
brake,6,8376,94.9687854424119,0.0,0.8,0.0,0.00015842532476088294,-0.000758423522206615,-23.49114990234375,-57.77693176269531,-0.007546768058091402,0.5989325046539307,-0.00012048977805534378,-1.8609745211506379e-06,1.4209747405402595e-06,0.00012050414865055219
brake,7,8377,95.01878544315696,0.0,0.8,0.0,0.00012050414865055219,-0.0006866852370415268,-23.491134643554688,-57.77693176269531,-0.007561339996755123,0.5989325046539307,-8.615199476480484e-05,-1.755901166689e-06,-1.697540255918284e-06,8.616988679847585e-05
brake,8,8378,95.06878544390202,0.0,0.8,0.0,8.616988679847585e-05,-0.0017233977359695169,-23.491134643554688,-57.77693176269531,-0.007561339996755123,0.5989325046539307,0.0,0.0,0.0,0.0
brake,9,8379,95.11878544464707,0.0,0.8,0.0,0.0,0.0,-23.491134643554688,-57.77693176269531,-0.007561339996755123,0.5989325046539307,0.0,0.0,0.0,0.0
brake,10,8380,95.16878544539213,0.0,0.8,0.0,0.0,0.0,-23.491134643554688,-57.77693176269531,-0.007561339996755123,0.5989325046539307,0.0,0.0,0.0,0.0
brake,11,8381,95.21878544613719,0.0,0.8,0.0,0.0,0.0,-23.491134643554688,-57.77693176269531,-0.007561339996755123,0.5989325046539307,0.0,0.0,0.0,0.0
brake,12,8382,95.26878544688225,0.0,0.8,0.0,0.0,0.0,-23.491134643554688,-57.77693176269531,-0.007561339996755123,0.5989325046539307,0.0,0.0,0.0,0.0
brake,13,8383,95.3187854476273,0.0,0.8,0.0,0.0,0.0,-23.491134643554688,-57.77693176269531,-0.007561339996755123,0.5989325046539307,0.0,0.0,0.0,0.0
brake,14,8384,95.36878544837236,0.0,0.8,0.0,0.0,0.0,-23.491134643554688,-57.77693176269531,-0.007561339996755123,0.5989325046539307,0.0,0.0,0.0,0.0
brake,15,8385,95.41878544911742,0.0,0.8,0.0,0.0,0.0,-23.491134643554688,-57.77693176269531,-0.007561339996755123,0.5989325046539307,0.0,0.0,0.0,0.0
brake,16,8386,95.46878544986248,0.0,0.8,0.0,0.0,0.0,-23.491134643554688,-57.77693176269531,-0.007561339996755123,0.5989325046539307,0.0,0.0,0.0,0.0
brake,17,8387,95.51878545060754,0.0,0.8,0.0,0.0,0.0,-23.491134643554688,-57.77693176269531,-0.007561339996755123,0.5989325046539307,0.0,0.0,0.0,0.0
brake,18,8388,95.5687854513526,0.0,0.8,0.0,0.0,0.0,-23.491134643554688,-57.77693176269531,-0.007561339996755123,0.5989325046539307,0.0,0.0,0.0,0.0
brake,19,8389,95.61878545209765,0.0,0.8,0.0,0.0,0.0,-23.491134643554688,-57.77693176269531,-0.007561339996755123,0.5989325046539307,0.0,0.0,0.0,0.0
brake,20,8390,95.66878545284271,0.0,0.8,0.0,0.0,0.0,-23.491134643554688,-57.77693176269531,-0.007561339996755123,0.5989325046539307,0.0,0.0,0.0,0.0
brake,21,8391,95.71878545358777,0.0,0.8,0.0,0.0,0.0,-23.491134643554688,-57.77693176269531,-0.007561339996755123,0.5989325046539307,0.0,0.0,0.0,0.0
brake,22,8392,95.76878545433283,0.0,0.8,0.0,0.0,0.0,-23.491134643554688,-57.77693176269531,-0.007561339996755123,0.5989325046539307,0.0,0.0,0.0,0.0
brake,23,8393,95.81878545507789,0.0,0.8,0.0,0.0,0.0,-23.491134643554688,-57.77693176269531,-0.007561339996755123,0.5989325046539307,0.0,0.0,0.0,0.0
brake,24,8394,95.86878545582294,0.0,0.8,0.0,0.0,0.0,-23.491134643554688,-57.77693176269531,-0.007561339996755123,0.5989325046539307,0.0,0.0,0.0,0.0
brake,25,8395,95.918785456568,0.0,0.8,0.0,0.0,0.0,-23.491134643554688,-57.77693176269531,-0.007561339996755123,0.5989325046539307,0.0,0.0,0.0,0.0
brake,26,8396,95.96878545731306,0.0,0.8,0.0,0.0,0.0,-23.491134643554688,-57.77693176269531,-0.007561339996755123,0.5989325046539307,0.0,0.0,0.0,0.0
brake,27,8397,96.01878545805812,0.0,0.8,0.0,0.0,0.0,-23.491134643554688,-57.77693176269531,-0.007561339996755123,0.5989325046539307,0.0,0.0,0.0,0.0
brake,28,8398,96.06878545880318,0.0,0.8,0.0,0.0,0.0,-23.491134643554688,-57.77693176269531,-0.007561339996755123,0.5989325046539307,0.0,0.0,0.0,0.0
brake,29,8399,96.11878545954823,0.0,0.8,0.0,0.0,0.0,-23.491134643554688,-57.77693176269531,-0.007561339996755123,0.5989325046539307,0.0,0.0,0.0,0.0
brake,30,8400,96.1687854602933,0.0,0.8,0.0,0.0,0.0,-23.491134643554688,-57.77693176269531,-0.007561339996755123,0.5989325046539307,0.0,0.0,0.0,0.0
brake,31,8401,96.21878546103835,0.0,0.8,0.0,0.0,0.0,-23.491134643554688,-57.77693176269531,-0.007561339996755123,0.5989325046539307,0.0,0.0,0.0,0.0
brake,32,8402,96.26878546178341,0.0,0.8,0.0,0.0,0.0,-23.491134643554688,-57.77693176269531,-0.007561339996755123,0.5989325046539307,0.0,0.0,0.0,0.0
brake,33,8403,96.31878546252847,0.0,0.8,0.0,0.0,0.0,-23.491134643554688,-57.77693176269531,-0.007561339996755123,0.5989325046539307,0.0,0.0,0.0,0.0
brake,34,8404,96.36878546327353,0.0,0.8,0.0,0.0,0.0,-23.491134643554688,-57.77693176269531,-0.007561339996755123,0.5989325046539307,0.0,0.0,0.0,0.0
brake,35,8405,96.41878546401858,0.0,0.8,0.0,0.0,0.0,-23.491134643554688,-57.77693176269531,-0.007561339996755123,0.5989325046539307,0.0,0.0,0.0,0.0
brake,36,8406,96.46878546476364,0.0,0.8,0.0,0.0,0.0,-23.491134643554688,-57.77693176269531,-0.007561339996755123,0.5989325046539307,0.0,0.0,0.0,0.0
brake,37,8407,96.5187854655087,0.0,0.8,0.0,0.0,0.0,-23.491134643554688,-57.77693176269531,-0.007561339996755123,0.5989325046539307,0.0,0.0,0.0,0.0
brake,38,8408,96.56878546625376,0.0,0.8,0.0,0.0,0.0,-23.491134643554688,-57.77693176269531,-0.007561339996755123,0.5989325046539307,0.0,0.0,0.0,0.0
brake,39,8409,96.61878546699882,0.0,0.8,0.0,0.0,0.0,-23.491134643554688,-57.77693176269531,-0.007561339996755123,0.5989325046539307,0.0,0.0,0.0,0.0
