shift_mm,age_us,retained,reversed,reference,reference_ms,hints,hints_ms,binary_full,binary_full_ms,binary_hints,binary_hints_ms,all_equal
0,0,1.0,False,True,61.36950999999158,True,29.92114100001686,True,20.332002000003513,True,21.206371999994644,True
0,0,1.0,True,True,26.365371999986564,True,30.18723799999634,True,20.647128999996767,True,21.817720000001373,True
0,0,0.9,False,False,17.985981999999012,False,17.77463599998441,False,13.300977000000103,False,14.084128000007468,True
0,0,0.9,True,False,18.04898500000718,False,18.835894999995162,False,12.70327199998178,False,14.732094000009965,True
0,0,0.5,False,False,14.933162000005495,False,15.688644999983126,False,13.63217200000122,False,13.447200000001658,True
0,0,0.5,True,False,15.336132000015823,False,15.85936800000809,False,12.657654999998158,False,13.385378000009496,True
0,10000,1.0,False,False,21.098634999987098,False,22.106638999986217,False,17.017011999996612,False,17.77707299999065,True
0,10000,1.0,True,False,22.238248000007843,False,22.50141799999028,False,17.242714999980535,False,17.839455000000726,True
0,10000,0.9,False,False,24.29155000001515,False,21.18202899998778,False,15.738079999977117,False,17.16168499999071,True
0,10000,0.9,True,False,20.771878000005017,False,24.707162999987986,False,17.98536100000092,False,17.69643500000484,True
0,10000,0.5,False,False,17.866212999990694,False,18.55766700001027,False,15.204294000000118,False,15.748277000000144,True
0,10000,0.5,True,False,17.681578999997782,False,17.1436779999965,False,17.57997199999295,False,14.795359000004282,True
0,50000,1.0,False,False,7.772595000005822,False,6.197119999995948,False,1.3678210000023228,False,1.6385010000021794,True
0,50000,1.0,True,False,6.148752000001423,False,5.421629000011308,False,1.348215000007258,False,1.3801199999932123,True
0,50000,0.9,False,False,5.717785000001641,False,4.883176000021194,False,1.3409719999799563,False,1.3114360000088254,True
0,50000,0.9,True,False,9.155454000023155,False,4.867639000025292,False,1.2439299999869036,False,1.3445409999803815,True
0,50000,0.5,False,False,3.1316249999804313,False,2.9295070000046053,False,0.8253369999806637,False,0.8568499999910273,True
0,50000,0.5,True,False,3.1626059999894096,False,3.0043380000108755,False,0.8745419999911519,False,0.9065209999903345,True
0,100000,1.0,False,False,6.445826999993187,False,5.882294999992155,False,1.3413589999800024,False,1.410355000018626,True
0,100000,1.0,True,False,6.384451999991825,False,5.653982000012547,False,1.364257000005864,False,1.4612909999982548,True
0,100000,0.9,False,False,6.946116999984042,False,4.973866000000271,False,1.2720650000233036,False,1.3430230000039955,True
0,100000,0.9,True,False,6.50722299999984,False,5.015098000001217,False,1.8832909999844105,False,1.9582740000032572,True
0,100000,0.5,False,False,7.514979999996285,False,4.266552999979467,False,0.8866450000084569,False,0.9633930000063629,True
0,100000,0.5,True,False,3.8668090000157918,False,3.046659999995427,False,0.9216550000132884,False,1.4496340000107466,True
1,0,1.0,False,False,19.194373000004816,False,20.360053000018752,False,13.55097300000807,False,13.002488000012136,True
1,0,1.0,True,False,18.471412999986114,False,18.91315500000701,False,13.234565999994174,False,13.989602999998851,True
1,0,0.9,False,False,17.312126999996735,False,19.115945000010015,False,12.401739000011958,False,13.044607000011865,True
1,0,0.9,True,False,18.539258999993535,False,17.904084000008424,False,13.066506999990679,False,14.376781999999366,True
1,0,0.5,False,False,14.511920000018108,False,15.609331000007387,False,12.217045999989296,False,14.205027000002701,True
1,0,0.5,True,False,14.948605000000725,False,15.632933000006233,False,12.357333000011295,False,13.546676000004254,True
1,10000,1.0,False,False,27.075303000003714,False,23.381782000001294,False,16.549372999975276,False,18.09822900000313,True
1,10000,1.0,True,False,21.383915000001252,False,21.410330000009026,False,16.67718799998852,False,17.50055100001191,True
1,10000,0.9,False,False,21.32681300000172,False,22.06555000000776,False,16.27120899999568,False,17.79320500000381,True
1,10000,0.9,True,False,22.78007099999968,False,20.986902999993617,False,17.20961600000237,False,17.123955000016622,True
1,10000,0.5,False,False,17.290465000002087,False,16.897860000000264,False,14.977254999990919,False,15.613437000013164,True
1,10000,0.5,True,False,20.08756300000414,False,17.351007999991452,False,15.171266999999489,False,16.920063000014807,True
1,50000,1.0,False,False,6.683193000014853,False,5.83724300000199,False,1.35861000001114,False,1.6236909999918225,True
1,50000,1.0,True,False,6.373212999989164,False,6.285518999987971,False,1.358079999988604,False,1.3357189999965158,True
1,50000,0.9,False,False,7.291919000010694,False,4.847541999993155,False,1.3504590000081862,False,1.3216899999974885,True
1,50000,0.9,True,False,6.468331000007765,False,4.9318549999952666,False,1.2694379999800276,False,1.3624560000096153,True
1,50000,0.5,False,False,4.09627199999818,False,3.04187399999023,False,0.8530020000137029,False,0.8961260000148741,True
1,50000,0.5,True,False,3.3224770000117587,False,2.9360980000205927,False,0.8701819999998861,False,0.8666600000140079,True
1,100000,1.0,False,False,6.650962999998455,False,5.672686999986354,False,1.4084190000005492,False,1.3543299999980718,True
1,100000,1.0,True,False,6.494913000011593,False,6.212062000003016,False,1.3727670000207581,False,1.4425960000039595,True
1,100000,0.9,False,False,5.972515999985717,False,4.920962999989342,False,1.2259760000006281,False,1.273112000006904,True
1,100000,0.9,True,False,5.645899000001009,False,6.684702999990577,False,1.310770999992883,False,1.265095000007932,True
1,100000,0.5,False,False,3.9882410000018353,False,3.3433079999838355,False,0.9103200000026845,False,1.0231779999969604,True
1,100000,0.5,True,False,3.434031000011828,False,3.1074640000099407,False,0.9163630000159628,False,0.961806999981718,True
5,0,1.0,False,False,18.0040950000091,False,17.29375299998992,False,13.167113000008612,False,14.356150000025991,True
5,0,1.0,True,False,17.66029099999855,False,18.23336699999345,False,12.785447999988264,False,14.657597000024225,True
5,0,0.9,False,False,17.975350999989814,False,21.55734799998754,False,12.935999999996284,False,14.748781999998073,True
5,0,0.9,True,False,17.361277000020436,False,18.42846200000281,False,12.82399999999484,False,14.090647000017498,True
5,0,0.5,False,False,15.467795999995815,False,15.400569000007636,False,14.055068999994091,False,13.217445999998745,True
5,0,0.5,True,False,15.06043699998827,False,16.240240000001904,False,12.557117000000062,False,13.471158000015748,True
5,10000,1.0,False,False,22.118791999986342,False,22.43836799999599,False,17.30358599999704,False,18.284921000002896,True
5,10000,1.0,True,False,21.91059100002235,False,22.522751999986212,False,18.37291300000743,False,17.732260999991922,True
5,10000,0.9,False,False,21.36619300000575,False,20.630129000011266,False,16.202007999993384,False,17.62045000000967,True
5,10000,0.9,True,False,24.80014200000369,False,21.948387000009006,False,16.712463999994043,False,16.980163999988918,True
5,10000,0.5,False,False,17.965565999986666,False,17.168204999990166,False,14.867006000002903,False,15.53398300001163,True
5,10000,0.5,True,False,19.18776700000535,False,17.606752000006054,False,15.188693999988345,False,15.360777000012149,True
5,50000,1.0,False,False,6.589547000004359,False,6.0055010000041875,False,1.2818440000046394,False,1.6275259999929403,True
5,50000,1.0,True,False,6.41930400001911,False,5.4893930000048385,False,1.6839529999970182,False,1.6297980000103962,True
5,50000,0.9,False,False,6.572989999995116,False,4.915964000019812,False,1.272915999976476,False,1.3265560000093046,True
5,50000,0.9,True,False,7.066880000024867,False,5.0274360000059914,False,1.2927200000092398,False,1.3906700000063665,True
5,50000,0.5,False,False,3.622173999985989,False,3.0480079999790632,False,0.9631270000056702,False,0.9524060000103418,True
5,50000,0.5,True,False,6.609744000002138,False,2.9982119999942825,False,0.8375990000217826,False,0.8793840000009823,True
5,100000,1.0,False,False,6.986875000023929,False,5.531284999989339,False,1.3249050000183615,False,1.487024999988762,True
5,100000,1.0,True,False,7.092424000006758,False,5.665317999984154,False,1.3620770000102311,False,1.4343619999976909,True
5,100000,0.9,False,False,6.3192750000098385,False,4.920276999996531,False,1.293590999978278,False,1.3174979999917014,True
5,100000,0.9,True,False,5.654286999998703,False,5.0795800000003055,False,1.2792079999996986,False,1.2823319999881733,True
5,100000,0.5,False,False,4.92938200000026,False,3.0568439999854036,False,0.821293000001333,False,0.876762999979519,True
5,100000,0.5,True,False,3.2098739999923964,False,2.800524999997833,False,0.8540110000012646,False,0.924338999993779,True
20,0,1.0,False,False,17.409522999997762,False,20.868166000013844,False,13.778108999986216,False,13.138145999988637,True
20,0,1.0,True,False,17.96090799999206,False,17.84593700000414,False,12.659018999983118,False,13.235253999994256,True
20,0,0.9,False,False,18.198269999999184,False,17.570384000009653,False,13.921009000000595,False,14.96147200001019,True
20,0,0.9,True,False,18.50012200000606,False,18.334057000004123,False,12.690649000006715,False,14.39079499999707,True
20,0,0.5,False,False,15.163979000021754,False,15.461587000004329,False,13.98088300001632,False,13.736845000011044,True
20,0,0.5,True,False,17.346537000008766,False,17.965083999996523,False,14.522927999990998,False,14.091033999989122,True
20,10000,1.0,False,False,22.703257999978632,False,22.853362999995852,False,17.037863000012976,False,17.587814000023627,True
20,10000,1.0,True,False,26.34955199999922,False,22.42581100000507,False,17.724143999998887,False,18.918752000018912,True
20,10000,0.9,False,False,20.948715999992373,False,20.80063899998663,False,16.911486999987346,False,17.303792999996404,True
20,10000,0.9,True,False,21.521939999985307,False,20.605994999982613,False,16.502890999987585,False,17.64896000000249,True
20,10000,0.5,False,False,17.63741199999913,False,17.695486999997456,False,14.594691000013427,False,15.077543000018068,True
20,10000,0.5,True,False,18.239338999990196,False,18.767951999990373,False,17.668054000012035,False,15.720884000018032,True
20,50000,1.0,False,False,6.728134000013597,False,6.713344999980109,False,1.3981189999867638,False,2.085057000016377,True
20,50000,1.0,True,False,6.368336999997837,False,6.285307000013063,False,1.4018480000004274,False,1.4248870000130864,True
20,50000,0.9,False,False,9.554268000016464,False,5.041555000019571,False,1.329206999997723,False,1.8967190000012124,True
20,50000,0.9,True,False,5.82765800001539,False,4.985149999981786,False,1.2585319999800504,False,1.314731000007896,True
20,50000,0.5,False,False,3.601917999986881,False,2.9619820000164054,False,0.870372999997926,False,0.9700370000018665,True
20,50000,0.5,True,False,4.1109590000019125,False,3.0529050000041025,False,0.869106999999758,False,0.9339650000015354,True
20,100000,1.0,False,False,6.564624999981561,False,6.228011000018796,False,1.4799559999971734,False,1.4109180000048127,True
20,100000,1.0,True,False,6.448392999999442,False,5.416384999989532,False,1.3804109999853154,False,1.422735999994984,True
20,100000,0.9,False,False,6.367178000004969,False,5.20882800000777,False,1.2666599999988648,False,1.2791810000010173,True
20,100000,0.9,True,False,9.114003999997067,False,5.000747000025285,False,1.2541609999914272,False,1.3044840000020486,True
20,100000,0.5,False,False,3.281630000003588,False,2.8724569999951655,False,0.8549279999954251,False,1.0853420000103142,True
20,100000,0.5,True,False,3.3402120000118884,False,3.011872999991283,False,0.8892580000008365,False,0.8969570000090243,True
100,0,1.0,False,False,17.849264999995285,False,17.203146000014158,False,13.556549000014684,False,12.520639000001665,True
100,0,1.0,True,False,17.73774999998068,False,18.071685999984766,False,14.344125000008034,False,13.655462000002672,True
100,0,0.9,False,False,18.53951799998299,False,18.517204999994874,False,13.514971000006426,False,15.355998999979192,True
100,0,0.9,True,False,18.289272000004075,False,19.873927999981333,False,12.933825999994042,False,13.640256000002182,True
100,0,0.5,False,False,15.616543999982468,False,16.817441999990024,False,13.307373999992933,False,14.684470000020156,True
100,0,0.5,True,False,15.96934099998748,False,16.10309599999482,False,13.265270000005103,False,14.570874000014555,True
100,10000,1.0,False,False,22.576255999979367,False,22.245849000000817,False,17.540623000002142,False,17.979553000003534,True
100,10000,1.0,True,False,23.036538000013707,False,25.614334000010786,False,17.390523999978313,False,18.057398999985708,True
100,10000,0.9,False,False,21.430756999990308,False,20.56967200002191,False,16.493428000018184,False,16.77851400000918,True
100,10000,0.9,True,False,22.83483899998373,False,20.35932500001536,False,17.31822300001795,False,17.365406999999777,True
100,10000,0.5,False,False,18.87207699999749,False,18.21252400000617,False,15.02110299998094,False,17.144352000002527,True
100,10000,0.5,True,False,17.62988800001608,False,19.15990099999476,False,16.112152000005153,False,15.015290999997433,True
100,50000,1.0,False,False,10.286402999980737,False,5.679519000011624,False,1.3904209999964223,False,1.5824539999869103,True
100,50000,1.0,True,False,6.424440000017739,False,5.817800999977862,False,1.304438000005348,False,1.3827239999955054,True
100,50000,0.9,False,False,7.351575000001276,False,4.988209999993387,False,1.265665000005356,False,1.3135160000103951,True
100,50000,0.9,True,False,5.894157999989602,False,4.955314000000044,False,1.2724670000068272,False,1.3506410000161395,True
100,50000,0.5,False,False,3.621336999998448,False,2.9868609999823548,False,0.8529369999905612,False,0.9044550000112395,True
100,50000,0.5,True,False,3.760461000013038,False,3.02819399999521,False,0.8769760000006954,False,0.9833590000027925,True
100,100000,1.0,False,False,6.588647999990371,False,5.734396999997671,False,1.3857019999932163,False,1.3854759999958333,True
100,100000,1.0,True,False,10.261206999985006,False,5.599536999994825,False,1.3440300000127081,False,1.4947619999929884,True
100,100000,0.9,False,False,5.791723000015736,False,4.970372000002499,False,1.226274999993393,False,1.2935630000185938,True
100,100000,0.9,True,False,6.708326999984138,False,5.290105000000267,False,1.7888360000029024,False,1.6507640000043011,True
100,100000,0.5,False,False,3.333416999993233,False,3.104676999981848,False,0.8516440000221337,False,0.9343380000075285,True
100,100000,0.5,True,False,3.446588999992173,False,3.0037740000068425,False,0.9032320000130767,False,0.9365450000018427,True
