config,method,baseline,n_seeds,mean_progress_diff,ci_low,ci_high
burst,set_independent,coverage_greedy,4000,-0.012758571428571425,-0.014793696428571425,-0.010677767857142854
burst,set_independent,singleton_voi,4000,-0.012758571428571425,-0.014885214285714283,-0.010623482142857141
burst,set_joint,set_independent,4000,0.011148571428571428,0.00896567857142857,0.013183589285714283
burst,set_joint,coverage_greedy,4000,-0.0016099999999999992,-0.0021436785714285707,-0.0010785535714285708
burst,set_joint,singleton_voi,4000,-0.0016099999999999992,-0.0021814642857142844,-0.001088464285714286
contention,set_independent,coverage_greedy,4000,0.11177357142857144,0.10852826785714287,0.11497410714285715
contention,set_independent,singleton_voi,4000,0.11177357142857144,0.10848210714285715,0.11509266071428573
contention,set_joint,set_independent,4000,0.17989785714285714,0.17744621428571428,0.18255376785714283
contention,set_joint,coverage_greedy,4000,0.2916714285714286,0.28814489285714284,0.2950223571428571
contention,set_joint,singleton_voi,4000,0.2916714285714286,0.2882005892857143,0.29506176785714283
ideal,set_independent,coverage_greedy,4000,-7.142857142857201e-06,-9.285714285714291e-05,7.857142857142851e-05
ideal,set_independent,singleton_voi,4000,-7.142857142857201e-06,-8.57142857142858e-05,7.857142857142843e-05
ideal,set_joint,set_independent,4000,0.0,0.0,0.0
ideal,set_joint,coverage_greedy,4000,-7.142857142857201e-06,-8.571428571428577e-05,7.857142857142854e-05
ideal,set_joint,singleton_voi,4000,-7.142857142857201e-06,-9.285714285714291e-05,7.142857142857142e-05
independent,set_independent,coverage_greedy,4000,-6.071428571428539e-05,-0.0005028749999999998,0.000390874999999999
independent,set_independent,singleton_voi,4000,-6.071428571428539e-05,-0.0004864464285714282,0.0003693392857142859
independent,set_joint,set_independent,4000,0.0,0.0,0.0
independent,set_joint,coverage_greedy,4000,-6.071428571428539e-05,-0.0005050714285714282,0.00037862499999999995
independent,set_joint,singleton_voi,4000,-6.071428571428539e-05,-0.00048717857142857075,0.0003650178571428572
one_slot,set_independent,coverage_greedy,4000,-0.0003571428571428572,-0.0010214285714285707,0.0003142857142857142
one_slot,set_independent,singleton_voi,4000,-0.0003571428571428572,-0.0009787499999999992,0.00030732142857142764
one_slot,set_joint,set_independent,4000,0.0,0.0,0.0
one_slot,set_joint,coverage_greedy,4000,-0.0003571428571428572,-0.0010285714285714288,0.00032874999999999945
one_slot,set_joint,singleton_voi,4000,-0.0003571428571428572,-0.001000178571428572,0.00033571428571428516
short_deadline,set_independent,coverage_greedy,4000,0.00013142857142857124,-0.0002828571428571426,0.0005464821428571421
short_deadline,set_independent,singleton_voi,4000,0.00013142857142857124,-0.00030142857142857147,0.0005543749999999994
short_deadline,set_joint,set_independent,4000,0.0,0.0,0.0
short_deadline,set_joint,coverage_greedy,4000,0.00013142857142857124,-0.00030217857142857157,0.000569303571428571
short_deadline,set_joint,singleton_voi,4000,0.00013142857142857124,-0.0002978928571428571,0.0005700357142857138
