config,scenario,method,baseline,n,progress_diff,progress_ci_low,progress_ci_high,delay_improvement_cycles,delay_ci_low,delay_ci_high,positive_progress_fraction,tie_fraction
burst,both_hazard,set_independent,coverage_greedy,1000,-0.017685714285714284,-0.02211428571428571,-0.013227857142857147,-0.226,-0.296,-0.157,0.328,0.158
burst,both_hazard,set_independent,singleton_voi,1000,-0.017685714285714284,-0.022286428571428568,-0.0132,-0.226,-0.297,-0.156,0.328,0.158
burst,both_hazard,set_joint,set_independent,1000,0.016257142857142852,0.01137142857142857,0.020999999999999994,0.222,0.154,0.29002499999999987,0.509,0.154
burst,both_hazard,set_joint,coverage_greedy,1000,-0.0014285714285714284,-0.0024285714285714275,-0.0005428571428571426,-0.004,-0.02,0.012,0.035,0.904
burst,both_hazard,set_joint,singleton_voi,1000,-0.0014285714285714284,-0.0023999999999999994,-0.0004564285714285752,-0.004,-0.02,0.011,0.035,0.904
burst,free,set_independent,coverage_greedy,1000,-0.015519999999999999,-0.018800499999999998,-0.01218,-0.224,-0.272,-0.17397500000000013,0.322,0.15
burst,free,set_independent,singleton_voi,1000,-0.015519999999999999,-0.018999999999999996,-0.012159500000000004,-0.224,-0.275,-0.172,0.322,0.15
burst,free,set_joint,set_independent,1000,0.014479999999999998,0.010939499999999996,0.0180805,0.227,0.175,0.28,0.524,0.149
burst,free,set_joint,coverage_greedy,1000,-0.0010399999999999997,-0.00184,-0.00026000000000000014,0.003,-0.001,0.008,0.038,0.895
burst,free,set_joint,singleton_voi,1000,-0.0010399999999999997,-0.0018599999999999995,-0.00023999999999999933,0.003,-0.001,0.008,0.038,0.895
burst,hazard_a,set_independent,coverage_greedy,1000,-0.0077142857142857135,-0.011857142857142854,-0.003400000000000001,-0.007,-0.072,0.059,0.364,0.179
burst,hazard_a,set_independent,singleton_voi,1000,-0.0077142857142857135,-0.011942857142857139,-0.003342142857142862,-0.007,-0.067,0.056,0.364,0.179
burst,hazard_a,set_joint,set_independent,1000,0.0057428571428571416,0.0016857142857142865,0.009914999999999993,-0.008,-0.07,0.052,0.448,0.179
burst,hazard_a,set_joint,coverage_greedy,1000,-0.0019714285714285706,-0.003114285714285714,-0.0009714285714285715,-0.015,-0.035,0.005,0.038,0.893
burst,hazard_a,set_joint,singleton_voi,1000,-0.0019714285714285706,-0.0030857142857142845,-0.000971428571428571,-0.015,-0.034,0.005,0.038,0.893
burst,hazard_b,set_independent,coverage_greedy,1000,-0.010114285714285713,-0.01454428571428571,-0.005742142857142857,-0.026,-0.091025,0.035,0.356,0.183
burst,hazard_b,set_independent,singleton_voi,1000,-0.010114285714285713,-0.014657142857142855,-0.005599285714285713,-0.026,-0.09,0.039,0.356,0.183
burst,hazard_b,set_joint,set_independent,1000,0.008114285714285715,0.003599285714285712,0.012543571428571421,0.015,-0.054,0.082,0.459,0.169
burst,hazard_b,set_joint,coverage_greedy,1000,-0.0019999999999999983,-0.0033721428571428557,-0.0007142857142857142,-0.011,-0.036,0.009,0.048,0.887
burst,hazard_b,set_joint,singleton_voi,1000,-0.0019999999999999983,-0.0033721428571428557,-0.0007142857142857141,-0.011,-0.036,0.01,0.048,0.887
burst,permanent_block,set_independent,coverage_greedy,1000,0.0,0.0,0.0,nan,nan,nan,0.0,1.0
burst,permanent_block,set_independent,singleton_voi,1000,0.0,0.0,0.0,nan,nan,nan,0.0,1.0
burst,permanent_block,set_joint,set_independent,1000,0.0,0.0,0.0,nan,nan,nan,0.0,1.0
burst,permanent_block,set_joint,coverage_greedy,1000,0.0,0.0,0.0,nan,nan,nan,0.0,1.0
burst,permanent_block,set_joint,singleton_voi,1000,0.0,0.0,0.0,nan,nan,nan,0.0,1.0
contention,both_hazard,set_independent,coverage_greedy,1000,0.10125714285714288,0.09465714285714288,0.10805714285714288,0.509,0.380975,0.642,0.796,0.068
contention,both_hazard,set_independent,singleton_voi,1000,0.10125714285714288,0.09471285714285717,0.10777285714285717,0.509,0.377,0.6350249999999998,0.796,0.068
contention,both_hazard,set_joint,set_independent,1000,0.19137142857142853,0.18639928571428568,0.1962571428571428,1.478,1.404,1.550025,0.984,0.012
contention,both_hazard,set_joint,coverage_greedy,1000,0.29262857142857146,0.2855985714285714,0.2995428571428571,1.987,1.869,2.095,0.998,0.002
contention,both_hazard,set_joint,singleton_voi,1000,0.29262857142857146,0.28611428571428577,0.2994571428571428,1.987,1.872,2.105,0.998,0.002
contention,free,set_independent,coverage_greedy,1000,0.11778,0.11204,0.12354050000000001,1.085,0.9669749999999999,1.212,0.878,0.048
contention,free,set_independent,singleton_voi,1000,0.11778,0.112,0.12314000000000001,1.085,0.9679749999999999,1.205025,0.878,0.048
contention,free,set_joint,set_independent,1000,0.17882,0.1743395,0.18306,0.945,0.891,0.999,0.996,0.002
contention,free,set_joint,coverage_greedy,1000,0.2966,0.29074,0.302181,2.03,1.906975,2.152,0.999,0.0
contention,free,set_joint,singleton_voi,1000,0.2966,0.29053949999999995,0.30256099999999997,2.03,1.907,2.156,0.999,0.0
contention,hazard_a,set_independent,coverage_greedy,1000,0.11571428571428576,0.10868500000000003,0.1222857142857143,0.581,0.454,0.7150249999999998,0.829,0.062
contention,hazard_a,set_independent,singleton_voi,1000,0.11571428571428576,0.10908500000000003,0.12197285714285717,0.581,0.449975,0.7110249999999998,0.829,0.062
contention,hazard_a,set_joint,set_independent,1000,0.17105714285714282,0.16562857142857138,0.1763428571428571,0.778,0.7,0.86,0.972,0.014
contention,hazard_a,set_joint,coverage_greedy,1000,0.2867714285714286,0.279855,0.29362857142857135,1.359,1.241,1.478025,0.995,0.004
contention,hazard_a,set_joint,singleton_voi,1000,0.2867714285714286,0.2798857142857143,0.29374357142857144,1.359,1.24,1.479025,0.995,0.004
contention,hazard_b,set_independent,coverage_greedy,1000,0.11234285714285716,0.10522857142857146,0.11942928571428574,0.413,0.288,0.539,0.803,0.066
contention,hazard_b,set_independent,singleton_voi,1000,0.11234285714285716,0.1054564285714286,0.11908785714285716,0.413,0.27997500000000003,0.543,0.803,0.066
contention,hazard_b,set_joint,set_independent,1000,0.1783428571428571,0.17299999999999996,0.18359999999999996,0.996,0.91495,1.08,0.964,0.021
contention,hazard_b,set_joint,coverage_greedy,1000,0.2906857142857143,0.2832828571428571,0.29774285714285714,1.409,1.296,1.521,0.994,0.004
contention,hazard_b,set_joint,singleton_voi,1000,0.2906857142857143,0.2834278571428571,0.2978007142857143,1.409,1.303,1.5230249999999999,0.994,0.004
contention,permanent_block,set_independent,coverage_greedy,1000,0.0,0.0,0.0,nan,nan,nan,0.0,1.0
contention,permanent_block,set_independent,singleton_voi,1000,0.0,0.0,0.0,nan,nan,nan,0.0,1.0
contention,permanent_block,set_joint,set_independent,1000,0.0,0.0,0.0,nan,nan,nan,0.0,1.0
contention,permanent_block,set_joint,coverage_greedy,1000,0.0,0.0,0.0,nan,nan,nan,0.0,1.0
contention,permanent_block,set_joint,singleton_voi,1000,0.0,0.0,0.0,nan,nan,nan,0.0,1.0
ideal,both_hazard,set_independent,coverage_greedy,1000,0.0,0.0,0.0,0.0,0.0,0.0,0.0,1.0
ideal,both_hazard,set_independent,singleton_voi,1000,0.0,0.0,0.0,0.0,0.0,0.0,0.0,1.0
ideal,both_hazard,set_joint,set_independent,1000,0.0,0.0,0.0,0.0,0.0,0.0,0.0,1.0
ideal,both_hazard,set_joint,coverage_greedy,1000,0.0,0.0,0.0,0.0,0.0,0.0,0.0,1.0
ideal,both_hazard,set_joint,singleton_voi,1000,0.0,0.0,0.0,0.0,0.0,0.0,0.0,1.0
ideal,free,set_independent,coverage_greedy,1000,0.0,0.0,0.0,0.0,0.0,0.0,0.0,1.0
ideal,free,set_independent,singleton_voi,1000,0.0,0.0,0.0,0.0,0.0,0.0,0.0,1.0
ideal,free,set_joint,set_independent,1000,0.0,0.0,0.0,0.0,0.0,0.0,0.0,1.0
ideal,free,set_joint,coverage_greedy,1000,0.0,0.0,0.0,0.0,0.0,0.0,0.0,1.0
ideal,free,set_joint,singleton_voi,1000,0.0,0.0,0.0,0.0,0.0,0.0,0.0,1.0
ideal,hazard_a,set_independent,coverage_greedy,1000,-2.220446049250313e-19,-0.0002000000000000004,0.00022857142857142821,0.0,-0.008,0.008,0.008,0.984
ideal,hazard_a,set_independent,singleton_voi,1000,-2.220446049250313e-19,-0.00022857142857142887,0.00022857142857142808,0.0,-0.008,0.008,0.008,0.984
ideal,hazard_a,set_joint,set_independent,1000,0.0,0.0,0.0,0.0,0.0,0.0,0.0,1.0
ideal,hazard_a,set_joint,coverage_greedy,1000,-2.220446049250313e-19,-0.00022857142857142876,0.00022857142857142832,0.0,-0.008,0.008,0.008,0.984
ideal,hazard_a,set_joint,singleton_voi,1000,-2.220446049250313e-19,-0.00022857142857142887,0.00022857142857142843,0.0,-0.008,0.008,0.008,0.984
ideal,hazard_b,set_independent,coverage_greedy,1000,-2.857142857142858e-05,-0.0002857142857142858,0.00020000000000000006,-0.003,-0.013,0.007,0.009,0.981
ideal,hazard_b,set_independent,singleton_voi,1000,-2.857142857142858e-05,-0.0002857142857142858,0.00020071428571428188,-0.003,-0.013,0.006024999999999864,0.009,0.981
ideal,hazard_b,set_joint,set_independent,1000,0.0,0.0,0.0,0.0,0.0,0.0,0.0,1.0
ideal,hazard_b,set_joint,coverage_greedy,1000,-2.857142857142858e-05,-0.0002571428571428572,0.00020000000000000006,-0.003,-0.013,0.006024999999999864,0.009,0.981
ideal,hazard_b,set_joint,singleton_voi,1000,-2.857142857142858e-05,-0.0002571428571428572,0.00022857142857142865,-0.003,-0.013,0.007,0.009,0.981
ideal,permanent_block,set_independent,coverage_greedy,1000,0.0,0.0,0.0,nan,nan,nan,0.0,1.0
ideal,permanent_block,set_independent,singleton_voi,1000,0.0,0.0,0.0,nan,nan,nan,0.0,1.0
ideal,permanent_block,set_joint,set_independent,1000,0.0,0.0,0.0,nan,nan,nan,0.0,1.0
ideal,permanent_block,set_joint,coverage_greedy,1000,0.0,0.0,0.0,nan,nan,nan,0.0,1.0
ideal,permanent_block,set_joint,singleton_voi,1000,0.0,0.0,0.0,nan,nan,nan,0.0,1.0
independent,both_hazard,set_independent,coverage_greedy,1000,0.0006285714285714291,-0.00022857142857142775,0.0014857142857142853,0.009,-0.005,0.02302499999999986,0.069,0.884
independent,both_hazard,set_independent,singleton_voi,1000,0.0006285714285714291,-0.0002007142857142859,0.0014857142857142866,0.009,-0.006,0.023,0.069,0.884
independent,both_hazard,set_joint,set_independent,1000,0.0,0.0,0.0,0.0,0.0,0.0,0.0,1.0
independent,both_hazard,set_joint,coverage_greedy,1000,0.0006285714285714291,-0.00022857142857142797,0.0015142857142857145,0.009,-0.005,0.023,0.069,0.884
independent,both_hazard,set_joint,singleton_voi,1000,0.0006285714285714291,-0.00019999999999999928,0.0015142857142857145,0.009,-0.005,0.024,0.069,0.884
independent,free,set_independent,coverage_greedy,1000,-9.999999999999964e-05,-0.0009000000000000004,0.0007000000000000005,-0.001,-0.009,0.007,0.084,0.83
independent,free,set_independent,singleton_voi,1000,-9.999999999999964e-05,-0.0009399999999999985,0.0007604999999999979,-0.001,-0.009,0.007,0.084,0.83
independent,free,set_joint,set_independent,1000,0.0,0.0,0.0,0.0,0.0,0.0,0.0,1.0
independent,free,set_joint,coverage_greedy,1000,-9.999999999999964e-05,-0.000919999999999999,0.000640000000000001,-0.001,-0.009,0.007,0.084,0.83
independent,free,set_joint,singleton_voi,1000,-9.999999999999964e-05,-0.0009599999999999998,0.0007000000000000008,-0.001,-0.009,0.007,0.084,0.83
independent,hazard_a,set_independent,coverage_greedy,1000,-0.00022857142857142786,-0.0012285714285714278,0.0007142857142857149,0.004,-0.013,0.021,0.061,0.883
independent,hazard_a,set_independent,singleton_voi,1000,-0.00022857142857142786,-0.0011999999999999992,0.0006857142857142861,0.004,-0.014,0.021,0.061,0.883
independent,hazard_a,set_joint,set_independent,1000,0.0,0.0,0.0,0.0,0.0,0.0,0.0,1.0
independent,hazard_a,set_joint,coverage_greedy,1000,-0.00022857142857142786,-0.0011999999999999992,0.0007142857142857146,0.004,-0.014,0.022,0.061,0.883
independent,hazard_a,set_joint,singleton_voi,1000,-0.00022857142857142786,-0.0011999999999999992,0.000685714285714286,0.004,-0.014,0.022,0.061,0.883
independent,hazard_b,set_independent,coverage_greedy,1000,-0.0005428571428571431,-0.0014285714285714288,0.00031428571428571427,0.003,-0.013,0.021,0.067,0.863
independent,hazard_b,set_independent,singleton_voi,1000,-0.0005428571428571431,-0.001428571428571429,0.0003428571428571422,0.003,-0.014,0.021,0.067,0.863
independent,hazard_b,set_joint,set_independent,1000,0.0,0.0,0.0,0.0,0.0,0.0,0.0,1.0
independent,hazard_b,set_joint,coverage_greedy,1000,-0.0005428571428571431,-0.0014571428571428578,0.00031428571428571383,0.003,-0.014,0.02,0.067,0.863
independent,hazard_b,set_joint,singleton_voi,1000,-0.0005428571428571431,-0.0014571428571428574,0.0003142857142857131,0.003,-0.015,0.022,0.067,0.863
independent,permanent_block,set_independent,coverage_greedy,1000,0.0,0.0,0.0,nan,nan,nan,0.0,1.0
independent,permanent_block,set_independent,singleton_voi,1000,0.0,0.0,0.0,nan,nan,nan,0.0,1.0
independent,permanent_block,set_joint,set_independent,1000,0.0,0.0,0.0,nan,nan,nan,0.0,1.0
independent,permanent_block,set_joint,coverage_greedy,1000,0.0,0.0,0.0,nan,nan,nan,0.0,1.0
independent,permanent_block,set_joint,singleton_voi,1000,0.0,0.0,0.0,nan,nan,nan,0.0,1.0
one_slot,both_hazard,set_independent,coverage_greedy,1000,0.0,0.0,0.0,0.0,0.0,0.0,0.0,1.0
one_slot,both_hazard,set_independent,singleton_voi,1000,0.0,0.0,0.0,0.0,0.0,0.0,0.0,1.0
one_slot,both_hazard,set_joint,set_independent,1000,0.0,0.0,0.0,0.0,0.0,0.0,0.0,1.0
one_slot,both_hazard,set_joint,coverage_greedy,1000,0.0,0.0,0.0,0.0,0.0,0.0,0.0,1.0
one_slot,both_hazard,set_joint,singleton_voi,1000,0.0,0.0,0.0,0.0,0.0,0.0,0.0,1.0
one_slot,free,set_independent,coverage_greedy,1000,0.0,0.0,0.0,0.0,0.0,0.0,0.0,1.0
one_slot,free,set_independent,singleton_voi,1000,0.0,0.0,0.0,0.0,0.0,0.0,0.0,1.0
one_slot,free,set_joint,set_independent,1000,0.0,0.0,0.0,0.0,0.0,0.0,0.0,1.0
one_slot,free,set_joint,coverage_greedy,1000,0.0,0.0,0.0,0.0,0.0,0.0,0.0,1.0
one_slot,free,set_joint,singleton_voi,1000,0.0,0.0,0.0,0.0,0.0,0.0,0.0,1.0
one_slot,hazard_a,set_independent,coverage_greedy,1000,0.0016857142857142854,-0.000285714285714286,0.003600714285714282,0.077,0.0,0.15402499999999986,0.497,0.059
one_slot,hazard_a,set_independent,singleton_voi,1000,0.0016857142857142854,-0.0002857142857142863,0.0035714285714285713,0.077,-0.0020249999999999986,0.155,0.497,0.059
one_slot,hazard_a,set_joint,set_independent,1000,0.0,0.0,0.0,0.0,0.0,0.0,0.0,1.0
one_slot,hazard_a,set_joint,coverage_greedy,1000,0.0016857142857142854,-0.00025714285714285634,0.0036285714285714263,0.077,0.0,0.15602499999999986,0.497,0.059
one_slot,hazard_a,set_joint,singleton_voi,1000,0.0016857142857142854,-0.00025714285714285493,0.0035999999999999995,0.077,-0.0010249999999999986,0.153,0.497,0.059
one_slot,hazard_b,set_independent,coverage_greedy,1000,-0.0031142857142857144,-0.005057142857142856,-0.0012857142857142865,-0.123,-0.191025,-0.047,0.418,0.068
one_slot,hazard_b,set_independent,singleton_voi,1000,-0.0031142857142857144,-0.005028571428571427,-0.0012857142857142865,-0.123,-0.201,-0.05,0.418,0.068
one_slot,hazard_b,set_joint,set_independent,1000,0.0,0.0,0.0,0.0,0.0,0.0,0.0,1.0
one_slot,hazard_b,set_joint,coverage_greedy,1000,-0.0031142857142857144,-0.005057142857142856,-0.0011707142857142884,-0.123,-0.199,-0.047975000000000136,0.418,0.068
one_slot,hazard_b,set_joint,singleton_voi,1000,-0.0031142857142857144,-0.005086428571428571,-0.001171428571428573,-0.123,-0.195025,-0.047975000000000136,0.418,0.068
one_slot,permanent_block,set_independent,coverage_greedy,1000,0.0,0.0,0.0,nan,nan,nan,0.0,1.0
one_slot,permanent_block,set_independent,singleton_voi,1000,0.0,0.0,0.0,nan,nan,nan,0.0,1.0
one_slot,permanent_block,set_joint,set_independent,1000,0.0,0.0,0.0,nan,nan,nan,0.0,1.0
one_slot,permanent_block,set_joint,coverage_greedy,1000,0.0,0.0,0.0,nan,nan,nan,0.0,1.0
one_slot,permanent_block,set_joint,singleton_voi,1000,0.0,0.0,0.0,nan,nan,nan,0.0,1.0
short_deadline,both_hazard,set_independent,coverage_greedy,1000,-8.571428571428663e-05,-0.0009714285714285719,0.0007999999999999996,-0.015,-0.033,0.003,0.069,0.858
short_deadline,both_hazard,set_independent,singleton_voi,1000,-8.571428571428663e-05,-0.0009714285714285721,0.0008285714285714271,-0.015,-0.034,0.004,0.069,0.858
short_deadline,both_hazard,set_joint,set_independent,1000,0.0,0.0,0.0,0.0,0.0,0.0,0.0,1.0
short_deadline,both_hazard,set_joint,coverage_greedy,1000,-8.571428571428663e-05,-0.0009721428571428584,0.0007428571428571421,-0.015,-0.033,0.002,0.069,0.858
short_deadline,both_hazard,set_joint,singleton_voi,1000,-8.571428571428663e-05,-0.0009428571428571434,0.0007714285714285693,-0.015,-0.034,0.002,0.069,0.858
short_deadline,free,set_independent,coverage_greedy,1000,0.00023999999999999944,-0.0005805000000000009,0.001139999999999998,-0.001,-0.011,0.01,0.088,0.832
short_deadline,free,set_independent,singleton_voi,1000,0.00023999999999999944,-0.000660000000000001,0.0010999999999999983,-0.001,-0.011,0.009,0.088,0.832
short_deadline,free,set_joint,set_independent,1000,0.0,0.0,0.0,0.0,0.0,0.0,0.0,1.0
short_deadline,free,set_joint,coverage_greedy,1000,0.00023999999999999944,-0.0006800000000000008,0.0010999999999999996,-0.001,-0.010025,0.009,0.088,0.832
short_deadline,free,set_joint,singleton_voi,1000,0.00023999999999999944,-0.0006200000000000008,0.0010799999999999994,-0.001,-0.011,0.009,0.088,0.832
short_deadline,hazard_a,set_independent,coverage_greedy,1000,0.000285714285714286,-0.00048571428571428545,0.001085714285714286,0.004,-0.012,0.019,0.065,0.881
short_deadline,hazard_a,set_independent,singleton_voi,1000,0.000285714285714286,-0.0005142857142857137,0.0010857142857142862,0.004,-0.011,0.019,0.065,0.881
short_deadline,hazard_a,set_joint,set_independent,1000,0.0,0.0,0.0,0.0,0.0,0.0,0.0,1.0
short_deadline,hazard_a,set_joint,coverage_greedy,1000,0.000285714285714286,-0.0004571428571428574,0.001085714285714286,0.004,-0.011,0.019,0.065,0.881
short_deadline,hazard_a,set_joint,singleton_voi,1000,0.000285714285714286,-0.0005142857142857137,0.0010571428571428578,0.004,-0.011,0.019,0.065,0.881
short_deadline,hazard_b,set_independent,coverage_greedy,1000,8.571428571428608e-05,-0.0008285714285714272,0.0009428571428571429,0.003,-0.017,0.02202499999999986,0.073,0.864
short_deadline,hazard_b,set_independent,singleton_voi,1000,8.571428571428608e-05,-0.0007428571428571428,0.000972142857142854,0.003,-0.017,0.021,0.073,0.864
short_deadline,hazard_b,set_joint,set_independent,1000,0.0,0.0,0.0,0.0,0.0,0.0,0.0,1.0
short_deadline,hazard_b,set_joint,coverage_greedy,1000,8.571428571428608e-05,-0.0008571428571428563,0.0009142857142857145,0.003,-0.016,0.021024999999999863,0.073,0.864
short_deadline,hazard_b,set_joint,singleton_voi,1000,8.571428571428608e-05,-0.0007999999999999998,0.0009714285714285721,0.003,-0.016,0.021024999999999863,0.073,0.864
short_deadline,permanent_block,set_independent,coverage_greedy,1000,0.0,0.0,0.0,nan,nan,nan,0.0,1.0
short_deadline,permanent_block,set_independent,singleton_voi,1000,0.0,0.0,0.0,nan,nan,nan,0.0,1.0
short_deadline,permanent_block,set_joint,set_independent,1000,0.0,0.0,0.0,nan,nan,nan,0.0,1.0
short_deadline,permanent_block,set_joint,coverage_greedy,1000,0.0,0.0,0.0,nan,nan,nan,0.0,1.0
short_deadline,permanent_block,set_joint,singleton_voi,1000,0.0,0.0,0.0,nan,nan,nan,0.0,1.0
