batch,draws,violations,largest_error_to_bound
0,1000,0,0.9369258138365346
1,1000,0,0.940702264659555
2,1000,0,0.955814579507434
3,1000,0,0.937054932384287
4,1000,0,0.9003129834244815
5,1000,0,0.9470062849535709
6,1000,0,0.9493531003274068
7,1000,0,0.9314650163648209
8,1000,0,0.9255926579165683
9,1000,0,0.9478046614193546
10,1000,0,0.9267442633128112
11,1000,0,0.9428823265231938
12,1000,0,0.9318175933876779
13,1000,0,0.9447160879412696
14,1000,0,0.9214220854294057
15,1000,0,0.9307469419259041
16,1000,0,0.9246760846039636
17,1000,0,0.9450314205297795
18,1000,0,0.9493333759532573
19,1000,0,0.9308299971497754
20,1000,0,0.9416705455460108
21,1000,0,0.9607443679092366
22,1000,0,0.9328131722618043
23,1000,0,0.9176164896585882
24,1000,0,0.902060238546389
25,1000,0,0.9584039727093541
26,1000,0,0.943827795902684
27,1000,0,0.9520083090857481
28,1000,0,0.9028850686422185
29,1000,0,0.9412507883801885
30,1000,0,0.9193346326126942
31,1000,0,0.9378326423919859
32,1000,0,0.9095350062882902
33,1000,0,0.9421873738758665
34,1000,0,0.94678350576643
35,1000,0,0.9525281699770266
36,1000,0,0.9292640919938578
37,1000,0,0.917523302114975
38,1000,0,0.9267502815661184
39,1000,0,0.9620497265425932
40,1000,0,0.9530937498651061
41,1000,0,0.9294932855689372
42,1000,0,0.9240253440465148
43,1000,0,0.978709479514518
44,1000,0,0.9654416899236266
45,1000,0,0.9335782944075401
46,1000,0,0.9247020572579052
47,1000,0,0.9220223728725573
48,1000,0,0.93493192798706
49,1000,0,0.9425777337983862
50,1000,0,0.9073516592854641
51,1000,0,0.9220083935026667
52,1000,0,0.9612167845710683
53,1000,0,0.9242138298048247
54,1000,0,0.9152216803556493
55,1000,0,0.9326106212234451
56,1000,0,0.9414588397405977
57,1000,0,0.9460787089886284
58,1000,0,0.9237881020872002
59,1000,0,0.9100169125517396
60,1000,0,0.95559079097286
61,1000,0,0.9226529830919791
62,1000,0,0.9183339633327201
63,1000,0,0.9338608997051997
64,1000,0,0.9447182829028073
65,1000,0,0.9568446842743595
66,1000,0,0.9642881687074999
67,1000,0,0.9541155267332293
68,1000,0,0.9491220639652426
69,1000,0,0.935253905953975
70,1000,0,0.96321733567646
71,1000,0,0.9315449679657036
72,1000,0,0.9259994474557307
73,1000,0,0.9397020798672514
74,1000,0,0.9575339342802567
75,1000,0,0.9465474086389364
76,1000,0,0.9530996150539365
77,1000,0,0.9745103088722515
78,1000,0,0.9164556290173879
79,1000,0,0.9239578122853368
80,1000,0,0.9288892332193606
81,1000,0,0.9341855529430912
82,1000,0,0.8872180933370727
83,1000,0,0.9529309859115038
84,1000,0,0.9718653635120964
85,1000,0,0.9543240016810208
86,1000,0,0.9470678609930335
87,1000,0,0.9586363045525308
88,1000,0,0.9541501195615321
89,1000,0,0.9373982044434895
90,1000,0,0.9094652212185873
91,1000,0,0.9286743332352239
92,1000,0,0.9224315687077045
93,1000,0,0.9258604125897931
94,1000,0,0.9393610173148711
95,1000,0,0.9133511410992414
96,1000,0,0.9492236140516062
97,1000,0,0.9490907099452208
98,1000,0,0.8942080330668771
99,1000,0,0.9425220964987386
