layout,scenario,step,frame,sensor_frame,thinning,cell_m,state,coverage,covered_cells,required_cells,obstacle_points,raw_points,validity_s,stale_frames,loop_ms
0,free,0,32415,32415,1,0.5,free,1.0,120,120,0,21564,0.3099764942358105,0,27.93798999999808
0,free,0,32415,32415,1,1.0,free,1.0,30,30,0,21564,0.3099764942358105,0,28.819595999976855
0,free,0,32415,32415,8,0.5,unknown,0.8416666666666667,101,120,0,21564,0.0,0,28.970275999995465
0,free,0,32415,32415,8,1.0,free,1.0,30,30,0,21564,0.3099764942358105,0,29.11000299999955
0,free,1,32416,32416,1,0.5,free,1.0,120,120,0,21564,0.3099764942358105,0,73.44887299998959
0,free,1,32416,32416,1,1.0,free,1.0,30,30,0,21564,0.3099764942358105,0,74.35676599999397
0,free,1,32416,32416,8,0.5,unknown,0.8416666666666667,101,120,0,21564,0.0,0,74.53222499998446
0,free,1,32416,32416,8,1.0,free,1.0,30,30,0,21564,0.3099764942358105,0,74.68202199999041
0,free,2,32417,32417,1,0.5,free,1.0,120,120,0,21564,0.3099764942358105,0,102.32770899997945
0,free,2,32417,32417,1,1.0,free,1.0,30,30,0,21564,0.3099764942358105,0,103.30398299998933
0,free,2,32417,32417,8,0.5,unknown,0.8416666666666667,101,120,0,21564,0.0,0,103.45877599999653
0,free,2,32417,32417,8,1.0,free,1.0,30,30,0,21564,0.3099764942358105,0,103.60046799999623
0,free,3,32418,32418,1,0.5,free,1.0,120,120,0,21564,0.3099764942358105,0,89.30846299998052
0,free,3,32418,32418,1,1.0,free,1.0,30,30,0,21564,0.3099764942358105,0,90.2099109999881
0,free,3,32418,32418,8,0.5,unknown,0.8416666666666667,101,120,0,21564,0.0,0,90.39147599997932
0,free,3,32418,32418,8,1.0,free,1.0,30,30,0,21564,0.3099764942358105,0,90.56119999999623
0,free,4,32419,32419,1,0.5,free,1.0,120,120,0,21564,0.3099764942358105,0,67.44773200000509
0,free,4,32419,32419,1,1.0,free,1.0,30,30,0,21564,0.3099764942358105,0,68.45892100000128
0,free,4,32419,32419,8,0.5,unknown,0.8416666666666667,101,120,0,21564,0.0,0,68.69807699999342
0,free,4,32419,32419,8,1.0,free,1.0,30,30,0,21564,0.3099764942358105,0,68.8891880000142
0,free,5,32420,32420,1,0.5,free,1.0,120,120,0,21564,0.3099764942358105,0,76.17646500000319
0,free,5,32420,32420,1,1.0,free,1.0,30,30,0,21564,0.3099764942358105,0,77.23471400001358
0,free,5,32420,32420,8,0.5,unknown,0.8416666666666667,101,120,0,21564,0.0,0,77.44489000000954
0,free,5,32420,32420,8,1.0,free,1.0,30,30,0,21564,0.3099764942358105,0,77.65359999999077
0,free,6,32421,32421,1,0.5,free,1.0,120,120,0,21564,0.3099764942358105,0,64.80786700001318
0,free,6,32421,32421,1,1.0,free,1.0,30,30,0,21564,0.3099764942358105,0,65.80981300001554
0,free,6,32421,32421,8,0.5,unknown,0.8416666666666667,101,120,0,21564,0.0,0,66.00070900000787
0,free,6,32421,32421,8,1.0,free,1.0,30,30,0,21564,0.3099764942358105,0,66.1748100000068
0,free,7,32422,32422,1,0.5,free,1.0,120,120,0,21564,0.3099764942358105,0,65.10141799998337
0,free,7,32422,32422,1,1.0,free,1.0,30,30,0,21564,0.3099764942358105,0,78.0064799999991
0,free,7,32422,32422,8,0.5,unknown,0.8416666666666667,101,120,0,21564,0.0,0,78.21832599998402
0,free,7,32422,32422,8,1.0,free,1.0,30,30,0,21564,0.3099764942358105,0,78.36904900000263
0,free,8,32423,32423,1,0.5,free,1.0,120,120,0,21564,0.3099764942358105,0,45.61455300000716
0,free,8,32423,32423,1,1.0,free,1.0,30,30,0,21564,0.3099764942358105,0,46.47161700000879
0,free,8,32423,32423,8,0.5,unknown,0.8416666666666667,101,120,0,21564,0.0,0,46.64718399999401
0,free,8,32423,32423,8,1.0,free,1.0,30,30,0,21564,0.3099764942358105,0,46.81628399998772
0,free,9,32424,32424,1,0.5,free,1.0,120,120,0,21564,0.3099764942358105,0,104.73562999999331
0,free,9,32424,32424,1,1.0,free,1.0,30,30,0,21564,0.3099764942358105,0,105.61465500001077
0,free,9,32424,32424,8,0.5,unknown,0.8416666666666667,101,120,0,21564,0.0,0,105.7954000000052
0,free,9,32424,32424,8,1.0,free,1.0,30,30,0,21564,0.3099764942358105,0,105.96768100000986
0,free,10,32425,32425,1,0.5,free,1.0,120,120,0,21564,0.3099764942358105,0,66.77507600002741
0,free,10,32425,32425,1,1.0,free,1.0,30,30,0,21564,0.3099764942358105,0,71.00072500000465
0,free,10,32425,32425,8,0.5,unknown,0.8416666666666667,101,120,0,21564,0.0,0,71.25072400000931
0,free,10,32425,32425,8,1.0,free,1.0,30,30,0,21564,0.3099764942358105,0,71.42951600002334
0,free,11,32426,32426,1,0.5,free,1.0,120,120,0,21564,0.3099764942358105,0,69.3685629999834
0,free,11,32426,32426,1,1.0,free,1.0,30,30,0,21564,0.3099764942358105,0,75.40064099998744
0,free,11,32426,32426,8,0.5,unknown,0.8416666666666667,101,120,0,21564,0.0,0,75.68993499998555
0,free,11,32426,32426,8,1.0,free,1.0,30,30,0,21564,0.3099764942358105,0,75.88175899999783
0,free,12,32427,32427,1,0.5,free,1.0,120,120,0,21564,0.3099764942358105,0,100.44124800000986
0,free,12,32427,32427,1,1.0,free,1.0,30,30,0,21564,0.3099764942358105,0,101.57735399999979
0,free,12,32427,32427,8,0.5,unknown,0.8416666666666667,101,120,0,21564,0.0,0,101.7853190000153
0,free,12,32427,32427,8,1.0,free,1.0,30,30,0,21564,0.3099764942358105,0,101.9704450000063
0,free,13,32428,32428,1,0.5,free,1.0,120,120,0,21564,0.3099764942358105,0,67.46373999999378
0,free,13,32428,32428,1,1.0,free,1.0,30,30,0,21564,0.3099764942358105,0,71.07542999997918
0,free,13,32428,32428,8,0.5,unknown,0.8416666666666667,101,120,0,21564,0.0,0,71.29763199998251
0,free,13,32428,32428,8,1.0,free,1.0,30,30,0,21564,0.3099764942358105,0,71.4476349999984
0,free,14,32429,32429,1,0.5,free,1.0,120,120,0,21564,0.3099764942358105,0,90.90347399998677
0,free,14,32429,32429,1,1.0,free,1.0,30,30,0,21564,0.3099764942358105,0,91.8349509999814
0,free,14,32429,32429,8,0.5,unknown,0.8416666666666667,101,120,0,21564,0.0,0,91.99253899998894
0,free,14,32429,32429,8,1.0,free,1.0,30,30,0,21564,0.3099764942358105,0,92.14122099999145
0,free,15,32430,32430,1,0.5,free,1.0,120,120,0,21564,0.3099764942358105,0,94.06446299999516
0,free,15,32430,32430,1,1.0,free,1.0,30,30,0,21564,0.3099764942358105,0,95.12985899999649
0,free,15,32430,32430,8,0.5,unknown,0.8416666666666667,101,120,0,21564,0.0,0,95.32075300000997
0,free,15,32430,32430,8,1.0,free,1.0,30,30,0,21564,0.3099764942358105,0,95.49447000000555
0,free,16,32431,32431,1,0.5,free,1.0,120,120,0,21564,0.3099764942358105,0,52.36476199999629
0,free,16,32431,32431,1,1.0,free,1.0,30,30,0,21564,0.3099764942358105,0,53.2847710000226
0,free,16,32431,32431,8,0.5,unknown,0.8416666666666667,101,120,0,21564,0.0,0,53.44020399999749
0,free,16,32431,32431,8,1.0,free,1.0,30,30,0,21564,0.3099764942358105,0,53.58366100000467
0,free,17,32432,32432,1,0.5,free,1.0,120,120,0,21564,0.3099764942358105,0,70.39018000000397
0,free,17,32432,32432,1,1.0,free,1.0,30,30,0,21564,0.3099764942358105,0,71.29059700000084
0,free,17,32432,32432,8,0.5,unknown,0.8416666666666667,101,120,0,21564,0.0,0,71.44301100001371
0,free,17,32432,32432,8,1.0,free,1.0,30,30,0,21564,0.3099764942358105,0,71.58733700001108
0,free,18,32433,32433,1,0.5,free,1.0,120,120,0,21564,0.3099764942358105,0,47.25931900000546
0,free,18,32433,32433,1,1.0,free,1.0,30,30,0,21564,0.3099764942358105,0,48.16270399999212
0,free,18,32433,32433,8,0.5,unknown,0.8416666666666667,101,120,0,21564,0.0,0,48.32176200000049
0,free,18,32433,32433,8,1.0,free,1.0,30,30,0,21564,0.3099764942358105,0,48.46570199998723
0,free,19,32434,32434,1,0.5,free,1.0,120,120,0,21564,0.3099764942358105,0,55.89835000000676
0,free,19,32434,32434,1,1.0,free,1.0,30,30,0,21564,0.3099764942358105,0,56.845068999990644
0,free,19,32434,32434,8,0.5,unknown,0.8416666666666667,101,120,0,21564,0.0,0,57.02218100000778
0,free,19,32434,32434,8,1.0,free,1.0,30,30,0,21564,0.3099764942358105,0,57.173795000011296
0,occupied,0,32455,32455,1,0.5,occupied,0.8,96,120,388,21564,0.0,0,29.602449999998726
0,occupied,0,32455,32455,1,1.0,occupied,0.8666666666666667,26,30,388,21564,0.0,0,30.46249099998022
0,occupied,0,32455,32455,8,0.5,occupied,0.6333333333333333,76,120,46,21564,0.0,0,30.651782999996158
0,occupied,0,32455,32455,8,1.0,occupied,0.8,24,30,46,21564,0.0,0,30.781843999989178
0,occupied,1,32456,32456,1,0.5,occupied,0.8,96,120,388,21564,0.0,0,56.99395000002028
0,occupied,1,32456,32456,1,1.0,occupied,0.8666666666666667,26,30,388,21564,0.0,0,57.70684300000539
0,occupied,1,32456,32456,8,0.5,occupied,0.6333333333333333,76,120,46,21564,0.0,0,57.84265799999844
0,occupied,1,32456,32456,8,1.0,occupied,0.8,24,30,46,21564,0.0,0,57.97309999999811
0,occupied,2,32457,32457,1,0.5,occupied,0.8,96,120,388,21564,0.0,0,125.60768899999175
0,occupied,2,32457,32457,1,1.0,occupied,0.8666666666666667,26,30,388,21564,0.0,0,126.37027499999931
0,occupied,2,32457,32457,8,0.5,occupied,0.6333333333333333,76,120,46,21564,0.0,0,126.51153199999499
0,occupied,2,32457,32457,8,1.0,occupied,0.8,24,30,46,21564,0.0,0,126.68385800000692
0,occupied,3,32458,32458,1,0.5,occupied,0.8,96,120,388,21564,0.0,0,81.59782399999926
0,occupied,3,32458,32458,1,1.0,occupied,0.8666666666666667,26,30,388,21564,0.0,0,82.4020409999946
0,occupied,3,32458,32458,8,0.5,occupied,0.6333333333333333,76,120,46,21564,0.0,0,82.59419899999898
0,occupied,3,32458,32458,8,1.0,occupied,0.8,24,30,46,21564,0.0,0,82.75931299999684
0,occupied,4,32459,32459,1,0.5,occupied,0.8,96,120,388,21564,0.0,0,122.80934999998294
0,occupied,4,32459,32459,1,1.0,occupied,0.8666666666666667,26,30,388,21564,0.0,0,123.49093800000333
0,occupied,4,32459,32459,8,0.5,occupied,0.6333333333333333,76,120,46,21564,0.0,0,123.6400720000006
0,occupied,4,32459,32459,8,1.0,occupied,0.8,24,30,46,21564,0.0,0,123.78209399997786
0,occupied,5,32460,32460,1,0.5,occupied,0.8,96,120,388,21564,0.0,0,57.24745499998107
0,occupied,5,32460,32460,1,1.0,occupied,0.8666666666666667,26,30,388,21564,0.0,0,58.80783899999642
0,occupied,5,32460,32460,8,0.5,occupied,0.6333333333333333,76,120,46,21564,0.0,0,59.018851999979915
0,occupied,5,32460,32460,8,1.0,occupied,0.8,24,30,46,21564,0.0,0,59.19550199999435
0,occupied,6,32461,32461,1,0.5,occupied,0.8,96,120,388,21564,0.0,0,60.65221000000065
0,occupied,6,32461,32461,1,1.0,occupied,0.8666666666666667,26,30,388,21564,0.0,0,61.37913199998479
0,occupied,6,32461,32461,8,0.5,occupied,0.6333333333333333,76,120,46,21564,0.0,0,61.579676999997446
0,occupied,6,32461,32461,8,1.0,occupied,0.8,24,30,46,21564,0.0,0,61.70235100000809
0,occupied,7,32462,32462,1,0.5,occupied,0.8,96,120,388,21564,0.0,0,56.318185999998605
0,occupied,7,32462,32462,1,1.0,occupied,0.8666666666666667,26,30,388,21564,0.0,0,57.047691999997596
0,occupied,7,32462,32462,8,0.5,occupied,0.6333333333333333,76,120,46,21564,0.0,0,57.18172499999241
0,occupied,7,32462,32462,8,1.0,occupied,0.8,24,30,46,21564,0.0,0,57.32410999999615
0,occupied,8,32463,32463,1,0.5,occupied,0.8,96,120,388,21564,0.0,0,68.78981899998848
0,occupied,8,32463,32463,1,1.0,occupied,0.8666666666666667,26,30,388,21564,0.0,0,69.53166799999622
0,occupied,8,32463,32463,8,0.5,occupied,0.6333333333333333,76,120,46,21564,0.0,0,69.71321699998612
0,occupied,8,32463,32463,8,1.0,occupied,0.8,24,30,46,21564,0.0,0,69.82848199999125
0,occupied,9,32464,32464,1,0.5,occupied,0.8,96,120,388,21564,0.0,0,73.88782600000354
0,occupied,9,32464,32464,1,1.0,occupied,0.8666666666666667,26,30,388,21564,0.0,0,74.6079669999915
0,occupied,9,32464,32464,8,0.5,occupied,0.6333333333333333,76,120,46,21564,0.0,0,74.74865899999372
0,occupied,9,32464,32464,8,1.0,occupied,0.8,24,30,46,21564,0.0,0,74.86833599998022
0,occupied,10,32465,32465,1,0.5,occupied,0.8,96,120,388,21564,0.0,0,67.85074800001212
0,occupied,10,32465,32465,1,1.0,occupied,0.8666666666666667,26,30,388,21564,0.0,0,68.53324300001873
0,occupied,10,32465,32465,8,0.5,occupied,0.6333333333333333,76,120,46,21564,0.0,0,68.66263300000242
0,occupied,10,32465,32465,8,1.0,occupied,0.8,24,30,46,21564,0.0,0,68.77675200001931
0,occupied,11,32466,32466,1,0.5,occupied,0.8,96,120,388,21564,0.0,0,78.14989599998512
0,occupied,11,32466,32466,1,1.0,occupied,0.8666666666666667,26,30,388,21564,0.0,0,78.82704100001092
0,occupied,11,32466,32466,8,0.5,occupied,0.6333333333333333,76,120,46,21564,0.0,0,78.97727599998916
0,occupied,11,32466,32466,8,1.0,occupied,0.8,24,30,46,21564,0.0,0,79.11721199999988
0,occupied,12,32467,32467,1,0.5,occupied,0.8,96,120,388,21564,0.0,0,72.98986900002546
0,occupied,12,32467,32467,1,1.0,occupied,0.8666666666666667,26,30,388,21564,0.0,0,73.75564900002018
0,occupied,12,32467,32467,8,0.5,occupied,0.6333333333333333,76,120,46,21564,0.0,0,73.92143000001283
0,occupied,12,32467,32467,8,1.0,occupied,0.8,24,30,46,21564,0.0,0,74.070756000026
0,occupied,13,32468,32468,1,0.5,occupied,0.8,96,120,388,21564,0.0,0,98.12320700001465
0,occupied,13,32468,32468,1,1.0,occupied,0.8666666666666667,26,30,388,21564,0.0,0,100.87877300000514
0,occupied,13,32468,32468,8,0.5,occupied,0.6333333333333333,76,120,46,21564,0.0,0,101.04462300000705
0,occupied,13,32468,32468,8,1.0,occupied,0.8,24,30,46,21564,0.0,0,101.34911700001226
0,occupied,14,32469,32469,1,0.5,occupied,0.8,96,120,388,21564,0.0,0,94.24460100001397
0,occupied,14,32469,32469,1,1.0,occupied,0.8666666666666667,26,30,388,21564,0.0,0,94.99701600000776
0,occupied,14,32469,32469,8,0.5,occupied,0.6333333333333333,76,120,46,21564,0.0,0,95.1602170000001
0,occupied,14,32469,32469,8,1.0,occupied,0.8,24,30,46,21564,0.0,0,95.30837400001246
0,occupied,15,32470,32470,1,0.5,occupied,0.8,96,120,388,21564,0.0,0,80.55656600001271
0,occupied,15,32470,32470,1,1.0,occupied,0.8666666666666667,26,30,388,21564,0.0,0,82.60262499999271
0,occupied,15,32470,32470,8,0.5,occupied,0.6333333333333333,76,120,46,21564,0.0,0,82.77568500000143
0,occupied,15,32470,32470,8,1.0,occupied,0.8,24,30,46,21564,0.0,0,82.92352899999855
0,occupied,16,32471,32471,1,0.5,occupied,0.8,96,120,388,21564,0.0,0,65.18960399998264
0,occupied,16,32471,32471,1,1.0,occupied,0.8666666666666667,26,30,388,21564,0.0,0,65.9248190000028
0,occupied,16,32471,32471,8,0.5,occupied,0.6333333333333333,76,120,46,21564,0.0,0,66.0883799999965
0,occupied,16,32471,32471,8,1.0,occupied,0.8,24,30,46,21564,0.0,0,66.23336100000188
0,occupied,17,32472,32472,1,0.5,occupied,0.8,96,120,388,21564,0.0,0,68.96278800002165
0,occupied,17,32472,32472,1,1.0,occupied,0.8666666666666667,26,30,388,21564,0.0,0,69.72711700001355
0,occupied,17,32472,32472,8,0.5,occupied,0.6333333333333333,76,120,46,21564,0.0,0,69.89867300001151
0,occupied,17,32472,32472,8,1.0,occupied,0.8,24,30,46,21564,0.0,0,70.0500930000203
0,occupied,18,32473,32473,1,0.5,occupied,0.8,96,120,388,21564,0.0,0,67.70605200000546
0,occupied,18,32473,32473,1,1.0,occupied,0.8666666666666667,26,30,388,21564,0.0,0,68.43304399998829
0,occupied,18,32473,32473,8,0.5,occupied,0.6333333333333333,76,120,46,21564,0.0,0,68.5906740000064
0,occupied,18,32473,32473,8,1.0,occupied,0.8,24,30,46,21564,0.0,0,68.73426499998914
0,occupied,19,32474,32474,1,0.5,occupied,0.8,96,120,388,21564,0.0,0,58.83577800000239
0,occupied,19,32474,32474,1,1.0,occupied,0.8666666666666667,26,30,388,21564,0.0,0,59.55502199998364
0,occupied,19,32474,32474,8,0.5,occupied,0.6333333333333333,76,120,46,21564,0.0,0,59.71284099999252
0,occupied,19,32474,32474,8,1.0,occupied,0.8,24,30,46,21564,0.0,0,59.85676899999248
1,free,0,32495,32495,1,0.5,unknown,0.9916666666666667,119,120,0,22478,0.0,0,41.94919500000083
1,free,0,32495,32495,1,1.0,free,1.0,30,30,0,22478,0.3099764942358105,0,42.48631299998351
1,free,0,32495,32495,8,0.5,unknown,0.44166666666666665,53,120,0,22478,0.0,0,42.64987999999903
1,free,0,32495,32495,8,1.0,unknown,0.9666666666666667,29,30,0,22478,0.0,0,42.774334000000636
1,free,1,32496,32496,1,0.5,unknown,0.9916666666666667,119,120,0,22478,0.0,0,52.0839790000025
1,free,1,32496,32496,1,1.0,free,1.0,30,30,0,22478,0.3099764942358105,0,52.581564999997
1,free,1,32496,32496,8,0.5,unknown,0.44166666666666665,53,120,0,22478,0.0,0,52.717070999989346
1,free,1,32496,32496,8,1.0,unknown,0.9666666666666667,29,30,0,22478,0.0,0,52.832811999991236
1,free,2,32497,32497,1,0.5,unknown,0.9916666666666667,119,120,0,22478,0.0,0,127.87695400001553
1,free,2,32497,32497,1,1.0,free,1.0,30,30,0,22478,0.3099764942358105,0,128.34272599999963
1,free,2,32497,32497,8,0.5,unknown,0.44166666666666665,53,120,0,22478,0.0,0,128.462595000002
1,free,2,32497,32497,8,1.0,unknown,0.9666666666666667,29,30,0,22478,0.0,0,128.61094000001572
1,free,3,32498,32498,1,0.5,unknown,0.9916666666666667,119,120,0,22478,0.0,0,48.74850299998457
1,free,3,32498,32498,1,1.0,free,1.0,30,30,0,22478,0.3099764942358105,0,49.24397699997485
1,free,3,32498,32498,8,0.5,unknown,0.44166666666666665,53,120,0,22478,0.0,0,49.375406999985216
1,free,3,32498,32498,8,1.0,unknown,0.9666666666666667,29,30,0,22478,0.0,0,49.49266699998134
1,free,4,32499,32499,1,0.5,unknown,0.9916666666666667,119,120,0,22478,0.0,0,89.84759299997336
1,free,4,32499,32499,1,1.0,free,1.0,30,30,0,22478,0.3099764942358105,0,90.27618599998277
1,free,4,32499,32499,8,0.5,unknown,0.44166666666666665,53,120,0,22478,0.0,0,90.39503199997512
1,free,4,32499,32499,8,1.0,unknown,0.9666666666666667,29,30,0,22478,0.0,0,90.50946499999668
1,free,5,32500,32500,1,0.5,unknown,0.9916666666666667,119,120,0,22478,0.0,0,80.84941100000265
1,free,5,32500,32500,1,1.0,free,1.0,30,30,0,22478,0.3099764942358105,0,81.31427099999655
1,free,5,32500,32500,8,0.5,unknown,0.44166666666666665,53,120,0,22478,0.0,0,81.47806200000218
1,free,5,32500,32500,8,1.0,unknown,0.9666666666666667,29,30,0,22478,0.0,0,81.61632300001997
1,free,6,32501,32501,1,0.5,unknown,0.9916666666666667,119,120,0,22478,0.0,0,65.50234100001262
1,free,6,32501,32501,1,1.0,free,1.0,30,30,0,22478,0.3099764942358105,0,65.94877000000565
1,free,6,32501,32501,8,0.5,unknown,0.44166666666666665,53,120,0,22478,0.0,0,66.06710299999463
1,free,6,32501,32501,8,1.0,unknown,0.9666666666666667,29,30,0,22478,0.0,0,66.18129899999303
1,free,7,32502,32502,1,0.5,unknown,0.9916666666666667,119,120,0,22478,0.0,0,91.18807100000481
1,free,7,32502,32502,1,1.0,free,1.0,30,30,0,22478,0.3099764942358105,0,91.63046599999802
1,free,7,32502,32502,8,0.5,unknown,0.44166666666666665,53,120,0,22478,0.0,0,91.74911499999894
1,free,7,32502,32502,8,1.0,unknown,0.9666666666666667,29,30,0,22478,0.0,0,91.86171600001103
1,free,8,32503,32503,1,0.5,unknown,0.9916666666666667,119,120,0,22478,0.0,0,67.73394600000415
1,free,8,32503,32503,1,1.0,free,1.0,30,30,0,22478,0.3099764942358105,0,68.15717500001028
1,free,8,32503,32503,8,0.5,unknown,0.44166666666666665,53,120,0,22478,0.0,0,68.24653800001101
1,free,8,32503,32503,8,1.0,unknown,0.9666666666666667,29,30,0,22478,0.0,0,68.3261590000086
1,free,9,32504,32504,1,0.5,unknown,0.9916666666666667,119,120,0,22478,0.0,0,99.59140099999786
1,free,9,32504,32504,1,1.0,free,1.0,30,30,0,22478,0.3099764942358105,0,100.02624800000603
1,free,9,32504,32504,8,0.5,unknown,0.44166666666666665,53,120,0,22478,0.0,0,100.11568499999157
1,free,9,32504,32504,8,1.0,unknown,0.9666666666666667,29,30,0,22478,0.0,0,100.20024599998578
1,free,10,32505,32505,1,0.5,unknown,0.9916666666666667,119,120,0,22478,0.0,0,137.06710299999258
1,free,10,32505,32505,1,1.0,free,1.0,30,30,0,22478,0.3099764942358105,0,137.52041600000098
1,free,10,32505,32505,8,0.5,unknown,0.44166666666666665,53,120,0,22478,0.0,0,137.6207499999964
1,free,10,32505,32505,8,1.0,unknown,0.9666666666666667,29,30,0,22478,0.0,0,137.70810599999095
1,free,11,32506,32506,1,0.5,unknown,0.9916666666666667,119,120,0,22478,0.0,0,59.13573000000838
1,free,11,32506,32506,1,1.0,free,1.0,30,30,0,22478,0.3099764942358105,0,59.589085999988356
1,free,11,32506,32506,8,0.5,unknown,0.44166666666666665,53,120,0,22478,0.0,0,59.70451999999682
1,free,11,32506,32506,8,1.0,unknown,0.9666666666666667,29,30,0,22478,0.0,0,59.811198999994986
1,free,12,32507,32507,1,0.5,unknown,0.9916666666666667,119,120,0,22478,0.0,0,65.0756910000041
1,free,12,32507,32507,1,1.0,free,1.0,30,30,0,22478,0.3099764942358105,0,65.54479599998331
1,free,12,32507,32507,8,0.5,unknown,0.44166666666666665,53,120,0,22478,0.0,0,65.65114399998606
1,free,12,32507,32507,8,1.0,unknown,0.9666666666666667,29,30,0,22478,0.0,0,65.75443999997788
1,free,13,32508,32508,1,0.5,unknown,0.9916666666666667,119,120,0,22478,0.0,0,50.569155999994564
1,free,13,32508,32508,1,1.0,free,1.0,30,30,0,22478,0.3099764942358105,0,51.030809999986104
1,free,13,32508,32508,8,0.5,unknown,0.44166666666666665,53,120,0,22478,0.0,0,51.13593999999466
1,free,13,32508,32508,8,1.0,unknown,0.9666666666666667,29,30,0,22478,0.0,0,51.23428799998919
1,free,14,32509,32509,1,0.5,unknown,0.9916666666666667,119,120,0,22478,0.0,0,28.404246000008015
1,free,14,32509,32509,1,1.0,free,1.0,30,30,0,22478,0.3099764942358105,0,28.836289999986775
1,free,14,32509,32509,8,0.5,unknown,0.44166666666666665,53,120,0,22478,0.0,0,28.928718000003073
1,free,14,32509,32509,8,1.0,unknown,0.9666666666666667,29,30,0,22478,0.0,0,29.01248599999917
1,free,15,32510,32510,1,0.5,unknown,0.9916666666666667,119,120,0,22478,0.0,0,62.45347000000834
1,free,15,32510,32510,1,1.0,free,1.0,30,30,0,22478,0.3099764942358105,0,62.92676099999994
1,free,15,32510,32510,8,0.5,unknown,0.44166666666666665,53,120,0,22478,0.0,0,63.058294999990494
1,free,15,32510,32510,8,1.0,unknown,0.9666666666666667,29,30,0,22478,0.0,0,63.14157099998852
1,free,16,32511,32511,1,0.5,unknown,0.9916666666666667,119,120,0,22478,0.0,0,62.67849799999681
1,free,16,32511,32511,1,1.0,free,1.0,30,30,0,22478,0.3099764942358105,0,63.09757099998592
1,free,16,32511,32511,8,0.5,unknown,0.44166666666666665,53,120,0,22478,0.0,0,63.18877699999348
1,free,16,32511,32511,8,1.0,unknown,0.9666666666666667,29,30,0,22478,0.0,0,63.26872299999309
1,free,17,32512,32512,1,0.5,unknown,0.9916666666666667,119,120,0,22478,0.0,0,57.6483349999819
1,free,17,32512,32512,1,1.0,free,1.0,30,30,0,22478,0.3099764942358105,0,58.08339899999737
1,free,17,32512,32512,8,0.5,unknown,0.44166666666666665,53,120,0,22478,0.0,0,58.173205999992206
1,free,17,32512,32512,8,1.0,unknown,0.9666666666666667,29,30,0,22478,0.0,0,58.27773599997954
1,free,18,32513,32513,1,0.5,unknown,0.9916666666666667,119,120,0,22478,0.0,0,83.6931560000096
1,free,18,32513,32513,1,1.0,free,1.0,30,30,0,22478,0.3099764942358105,0,84.14490000001251
1,free,18,32513,32513,8,0.5,unknown,0.44166666666666665,53,120,0,22478,0.0,0,84.24529300000927
1,free,18,32513,32513,8,1.0,unknown,0.9666666666666667,29,30,0,22478,0.0,0,84.3196730000102
1,free,19,32514,32514,1,0.5,unknown,0.9916666666666667,119,120,0,22478,0.0,0,59.639997000004996
1,free,19,32514,32514,1,1.0,free,1.0,30,30,0,22478,0.3099764942358105,0,60.16242400002625
1,free,19,32514,32514,8,0.5,unknown,0.44166666666666665,53,120,0,22478,0.0,0,60.57503900001393
1,free,19,32514,32514,8,1.0,unknown,0.9666666666666667,29,30,0,22478,0.0,0,60.87567200000876
1,occupied,0,32535,32535,1,0.5,occupied,0.7583333333333333,91,120,170,22478,0.0,0,32.03217999998742
1,occupied,0,32535,32535,1,1.0,occupied,0.8333333333333334,25,30,170,22478,0.0,0,32.50817099998926
1,occupied,0,32535,32535,8,0.5,occupied,0.30833333333333335,37,120,23,22478,0.0,0,32.971386000014036
1,occupied,0,32535,32535,8,1.0,occupied,0.6666666666666666,20,30,23,22478,0.0,0,33.37400099999854
1,occupied,1,32536,32536,1,0.5,occupied,0.7583333333333333,91,120,169,22478,0.0,0,68.30735800002685
1,occupied,1,32536,32536,1,1.0,occupied,0.8333333333333334,25,30,169,22478,0.0,0,68.72857900000895
1,occupied,1,32536,32536,8,0.5,occupied,0.30833333333333335,37,120,23,22478,0.0,0,68.81785800001694
1,occupied,1,32536,32536,8,1.0,occupied,0.6666666666666666,20,30,23,22478,0.0,0,68.89649500001838
1,occupied,2,32537,32537,1,0.5,occupied,0.7583333333333333,91,120,169,22478,0.0,0,78.84116299999278
1,occupied,2,32537,32537,1,1.0,occupied,0.8333333333333334,25,30,169,22478,0.0,0,79.25076099999728
1,occupied,2,32537,32537,8,0.5,occupied,0.30833333333333335,37,120,23,22478,0.0,0,79.34695199998032
1,occupied,2,32537,32537,8,1.0,occupied,0.6666666666666666,20,30,23,22478,0.0,0,79.4279739999979
1,occupied,3,32538,32538,1,0.5,occupied,0.7583333333333333,91,120,169,22478,0.0,0,80.32265500000335
1,occupied,3,32538,32538,1,1.0,occupied,0.8333333333333334,25,30,169,22478,0.0,0,80.79834700001243
1,occupied,3,32538,32538,8,0.5,occupied,0.30833333333333335,37,120,23,22478,0.0,0,80.89844599999196
1,occupied,3,32538,32538,8,1.0,occupied,0.6666666666666666,20,30,23,22478,0.0,0,80.98583700001427
1,occupied,4,32539,32539,1,0.5,occupied,0.7583333333333333,91,120,169,22478,0.0,0,67.2693509999931
1,occupied,4,32539,32539,1,1.0,occupied,0.8333333333333334,25,30,169,22478,0.0,0,67.6419019999912
1,occupied,4,32539,32539,8,0.5,occupied,0.30833333333333335,37,120,23,22478,0.0,0,67.74250699999129
1,occupied,4,32539,32539,8,1.0,occupied,0.6666666666666666,20,30,23,22478,0.0,0,67.8158549999921
1,occupied,5,32540,32540,1,0.5,occupied,0.7583333333333333,91,120,169,22478,0.0,0,88.19568699999536
1,occupied,5,32540,32540,1,1.0,occupied,0.8333333333333334,25,30,169,22478,0.0,0,88.63203100000305
1,occupied,5,32540,32540,8,0.5,occupied,0.30833333333333335,37,120,23,22478,0.0,0,88.73805300001436
1,occupied,5,32540,32540,8,1.0,occupied,0.6666666666666666,20,30,23,22478,0.0,0,88.81545500000243
1,occupied,6,32541,32541,1,0.5,occupied,0.7583333333333333,91,120,169,22478,0.0,0,98.69642200001749
1,occupied,6,32541,32541,1,1.0,occupied,0.8333333333333334,25,30,169,22478,0.0,0,99.10089600001015
1,occupied,6,32541,32541,8,0.5,occupied,0.30833333333333335,37,120,23,22478,0.0,0,99.19725600002494
1,occupied,6,32541,32541,8,1.0,occupied,0.6666666666666666,20,30,23,22478,0.0,0,99.30028700000548
1,occupied,7,32542,32542,1,0.5,occupied,0.7583333333333333,91,120,169,22478,0.0,0,78.64771699999551
1,occupied,7,32542,32542,1,1.0,occupied,0.8333333333333334,25,30,169,22478,0.0,0,79.00901499999691
1,occupied,7,32542,32542,8,0.5,occupied,0.30833333333333335,37,120,23,22478,0.0,0,79.09146999998029
1,occupied,7,32542,32542,8,1.0,occupied,0.6666666666666666,20,30,23,22478,0.0,0,79.16322799999875
1,occupied,8,32543,32543,1,0.5,occupied,0.7583333333333333,91,120,169,22478,0.0,0,109.39134099999137
1,occupied,8,32543,32543,1,1.0,occupied,0.8333333333333334,25,30,169,22478,0.0,0,109.86660500000767
1,occupied,8,32543,32543,8,0.5,occupied,0.30833333333333335,37,120,23,22478,0.0,0,109.98384800001304
1,occupied,8,32543,32543,8,1.0,occupied,0.6666666666666666,20,30,23,22478,0.0,0,110.06326500000796
1,occupied,9,32544,32544,1,0.5,occupied,0.7583333333333333,91,120,169,22478,0.0,0,67.0646020000163
1,occupied,9,32544,32544,1,1.0,occupied,0.8333333333333334,25,30,169,22478,0.0,0,79.68167800001424
1,occupied,9,32544,32544,8,0.5,occupied,0.30833333333333335,37,120,23,22478,0.0,0,79.79287500000964
1,occupied,9,32544,32544,8,1.0,occupied,0.6666666666666666,20,30,23,22478,0.0,0,79.87435600000481
1,occupied,10,32545,32545,1,0.5,occupied,0.7583333333333333,91,120,169,22478,0.0,0,40.756651999998894
1,occupied,10,32545,32545,1,1.0,occupied,0.8333333333333334,25,30,169,22478,0.0,0,41.139947000004895
1,occupied,10,32545,32545,8,0.5,occupied,0.30833333333333335,37,120,23,22478,0.0,0,41.25877399999922
1,occupied,10,32545,32545,8,1.0,occupied,0.6666666666666666,20,30,23,22478,0.0,0,42.64937000002078
1,occupied,11,32546,32546,1,0.5,occupied,0.7583333333333333,91,120,169,22478,0.0,0,86.89895599999886
1,occupied,11,32546,32546,1,1.0,occupied,0.8333333333333334,25,30,169,22478,0.0,0,87.31601700000624
1,occupied,11,32546,32546,8,0.5,occupied,0.30833333333333335,37,120,23,22478,0.0,0,87.44944899999041
1,occupied,11,32546,32546,8,1.0,occupied,0.6666666666666666,20,30,23,22478,0.0,0,87.56331199998613
1,occupied,12,32547,32547,1,0.5,occupied,0.7583333333333333,91,120,169,22478,0.0,0,67.79609400001618
1,occupied,12,32547,32547,1,1.0,occupied,0.8333333333333334,25,30,169,22478,0.0,0,68.22549700001446
1,occupied,12,32547,32547,8,0.5,occupied,0.30833333333333335,37,120,23,22478,0.0,0,68.35358300000394
1,occupied,12,32547,32547,8,1.0,occupied,0.6666666666666666,20,30,23,22478,0.0,0,68.46934200001442
1,occupied,13,32548,32548,1,0.5,occupied,0.7583333333333333,91,120,169,22478,0.0,0,62.768912999985105
1,occupied,13,32548,32548,1,1.0,occupied,0.8333333333333334,25,30,169,22478,0.0,0,63.220137999991266
1,occupied,13,32548,32548,8,0.5,occupied,0.30833333333333335,37,120,23,22478,0.0,0,63.36729299999888
1,occupied,13,32548,32548,8,1.0,occupied,0.6666666666666666,20,30,23,22478,0.0,0,63.50267299998791
1,occupied,14,32549,32549,1,0.5,occupied,0.7583333333333333,91,120,169,22478,0.0,0,78.57210099999179
1,occupied,14,32549,32549,1,1.0,occupied,0.8333333333333334,25,30,169,22478,0.0,0,78.98153400000751
1,occupied,14,32549,32549,8,0.5,occupied,0.30833333333333335,37,120,23,22478,0.0,0,79.09545699999398
1,occupied,14,32549,32549,8,1.0,occupied,0.6666666666666666,20,30,23,22478,0.0,0,79.20082500001513
1,occupied,15,32550,32550,1,0.5,occupied,0.7583333333333333,91,120,169,22478,0.0,0,75.44045800000276
1,occupied,15,32550,32550,1,1.0,occupied,0.8333333333333334,25,30,169,22478,0.0,0,75.89778100000899
1,occupied,15,32550,32550,8,0.5,occupied,0.30833333333333335,37,120,23,22478,0.0,0,76.01507600000446
1,occupied,15,32550,32550,8,1.0,occupied,0.6666666666666666,20,30,23,22478,0.0,0,76.12336099998629
1,occupied,16,32551,32551,1,0.5,occupied,0.7583333333333333,91,120,169,22478,0.0,0,66.88807300000121
1,occupied,16,32551,32551,1,1.0,occupied,0.8333333333333334,25,30,169,22478,0.0,0,67.28941100001862
1,occupied,16,32551,32551,8,0.5,occupied,0.30833333333333335,37,120,23,22478,0.0,0,69.03936500000896
1,occupied,16,32551,32551,8,1.0,occupied,0.6666666666666666,20,30,23,22478,0.0,0,69.20038500001624
1,occupied,17,32552,32552,1,0.5,occupied,0.7583333333333333,91,120,169,22478,0.0,0,76.6657390000205
1,occupied,17,32552,32552,1,1.0,occupied,0.8333333333333334,25,30,169,22478,0.0,0,77.0987080000225
1,occupied,17,32552,32552,8,0.5,occupied,0.30833333333333335,37,120,23,22478,0.0,0,77.21695900002601
1,occupied,17,32552,32552,8,1.0,occupied,0.6666666666666666,20,30,23,22478,0.0,0,77.32489400001441
1,occupied,18,32553,32553,1,0.5,occupied,0.7583333333333333,91,120,169,22478,0.0,0,80.04804199998716
1,occupied,18,32553,32553,1,1.0,occupied,0.8333333333333334,25,30,169,22478,0.0,0,80.49770199997397
1,occupied,18,32553,32553,8,0.5,occupied,0.30833333333333335,37,120,23,22478,0.0,0,80.61291999999298
1,occupied,18,32553,32553,8,1.0,occupied,0.6666666666666666,20,30,23,22478,0.0,0,80.72025399999916
1,occupied,19,32554,32554,1,0.5,occupied,0.7583333333333333,91,120,169,22478,0.0,0,77.62194800000088
1,occupied,19,32554,32554,1,1.0,occupied,0.8333333333333334,25,30,169,22478,0.0,0,78.00702500000511
1,occupied,19,32554,32554,8,0.5,occupied,0.30833333333333335,37,120,23,22478,0.0,0,78.14057500002036
1,occupied,19,32554,32554,8,1.0,occupied,0.6666666666666666,20,30,23,22478,0.0,0,78.25153500002102
