timestamp, memory_used_MiB, utilization_pct, power_W
2026/09/26 17:57:46.884, 9061, 36, 28.21
2026/09/26 17:57:51.964, 9066, 35, 29.40
2026/09/26 17:57:57.033, 9082, 38, 27.99
2026/09/26 17:58:02.114, 9099, 38, 28.13
2026/09/26 17:58:07.185, 9099, 35, 30.28
2026/09/26 17:58:12.253, 9099, 35, 30.27
2026/09/26 17:58:17.328, 9103, 98, 33.11
2026/09/26 17:58:22.420, 9218, 50, 45.64
2026/09/26 17:58:27.497, 9217, 30, 44.35
2026/09/26 17:58:32.581, 9217, 26, 45.98
2026/09/26 17:58:37.660, 9217, 22, 72.17
2026/09/26 17:58:42.744, 9217, 50, 44.12
2026/09/26 17:58:47.843, 9217, 30, 45.58
2026/09/26 17:58:52.935, 9217, 21, 50.86
2026/09/26 17:58:58.012, 9217, 18, 55.45
2026/09/26 17:59:03.105, 9217, 30, 46.66
2026/09/26 17:59:08.188, 9217, 27, 47.22
2026/09/26 17:59:13.274, 9217, 23, 60.21
2026/09/26 17:59:18.350, 9217, 16, 69.20
2026/09/26 17:59:23.420, 9218, 38, 29.44
2026/09/26 17:59:28.485, 9216, 35, 29.71
2026/09/26 17:59:33.550, 9216, 69, 27.91
2026/09/26 17:59:38.613, 9216, 36, 28.46
2026/09/26 17:59:43.681, 9216, 37, 26.76
2026/09/26 17:59:48.749, 9216, 40, 28.74
2026/09/26 17:59:53.811, 9216, 39, 28.43
2026/09/26 17:59:58.878, 9216, 39, 27.21
2026/09/26 18:00:03.966, 9218, 21, 58.24
2026/09/26 18:00:09.057, 9218, 22, 63.81
2026/09/26 18:00:14.138, 9218, 15, 64.43
2026/09/26 18:00:19.227, 9218, 32, 42.47
2026/09/26 18:00:24.314, 9218, 26, 45.47
2026/09/26 18:00:29.391, 9217, 16, 64.89
2026/09/26 18:00:34.475, 9217, 54, 43.08
2026/09/26 18:00:39.548, 9217, 29, 45.86
2026/09/26 18:00:44.635, 9217, 25, 47.24
2026/09/26 18:00:49.718, 9217, 15, 78.11
2026/09/26 18:00:54.797, 9217, 52, 49.13
2026/09/26 18:00:59.876, 9217, 30, 47.44
2026/09/26 18:01:04.943, 9217, 26, 48.22
2026/09/26 18:01:10.027, 9217, 16, 63.68
2026/09/26 18:01:15.108, 9222, 56, 43.25
2026/09/26 18:01:20.192, 9222, 27, 45.08
2026/09/26 18:01:25.278, 9233, 47, 44.28
2026/09/26 18:01:30.360, 9228, 51, 44.12
2026/09/26 18:01:35.437, 9233, 28, 43.71
2026/09/26 18:01:40.511, 9244, 23, 56.55
2026/09/26 18:01:45.591, 9260, 24, 45.10
2026/09/26 18:01:50.667, 9260, 16, 64.95
2026/09/26 18:01:55.742, 9265, 49, 44.17
2026/09/26 18:02:00.820, 9265, 16, 65.24
2026/09/26 18:02:05.894, 9265, 48, 46.03
2026/09/26 18:02:10.970, 9265, 48, 44.92
2026/09/26 18:02:16.059, 9269, 20, 50.55
2026/09/26 18:02:21.135, 9269, 58, 45.73
2026/09/26 18:02:26.212, 9269, 29, 43.59
2026/09/26 18:02:31.286, 9269, 26, 46.18
2026/09/26 18:02:36.373, 9269, 23, 54.77
2026/09/26 18:02:41.451, 9269, 16, 64.80
2026/09/26 18:02:46.526, 9269, 16, 69.15
2026/09/26 18:02:51.610, 9269, 56, 46.11
2026/09/26 18:02:56.690, 9269, 28, 48.92
2026/09/26 18:03:01.769, 9269, 24, 54.47
2026/09/26 18:03:06.844, 9269, 15, 90.80
2026/09/26 18:03:11.922, 9269, 33, 45.45
2026/09/26 18:03:16.997, 9269, 27, 47.85
2026/09/26 18:03:22.083, 9269, 17, 67.08
2026/09/26 18:03:27.174, 9269, 15, 82.30
2026/09/26 18:03:32.254, 9269, 51, 44.39
2026/09/26 18:03:37.339, 9269, 28, 44.12
2026/09/26 18:03:42.409, 9269, 27, 46.70
2026/09/26 18:03:47.491, 9269, 23, 54.80
2026/09/26 18:03:52.561, 9269, 17, 72.34
2026/09/26 18:03:57.635, 9269, 59, 47.39
2026/09/26 18:04:02.718, 9269, 30, 47.84
2026/09/26 18:04:07.796, 9269, 28, 47.88
2026/09/26 18:04:12.877, 9277, 24, 55.15
2026/09/26 18:04:17.959, 9288, 17, 66.40
2026/09/26 18:04:23.038, 9288, 51, 46.09
2026/09/26 18:04:28.118, 9288, 28, 46.39
2026/09/26 18:04:33.196, 9288, 26, 46.52
2026/09/26 18:04:38.272, 9288, 25, 50.10
2026/09/26 18:04:43.347, 9288, 15, 91.29
2026/09/26 18:04:48.430, 9288, 32, 48.53
2026/09/26 18:04:53.501, 9288, 28, 51.26
2026/09/26 18:04:58.580, 9288, 16, 74.08
2026/09/26 18:05:03.671, 9288, 17, 67.54
2026/09/26 18:05:08.751, 9288, 16, 68.39
2026/09/26 18:05:13.835, 9288, 51, 48.14
2026/09/26 18:05:18.911, 9288, 16, 57.28
2026/09/26 18:05:23.990, 9288, 15, 58.82
2026/09/26 18:05:29.064, 9288, 34, 49.05
2026/09/26 18:05:34.155, 9288, 28, 51.37
2026/09/26 18:05:39.239, 9288, 23, 80.91
2026/09/26 18:05:44.319, 9288, 16, 73.83
2026/09/26 18:05:49.398, 9288, 31, 49.16
2026/09/26 18:05:54.473, 9288, 27, 49.14
2026/09/26 18:05:59.547, 9288, 29, 53.63
2026/09/26 18:06:04.621, 9288, 50, 45.97
2026/09/26 18:06:09.699, 9288, 26, 45.41
2026/09/26 18:06:14.775, 9288, 23, 61.45
2026/09/26 18:06:19.852, 9288, 52, 50.12
2026/09/26 18:06:24.937, 9288, 30, 46.15
2026/09/26 18:06:30.015, 9288, 24, 50.08
2026/09/26 18:06:35.097, 9288, 17, 55.97
2026/09/26 18:06:40.177, 9288, 15, 69.82
2026/09/26 18:06:45.259, 9288, 30, 47.30
2026/09/26 18:06:50.332, 9288, 27, 47.74
2026/09/26 18:06:55.412, 9288, 23, 60.46
2026/09/26 18:07:00.499, 9288, 16, 67.51
2026/09/26 18:07:05.574, 9288, 57, 48.72
2026/09/26 18:07:10.650, 9288, 29, 51.46
2026/09/26 18:07:15.730, 9288, 25, 50.89
2026/09/26 18:07:20.825, 9288, 16, 85.86
2026/09/26 18:07:25.903, 9288, 16, 56.27
2026/09/26 18:07:30.983, 9288, 30, 47.89
2026/09/26 18:07:36.066, 9288, 26, 47.74
2026/09/26 18:07:41.149, 9288, 23, 52.45
2026/09/26 18:07:46.223, 9288, 15, 69.44
2026/09/26 18:07:51.295, 9288, 15, 62.12
2026/09/26 18:07:56.377, 9288, 29, 46.60
2026/09/26 18:08:01.448, 9288, 25, 48.23
2026/09/26 18:08:06.535, 9288, 17, 68.26
2026/09/26 18:08:11.618, 9288, 16, 72.65
2026/09/26 18:08:16.704, 9288, 15, 82.88
2026/09/26 18:08:21.784, 9288, 21, 51.25
2026/09/26 18:08:26.864, 9288, 30, 44.50
2026/09/26 18:08:31.938, 9288, 26, 48.30
2026/09/26 18:08:37.019, 9288, 16, 66.30
2026/09/26 18:08:42.096, 9288, 23, 72.48
2026/09/26 18:08:47.170, 9288, 18, 63.85
2026/09/26 18:08:52.262, 9288, 17, 75.46
2026/09/26 18:08:57.346, 9288, 17, 67.58
2026/09/26 18:09:02.422, 9288, 16, 69.53
2026/09/26 18:09:07.508, 9288, 21, 51.31
2026/09/26 18:09:12.586, 9288, 56, 46.33
2026/09/26 18:09:17.685, 9288, 29, 48.48
2026/09/26 18:09:22.765, 9288, 27, 47.52
2026/09/26 18:09:27.841, 9288, 18, 69.01
2026/09/26 18:09:32.915, 9288, 18, 53.03
2026/09/26 18:09:37.996, 9288, 16, 62.49
2026/09/26 18:09:43.079, 9288, 16, 64.34
2026/09/26 18:09:48.163, 9288, 17, 56.35
2026/09/26 18:09:53.243, 9288, 51, 45.11
2026/09/26 18:09:58.316, 9288, 30, 44.72
2026/09/26 18:10:03.385, 9288, 26, 45.60
2026/09/26 18:10:08.459, 9288, 60, 159.91
