layout,scenario,thinning,model,step,clearance_m,validity_s,witnesses,excluded_tiles,total_tiles,compute_ms
0,free,1,small_core,0.05,0.0,0.0,17482,116872,360000,109.94510199999752
0,free,1,small_core,0.1,0.0,0.0,17482,17705,90000,30.25152899999739
0,free,1,small_core,0.2,0.0,0.0,17482,87,22500,9.46928800000535
0,free,1,vehicle_core,0.05,4.274957044546724,0.6856210774337254,17482,314451,360000,99.53883699999722
0,free,1,vehicle_core,0.1,4.209022125087426,0.6763383117106667,17482,76555,90000,28.05264999999224
0,free,1,vehicle_core,0.2,4.16937933157397,0.6707395348240929,17482,17760,22500,9.351244000001202
0,free,8,small_core,0.05,0.0,0.0,2189,29109,360000,72.7011980000043
0,free,8,small_core,0.1,0.0,0.0,2189,3612,90000,17.82730600000093
0,free,8,small_core,0.2,0.0,0.0,2189,8,22500,5.294818999999507
0,free,8,vehicle_core,0.05,0.30037876614184933,0.03903037758502083,2189,198629,360000,71.6855440000046
0,free,8,vehicle_core,0.1,0.0,0.0,2189,45855,90000,20.251603999994927
0,free,8,vehicle_core,0.2,0.0,0.0,2189,9438,22500,5.582462999996096
0,occupied,1,small_core,0.05,0.0,0.0,17129,114831,360000,99.09321599999998
0,occupied,1,small_core,0.1,0.0,0.0,17129,17360,90000,28.48975899999573
0,occupied,1,small_core,0.2,0.0,0.0,17129,87,22500,9.09152500000232
0,occupied,1,vehicle_core,0.05,0.0,0.0,17129,313266,360000,100.61412800000369
0,occupied,1,vehicle_core,0.1,0.0,0.0,17129,76234,90000,27.8801640000097
0,occupied,1,vehicle_core,0.2,0.0,0.0,17129,17667,22500,8.631069000003322
0,occupied,8,small_core,0.05,0.0,0.0,2145,28374,360000,75.59831999999744
0,occupied,8,small_core,0.1,0.0,0.0,2145,3524,90000,20.18172600000412
0,occupied,8,small_core,0.2,0.0,0.0,2145,8,22500,5.266550000001757
0,occupied,8,vehicle_core,0.05,0.0,0.0,2145,197153,360000,71.75753700001053
0,occupied,8,vehicle_core,0.1,0.0,0.0,2145,45445,90000,19.683733999997344
0,occupied,8,vehicle_core,0.2,0.0,0.0,2145,9317,22500,5.808146999996211
1,free,1,small_core,0.05,0.0,0.0,17558,98942,360000,102.79719499999374
1,free,1,small_core,0.1,0.0,0.0,17558,15927,90000,29.614971000000878
1,free,1,small_core,0.2,0.0,0.0,17558,81,22500,9.305596999993782
1,free,1,vehicle_core,0.05,1.9499999999999993,0.33268416411479446,17558,262972,360000,98.31273500000748
1,free,1,vehicle_core,0.1,0.9999999999999991,0.16925478761000715,17558,63366,90000,28.390592999997466
1,free,1,vehicle_core,0.2,0.23109888428070224,0.025596076206511453,17558,14489,22500,9.774741000001086
1,free,8,small_core,0.05,0.0,0.0,2197,27468,360000,70.88014999999359
1,free,8,small_core,0.1,0.0,0.0,2197,3685,90000,18.145437000001152
1,free,8,small_core,0.2,0.0,0.0,2197,12,22500,5.070940999999607
1,free,8,vehicle_core,0.05,0.0,0.0,2197,163899,360000,70.95590400000162
1,free,8,vehicle_core,0.1,0.0,0.0,2197,37903,90000,18.529045999997606
1,free,8,vehicle_core,0.2,0.0,0.0,2197,7823,22500,5.1500029999971275
1,occupied,1,small_core,0.05,0.0,0.0,17416,97303,360000,99.85634900000662
1,occupied,1,small_core,0.1,0.0,0.0,17416,15670,90000,27.30775300000232
1,occupied,1,small_core,0.2,0.0,0.0,17416,81,22500,9.420441000003166
1,occupied,1,vehicle_core,0.05,0.0,0.0,17416,260222,360000,102.09318600000472
1,occupied,1,vehicle_core,0.1,0.0,0.0,17416,62634,90000,27.853265000004512
1,occupied,1,vehicle_core,0.2,0.0,0.0,17416,14288,22500,8.920717000009404
1,occupied,8,small_core,0.05,0.0,0.0,2178,27149,360000,73.23287199999129
1,occupied,8,small_core,0.1,0.0,0.0,2178,3646,90000,18.637323999996624
1,occupied,8,small_core,0.2,0.0,0.0,2178,12,22500,5.04721099999017
1,occupied,8,vehicle_core,0.05,0.0,0.0,2178,160708,360000,69.7340319999995
1,occupied,8,vehicle_core,0.1,0.0,0.0,2178,37154,90000,18.267807999990282
1,occupied,8,vehicle_core,0.2,0.0,0.0,2178,7668,22500,5.040602999997645
