layout,scenario,thinning,model,target_s,sent,verified,packet_bytes,raw_xyz_bytes,pack_ms,verify_ms
0,free,1,small_core,0.1,False,False,0,258768,7.951181999999335,0.0006450000000768341
0,free,1,small_core,0.2,False,False,0,258768,11.177613000000974,0.0006699999914872024
0,free,1,vehicle_core,0.1,True,True,1823,258768,43.7875939999941,1.1410589999911736
0,free,1,vehicle_core,0.2,True,True,2206,258768,55.24184600000126,1.4147039999983235
0,free,8,small_core,0.1,False,False,0,32352,1.2580289999988281,0.0004219999993892998
0,free,8,small_core,0.2,False,False,0,32352,1.3159020000017563,0.00043200000732213084
0,free,8,vehicle_core,0.1,False,False,0,32352,3.818240000001083,0.0006570000010697186
0,free,8,vehicle_core,0.2,False,False,0,32352,4.812932000007208,0.0006299999881775875
0,occupied,1,small_core,0.1,False,False,0,258768,10.73151200000666,0.0007699999997612395
0,occupied,1,small_core,0.2,False,False,0,258768,7.607182000000989,0.0003880000036815545
0,occupied,1,vehicle_core,0.1,False,False,0,258768,22.35778200000027,0.001062000009710573
0,occupied,1,vehicle_core,0.2,False,False,0,258768,29.746427999995717,0.0011699999902248237
0,occupied,8,small_core,0.1,False,False,0,32352,1.2454729999973324,0.0004340000003821842
0,occupied,8,small_core,0.2,False,False,0,32352,1.200938000010865,0.0003260000056570789
0,occupied,8,vehicle_core,0.1,False,False,0,32352,3.390451000001349,0.0007360000040534942
0,occupied,8,vehicle_core,0.2,False,False,0,32352,4.526733000005834,0.0007860000010850854
1,free,1,small_core,0.1,False,False,0,269736,10.588270999988936,0.0008159999964618692
1,free,1,small_core,0.2,False,False,0,269736,8.599016000005122,0.0009979999902043346
1,free,1,vehicle_core,0.1,True,True,1932,269736,19.02814200001046,1.231795999999008
1,free,1,vehicle_core,0.2,False,False,0,269736,14.182654999999045,0.0007360000040534942
1,free,8,small_core,0.1,False,False,0,33720,1.1998820000087562,0.0004420000010441072
1,free,8,small_core,0.2,False,False,0,33720,1.2271450000014283,0.0003050000003668174
1,free,8,vehicle_core,0.1,False,False,0,33720,2.2909059999989267,0.000596000006680697
1,free,8,vehicle_core,0.2,False,False,0,33720,5.645938999990108,0.0006459999895014334
1,occupied,1,small_core,0.1,False,False,0,269736,7.015600999991989,0.000605000010978074
1,occupied,1,small_core,0.2,False,False,0,269736,7.801435000004631,0.00039299999343711534
1,occupied,1,vehicle_core,0.1,False,False,0,269736,10.926389000005088,0.0006730000023935645
1,occupied,1,vehicle_core,0.2,False,False,0,269736,12.919250999999576,0.0006629999944607334
1,occupied,8,small_core,0.1,False,False,0,33720,1.1228710000068531,0.0004569999987324991
1,occupied,8,small_core,0.2,False,False,0,33720,1.1358089999902177,0.00033199999904809374
1,occupied,8,vehicle_core,0.1,False,False,0,33720,2.1886469999969904,0.0007280000033915712
1,occupied,8,vehicle_core,0.2,False,False,0,33720,5.802551000002154,0.0006129999974291422
