id,thinning,model,center_excluded
base_0_far_00,1,small_core,False
base_0_far_00,1,vehicle_core,False
base_0_far_00,8,small_core,False
base_0_far_00,8,vehicle_core,False
base_0_far_01,1,small_core,False
base_0_far_01,1,vehicle_core,False
base_0_far_01,8,small_core,False
base_0_far_01,8,vehicle_core,False
base_0_far_02,1,small_core,False
base_0_far_02,1,vehicle_core,False
base_0_far_02,8,small_core,False
base_0_far_02,8,vehicle_core,False
base_0_far_03,1,small_core,False
base_0_far_03,1,vehicle_core,False
base_0_far_03,8,small_core,False
base_0_far_03,8,vehicle_core,False
base_0_far_04,1,small_core,False
base_0_far_04,1,vehicle_core,False
base_0_far_04,8,small_core,False
base_0_far_04,8,vehicle_core,False
base_0_far_05,1,small_core,False
base_0_far_05,1,vehicle_core,False
base_0_far_05,8,small_core,False
base_0_far_05,8,vehicle_core,False
base_0_far_06,1,small_core,False
base_0_far_06,1,vehicle_core,False
base_0_far_06,8,small_core,False
base_0_far_06,8,vehicle_core,False
base_0_far_07,1,small_core,False
base_0_far_07,1,vehicle_core,False
base_0_far_07,8,small_core,False
base_0_far_07,8,vehicle_core,False
base_0_far_08,1,small_core,False
base_0_far_08,1,vehicle_core,False
base_0_far_08,8,small_core,False
base_0_far_08,8,vehicle_core,False
base_0_far_09,1,small_core,False
base_0_far_09,1,vehicle_core,False
base_0_far_09,8,small_core,False
base_0_far_09,8,vehicle_core,False
base_0_near_00,1,small_core,False
base_0_near_00,1,vehicle_core,False
base_0_near_00,8,small_core,False
base_0_near_00,8,vehicle_core,False
base_0_near_01,1,small_core,False
base_0_near_01,1,vehicle_core,False
base_0_near_01,8,small_core,False
base_0_near_01,8,vehicle_core,False
base_0_near_02,1,small_core,False
base_0_near_02,1,vehicle_core,False
base_0_near_02,8,small_core,False
base_0_near_02,8,vehicle_core,False
base_0_near_03,1,small_core,False
base_0_near_03,1,vehicle_core,False
base_0_near_03,8,small_core,False
base_0_near_03,8,vehicle_core,False
base_0_near_04,1,small_core,False
base_0_near_04,1,vehicle_core,False
base_0_near_04,8,small_core,False
base_0_near_04,8,vehicle_core,False
base_0_near_05,1,small_core,False
base_0_near_05,1,vehicle_core,False
base_0_near_05,8,small_core,False
base_0_near_05,8,vehicle_core,False
base_0_near_06,1,small_core,False
base_0_near_06,1,vehicle_core,False
base_0_near_06,8,small_core,False
base_0_near_06,8,vehicle_core,False
base_0_near_07,1,small_core,False
base_0_near_07,1,vehicle_core,False
base_0_near_07,8,small_core,False
base_0_near_07,8,vehicle_core,False
base_0_near_08,1,small_core,False
base_0_near_08,1,vehicle_core,False
base_0_near_08,8,small_core,False
base_0_near_08,8,vehicle_core,False
base_0_near_09,1,small_core,False
base_0_near_09,1,vehicle_core,False
base_0_near_09,8,small_core,False
base_0_near_09,8,vehicle_core,False
base_1_far_00,1,small_core,False
base_1_far_00,1,vehicle_core,False
base_1_far_00,8,small_core,False
base_1_far_00,8,vehicle_core,False
base_1_far_01,1,small_core,False
base_1_far_01,1,vehicle_core,False
base_1_far_01,8,small_core,False
base_1_far_01,8,vehicle_core,False
base_1_far_02,1,small_core,False
base_1_far_02,1,vehicle_core,False
base_1_far_02,8,small_core,False
base_1_far_02,8,vehicle_core,False
base_1_far_03,1,small_core,False
base_1_far_03,1,vehicle_core,False
base_1_far_03,8,small_core,False
base_1_far_03,8,vehicle_core,False
base_1_far_04,1,small_core,False
base_1_far_04,1,vehicle_core,False
base_1_far_04,8,small_core,False
base_1_far_04,8,vehicle_core,False
base_1_far_05,1,small_core,False
base_1_far_05,1,vehicle_core,False
base_1_far_05,8,small_core,False
base_1_far_05,8,vehicle_core,False
base_1_far_06,1,small_core,False
base_1_far_06,1,vehicle_core,False
base_1_far_06,8,small_core,False
base_1_far_06,8,vehicle_core,False
base_1_far_07,1,small_core,False
base_1_far_07,1,vehicle_core,False
base_1_far_07,8,small_core,False
base_1_far_07,8,vehicle_core,False
base_1_far_08,1,small_core,False
base_1_far_08,1,vehicle_core,False
base_1_far_08,8,small_core,False
base_1_far_08,8,vehicle_core,False
base_1_far_09,1,small_core,False
base_1_far_09,1,vehicle_core,False
base_1_far_09,8,small_core,False
base_1_far_09,8,vehicle_core,False
base_1_near_00,1,small_core,False
base_1_near_00,1,vehicle_core,False
base_1_near_00,8,small_core,False
base_1_near_00,8,vehicle_core,False
base_1_near_01,1,small_core,False
base_1_near_01,1,vehicle_core,False
base_1_near_01,8,small_core,False
base_1_near_01,8,vehicle_core,False
base_1_near_02,1,small_core,False
base_1_near_02,1,vehicle_core,False
base_1_near_02,8,small_core,False
base_1_near_02,8,vehicle_core,False
base_1_near_03,1,small_core,False
base_1_near_03,1,vehicle_core,False
base_1_near_03,8,small_core,False
base_1_near_03,8,vehicle_core,False
base_1_near_04,1,small_core,False
base_1_near_04,1,vehicle_core,False
base_1_near_04,8,small_core,False
base_1_near_04,8,vehicle_core,False
base_1_near_05,1,small_core,False
base_1_near_05,1,vehicle_core,False
base_1_near_05,8,small_core,False
base_1_near_05,8,vehicle_core,False
base_1_near_06,1,small_core,False
base_1_near_06,1,vehicle_core,False
base_1_near_06,8,small_core,False
base_1_near_06,8,vehicle_core,False
base_1_near_07,1,small_core,False
base_1_near_07,1,vehicle_core,False
base_1_near_07,8,small_core,False
base_1_near_07,8,vehicle_core,False
base_1_near_08,1,small_core,False
base_1_near_08,1,vehicle_core,False
base_1_near_08,8,small_core,False
base_1_near_08,8,vehicle_core,False
base_1_near_09,1,small_core,False
base_1_near_09,1,vehicle_core,False
base_1_near_09,8,small_core,False
base_1_near_09,8,vehicle_core,False
dense_0_far_00,1,small_core,False
dense_0_far_00,1,vehicle_core,False
dense_0_far_00,8,small_core,False
dense_0_far_00,8,vehicle_core,False
dense_0_far_01,1,small_core,False
dense_0_far_01,1,vehicle_core,False
dense_0_far_01,8,small_core,False
dense_0_far_01,8,vehicle_core,False
dense_0_far_02,1,small_core,False
dense_0_far_02,1,vehicle_core,False
dense_0_far_02,8,small_core,False
dense_0_far_02,8,vehicle_core,False
dense_0_far_03,1,small_core,False
dense_0_far_03,1,vehicle_core,False
dense_0_far_03,8,small_core,False
dense_0_far_03,8,vehicle_core,False
dense_0_far_04,1,small_core,False
dense_0_far_04,1,vehicle_core,False
dense_0_far_04,8,small_core,False
dense_0_far_04,8,vehicle_core,False
dense_0_far_05,1,small_core,False
dense_0_far_05,1,vehicle_core,False
dense_0_far_05,8,small_core,False
dense_0_far_05,8,vehicle_core,False
dense_0_far_06,1,small_core,False
dense_0_far_06,1,vehicle_core,False
dense_0_far_06,8,small_core,False
dense_0_far_06,8,vehicle_core,False
dense_0_far_07,1,small_core,False
dense_0_far_07,1,vehicle_core,False
dense_0_far_07,8,small_core,False
dense_0_far_07,8,vehicle_core,False
dense_0_far_08,1,small_core,False
dense_0_far_08,1,vehicle_core,False
dense_0_far_08,8,small_core,False
dense_0_far_08,8,vehicle_core,False
dense_0_far_09,1,small_core,False
dense_0_far_09,1,vehicle_core,False
dense_0_far_09,8,small_core,False
dense_0_far_09,8,vehicle_core,False
dense_0_near_00,1,small_core,False
dense_0_near_00,1,vehicle_core,False
dense_0_near_00,8,small_core,False
dense_0_near_00,8,vehicle_core,False
dense_0_near_01,1,small_core,False
dense_0_near_01,1,vehicle_core,False
dense_0_near_01,8,small_core,False
dense_0_near_01,8,vehicle_core,False
dense_0_near_02,1,small_core,False
dense_0_near_02,1,vehicle_core,False
dense_0_near_02,8,small_core,False
dense_0_near_02,8,vehicle_core,False
dense_0_near_03,1,small_core,False
dense_0_near_03,1,vehicle_core,False
dense_0_near_03,8,small_core,False
dense_0_near_03,8,vehicle_core,False
dense_0_near_04,1,small_core,False
dense_0_near_04,1,vehicle_core,False
dense_0_near_04,8,small_core,False
dense_0_near_04,8,vehicle_core,False
dense_0_near_05,1,small_core,False
dense_0_near_05,1,vehicle_core,False
dense_0_near_05,8,small_core,False
dense_0_near_05,8,vehicle_core,False
dense_0_near_06,1,small_core,False
dense_0_near_06,1,vehicle_core,False
dense_0_near_06,8,small_core,False
dense_0_near_06,8,vehicle_core,False
dense_0_near_07,1,small_core,False
dense_0_near_07,1,vehicle_core,False
dense_0_near_07,8,small_core,False
dense_0_near_07,8,vehicle_core,False
dense_0_near_08,1,small_core,False
dense_0_near_08,1,vehicle_core,False
dense_0_near_08,8,small_core,False
dense_0_near_08,8,vehicle_core,False
dense_0_near_09,1,small_core,False
dense_0_near_09,1,vehicle_core,False
dense_0_near_09,8,small_core,False
dense_0_near_09,8,vehicle_core,False
dense_1_far_00,1,small_core,False
dense_1_far_00,1,vehicle_core,False
dense_1_far_00,8,small_core,False
dense_1_far_00,8,vehicle_core,False
dense_1_far_01,1,small_core,False
dense_1_far_01,1,vehicle_core,False
dense_1_far_01,8,small_core,False
dense_1_far_01,8,vehicle_core,False
dense_1_far_02,1,small_core,False
dense_1_far_02,1,vehicle_core,False
dense_1_far_02,8,small_core,False
dense_1_far_02,8,vehicle_core,False
dense_1_far_03,1,small_core,False
dense_1_far_03,1,vehicle_core,False
dense_1_far_03,8,small_core,False
dense_1_far_03,8,vehicle_core,False
dense_1_far_04,1,small_core,False
dense_1_far_04,1,vehicle_core,False
dense_1_far_04,8,small_core,False
dense_1_far_04,8,vehicle_core,False
dense_1_far_05,1,small_core,False
dense_1_far_05,1,vehicle_core,False
dense_1_far_05,8,small_core,False
dense_1_far_05,8,vehicle_core,False
dense_1_far_06,1,small_core,False
dense_1_far_06,1,vehicle_core,False
dense_1_far_06,8,small_core,False
dense_1_far_06,8,vehicle_core,False
dense_1_far_07,1,small_core,False
dense_1_far_07,1,vehicle_core,False
dense_1_far_07,8,small_core,False
dense_1_far_07,8,vehicle_core,False
dense_1_far_08,1,small_core,False
dense_1_far_08,1,vehicle_core,False
dense_1_far_08,8,small_core,False
dense_1_far_08,8,vehicle_core,False
dense_1_far_09,1,small_core,False
dense_1_far_09,1,vehicle_core,False
dense_1_far_09,8,small_core,False
dense_1_far_09,8,vehicle_core,False
dense_1_near_00,1,small_core,False
dense_1_near_00,1,vehicle_core,False
dense_1_near_00,8,small_core,False
dense_1_near_00,8,vehicle_core,False
dense_1_near_01,1,small_core,False
dense_1_near_01,1,vehicle_core,False
dense_1_near_01,8,small_core,False
dense_1_near_01,8,vehicle_core,False
dense_1_near_02,1,small_core,False
dense_1_near_02,1,vehicle_core,False
dense_1_near_02,8,small_core,False
dense_1_near_02,8,vehicle_core,False
dense_1_near_03,1,small_core,False
dense_1_near_03,1,vehicle_core,False
dense_1_near_03,8,small_core,False
dense_1_near_03,8,vehicle_core,False
dense_1_near_04,1,small_core,False
dense_1_near_04,1,vehicle_core,False
dense_1_near_04,8,small_core,False
dense_1_near_04,8,vehicle_core,False
dense_1_near_05,1,small_core,False
dense_1_near_05,1,vehicle_core,False
dense_1_near_05,8,small_core,False
dense_1_near_05,8,vehicle_core,False
dense_1_near_06,1,small_core,False
dense_1_near_06,1,vehicle_core,False
dense_1_near_06,8,small_core,False
dense_1_near_06,8,vehicle_core,False
dense_1_near_07,1,small_core,False
dense_1_near_07,1,vehicle_core,False
dense_1_near_07,8,small_core,False
dense_1_near_07,8,vehicle_core,False
dense_1_near_08,1,small_core,False
dense_1_near_08,1,vehicle_core,False
dense_1_near_08,8,small_core,False
dense_1_near_08,8,vehicle_core,False
dense_1_near_09,1,small_core,False
dense_1_near_09,1,vehicle_core,False
dense_1_near_09,8,small_core,False
dense_1_near_09,8,vehicle_core,False
