id,layout,step,frame,sensor_frame,stale_frames,timestamp,center_x,center_y,vx,vy,vz,bound_x,bound_y,template_available,geometry_verified,timing_budget_passed,packet_bytes,acquisition_ms,source_ms,receiver_ms,total_modeled_age_s
view0_000,0,0,10693,10693,0,47.503108594566584,7.999481916427612,0.12746429443359375,-2.3040771338855848e-05,-0.00014022206596564502,-0.001789522124454379,1.852684736251831,0.8943392634391785,True,True,False,16052,59.45814000000027,811.458687,6.616451999999384,0.8975332789999998
view0_001,0,1,10694,10694,0,47.55310859531164,7.838215589523315,0.12488937377929688,-2.671511173248291,-0.042699266225099564,-0.0029678631108254194,1.852684736251831,0.8943392634391785,True,True,False,16052,58.925920000000076,76.91435999999996,10.227489000000034,0.16606776900000006
view0_002,0,2,10695,10695,0,47.6031085960567,7.644567251205444,0.12178421020507812,-3.843912363052368,-0.061425480991601944,-0.00279935821890831,1.852684736251831,0.8943392634391785,True,True,False,16052,67.40912399999921,107.54291599999988,8.099838999999776,0.20305187899999885
view0_003,0,3,10696,10696,0,47.65310859680176,7.444947957992554,0.11858749389648438,-3.9901952743530273,-0.06375323981046677,-0.0024541663005948067,1.852684736251831,0.8943392634391785,True,True,False,16052,69.1250159999992,95.71295300000138,7.799212000000111,0.19263718100000068
view0_004,0,4,10697,10697,0,47.703108597546816,7.24545693397522,0.11539459228515625,-3.9965977668762207,-0.06384874880313873,-0.002170553198084235,1.852684736251831,0.8943392634391785,True,True,False,16052,51.66745100000014,89.61424599999823,12.563285999998897,0.17384498299999726
view0_005,0,5,10698,10698,0,47.753108598291874,7.046052694320679,0.11220550537109375,-3.9971795082092285,-0.06385393440723419,-0.00197149277664721,1.852684736251831,0.8943392634391785,True,True,False,16052,53.540642999998056,89.65268899999757,6.849276000000515,0.17004260799999613
view0_006,0,6,10699,10699,0,47.80310859903693,6.846603631973267,0.10901260375976562,-3.997349977493286,-0.06385409086942673,-0.0018033790402114391,1.852684736251831,0.8943392634391785,True,True,False,16052,54.969135000000335,103.83850099999847,8.324232999999737,0.18713186899999854
view0_007,0,7,10700,10700,0,47.85310859978199,6.647064447402954,0.10582351684570312,-3.9974007606506348,-0.06385349482297897,-0.0016577719943597913,1.852684736251831,0.8943392634391785,True,True,False,16052,60.42719999999946,99.16717000000119,7.593522000000519,0.18718789200000116
view0_008,0,8,10701,10701,0,47.90310860052705,6.447430372238159,0.10262680053710938,-3.997398853302002,-0.06385231018066406,-0.0015234374441206455,1.852684736251831,0.8943392634391785,True,True,False,16052,68.70508499999772,64.21505400000171,9.550313000001864,0.1624704520000013
view0_009,0,9,10702,10702,0,47.953108601272106,6.247714281082153,0.09943008422851562,-3.997375965118408,-0.06385116279125214,-0.0013953304151073098,1.852684736251831,0.8943392634391785,True,True,False,16052,69.39632899999992,83.69513699999942,7.941734999999284,0.18103320099999862
view0_010,0,10,10703,10703,0,48.003108602017164,6.0479371547698975,0.0962371826171875,-3.997349500656128,-0.06385023146867752,-0.0012758445227518678,1.852684736251831,0.8943392634391785,True,True,False,16053,62.80871099999885,82.70547999999778,8.290184999999894,0.1738043759999965
view0_011,0,11,10704,10704,0,48.05310860276222,5.848113775253296,0.09304046630859375,-3.9973256587982178,-0.06384933739900589,-0.001165094319730997,1.852684736251831,0.8943392634391785,True,True,False,16057,57.84773499999929,91.3147219999999,8.030187000002798,0.17719264400000198
view0_012,0,12,10705,10705,0,48.10310860350728,5.648259401321411,0.08983612060546875,-3.9973063468933105,-0.06384875625371933,-0.0010664653964340687,1.852684736251831,0.8943392634391785,True,False,False,0,60.61012900000051,93.06315300000279,0.0005130000033659599,0.17367379500000665
view0_013,0,13,10706,10706,0,48.15310860425234,5.448384046554565,0.08664321899414062,-3.9972927570343018,-0.0638483539223671,-0.000972156529314816,1.852684736251831,0.8943392634391785,True,False,False,0,71.62953699999974,81.89482700000283,0.0005290000011370921,0.1735248930000037
view0_014,0,14,10707,10707,0,48.2031086049974,5.248497247695923,0.08344650268554688,-3.9972829818725586,-0.06384781748056412,-0.0008879280067048967,1.852684736251831,0.8943392634391785,True,False,False,0,54.18966399999903,72.27837800000003,0.000740000000831742,0.14646878199999988
view0_015,0,15,10708,10708,0,48.253108605742455,5.048601865768433,0.0802459716796875,-3.997276544570923,-0.06384777277708054,-0.0008109950576908886,1.852684736251831,0.8943392634391785,True,False,False,0,44.064203999997886,87.60188399999791,0.0005040000026212965,0.1516665919999984
view0_016,0,16,10709,10709,0,48.30310860648751,4.848701238632202,0.07704925537109375,-3.99727201461792,-0.06384759396314621,-0.0007413863786496222,1.852684736251831,0.8943392634391785,True,False,False,0,57.32309900000132,75.83432999999928,0.0008350000015866499,0.15315826400000218
view0_017,0,17,10710,10710,0,48.35310860723257,4.6487977504730225,0.07384872436523438,-3.9972691535949707,-0.06384739279747009,-0.0006764411809854209,1.852684736251831,0.8943392634391785,True,False,False,0,54.513807999999386,96.9724670000005,0.0007350000004180401,0.1714870100000003
view0_018,0,18,10711,10711,0,48.40310860797763,4.448892831802368,0.07065200805664062,-3.9972681999206543,-0.06384731829166412,-0.000617771118413657,1.852684736251831,0.8943392634391785,True,False,False,0,71.8430010000013,81.34393499999959,0.0006779999992545527,0.17318761400000013
view0_019,0,19,10712,10712,0,48.45310860872269,4.248986005783081,0.06745529174804688,-3.9972665309906006,-0.06384707987308502,-0.0005636501009576023,1.852684736251831,0.8943392634391785,True,False,False,0,44.97082700000021,91.07300800000218,0.000579000001721397,0.1560444140000041
view0_020,0,20,10713,10713,0,48.503108609467745,4.0490806102752686,0.0642547607421875,-3.9972660541534424,-0.06384702771902084,-0.0005157089326530695,1.852684736251831,0.8943392634391785,True,False,False,0,50.18786300000144,90.37694000000229,0.0007849999974496313,0.16056558800000117
view0_021,0,21,10714,10714,0,48.5531086102128,3.849175214767456,0.06105804443359375,-3.997265577316284,-0.06384700536727905,-0.0004699802375398576,1.852684736251831,0.8943392634391785,True,False,False,0,52.25653500000149,90.46877600000158,0.0005800000018041374,0.16272589100000487
view0_022,0,22,10715,10715,0,48.60310861095786,3.6492698192596436,0.057857513427734375,-3.9972658157348633,-0.0638468861579895,-0.0004295349062886089,1.852684736251831,0.8943392634391785,True,False,False,0,80.20087300000256,67.25611299999912,0.0006169999977601037,0.16745760299999943
view0_023,0,23,10716,10716,0,48.65310861170292,3.449364423751831,0.054660797119140625,-3.9972658157348633,-0.06384697556495667,-0.0003933811094611883,1.852684736251831,0.8943392634391785,True,False,False,0,56.48156200000187,56.505622999999616,0.000605000000319933,0.1329877900000018
view0_024,0,24,10717,10717,0,48.70310861244798,3.2494590282440186,0.051464080810546875,-3.997265577316284,-0.0638468787074089,-0.00035943984403274953,1.852684736251831,0.8943392634391785,True,False,False,0,57.577108000000266,59.550530999999296,0.000667999998427149,0.13712830699999798
view0_025,0,25,10718,10718,0,48.753108613193035,3.049553155899048,0.0482635498046875,-3.9972660541534424,-0.06384693831205368,-0.0003262519894633442,1.852684736251831,0.8943392634391785,True,False,False,0,61.77179999999893,64.93656299999984,0.0006470000002423149,0.146709009999999
view0_026,0,26,10719,10719,0,48.80310861393809,2.8496477603912354,0.04506683349609375,-3.997265577316284,-0.0638468936085701,-0.0002991962246596813,1.852684736251831,0.8943392634391785,True,False,False,0,58.60179199999749,43.4677619999988,0.0005990000033762044,0.12207015299999967
view0_027,0,27,10720,10720,0,48.85310861468315,2.6497421264648438,0.041866302490234375,-3.9972658157348633,-0.06384691596031189,-0.0002735233283601701,1.852684736251831,0.8943392634391785,True,False,False,0,66.10260499999754,40.07744799999813,0.0005300000012198325,0.12618058299999688
view0_028,0,28,10721,10721,0,48.90310861542821,2.449836492538452,0.038669586181640625,-3.9972658157348633,-0.063846655189991,-0.0002497768437024206,1.852684736251831,0.8943392634391785,True,False,False,0,43.938790999998645,85.87028700000232,0.0008000000022434506,0.1498098780000032
view0_029,0,29,10722,10722,0,48.95310861617327,2.2499303817749023,0.035472869873046875,-3.997265338897705,-0.06384686380624771,-0.00022914886358194053,1.852684736251831,0.8943392634391785,True,False,False,0,50.45434599999865,81.54803400000077,0.0007009999976048675,0.15200308099999701
view0_030,0,30,10723,10723,0,49.003108616918325,2.0500245094299316,0.0322723388671875,-3.9972658157348633,-0.06384680420160294,-0.00020820616919081658,1.852684736251831,0.8943392634391785,True,False,False,0,44.452781000000385,94.13066400000147,0.0005190000003096884,0.15858396400000216
view0_031,0,31,10724,10724,0,49.05310861766338,1.8502249717712402,0.02907562255859375,-3.995129346847534,-0.06381554156541824,-0.00028532027499750257,1.852684736251831,0.8943392634391785,True,False,False,0,49.8740280000014,84.56403499999965,0.00047500000022182576,0.15443853800000126
view0_032,0,32,10725,10725,0,49.10310861840844,1.6503236293792725,0.025875091552734375,-3.997182846069336,-0.0638454258441925,-0.00015287399583030492,1.852684736251831,0.8943392634391785,True,False,False,0,42.463980999997375,63.65124300000247,0.0005999999999062311,0.12611582399999974
view0_033,0,33,10726,10726,0,49.1531086191535,1.4504179954528809,0.022678375244140625,-3.997262716293335,-0.06384637951850891,-0.0001418590545654297,1.852684736251831,0.8943392634391785,True,False,False,0,65.10123999999706,76.94039200000091,0.0005730000012249548,0.1620422049999992
view0_034,0,34,10727,10727,0,49.20310861989856,1.250510334968567,0.019481658935546875,-3.9972658157348633,-0.06384654343128204,-0.00013014793512411416,1.852684736251831,0.8943392634391785,True,False,False,0,46.611809999998144,61.90869199999938,0.0006309999989184689,0.12852113299999643
view0_035,0,35,10728,10728,0,49.253108620643616,1.0506044626235962,0.0162811279296875,-3.9972658157348633,-0.06384658813476562,-0.0001185512519441545,1.852684736251831,0.8943392634391785,True,False,False,0,48.76934700000035,89.93796400000065,0.0005349999980808207,0.15870784599999907
view0_036,0,36,10729,10729,0,49.303108621388674,0.8506985902786255,0.01308441162109375,-3.9972658157348633,-0.06384651362895966,-0.000109014508780092,1.852684736251831,0.8943392634391785,True,False,False,0,70.90151399999911,70.8871199999983,0.0008769999979563181,0.16178951099999536
view0_037,0,37,10730,10730,0,49.35310862213373,0.6507927179336548,0.009883880615234375,-3.997265577316284,-0.06384634226560593,-9.935379057424143e-05,1.852684736251831,0.8943392634391785,True,False,False,0,58.778342000000094,80.39430799999892,0.0007100000019022445,0.1591733600000009
view0_038,0,38,10731,10731,0,49.40310862287879,0.45088696479797363,0.006687164306640625,-3.9972658157348633,-0.06384631246328354,-8.95500197657384e-05,1.852684736251831,0.8943392634391785,True,False,False,0,44.990423000001556,94.04263100000065,0.000500000002290335,0.1590335540000045
view0_039,0,39,10732,10732,0,49.45310862362385,0.2509811520576477,0.003490447998046875,-3.997265577316284,-0.06384627521038055,-8.292197890114039e-05,1.852684736251831,0.8943392634391785,True,False,False,0,41.771679000000006,82.38322000000053,0.0005559999998183685,0.14415545500000035
view0_040,0,40,10733,10733,0,49.503108624368906,0.051075279712677,0.0002899169921875,-3.997265577316284,-0.06384637206792831,-7.431030098814517e-05,1.852684736251831,0.8943392634391785,True,False,False,0,60.6409560000003,67.38268100000155,0.0006829999996682545,0.1480243200000015
view0_041,0,41,10734,10734,0,49.553108625113964,-0.1488306224346161,-0.00290679931640625,-3.997265577316284,-0.06384649872779846,-6.911277887411416e-05,1.852684736251831,0.8943392634391785,True,False,False,0,59.955809999998166,96.98266900000263,0.000489000001380191,0.17693896800000217
view0_042,0,42,10735,10735,0,49.60310862585902,-0.3487364947795868,-0.006107330322265625,-3.997265577316284,-0.06384634226560593,-6.279945228016004e-05,1.852684736251831,0.8943392634391785,True,False,False,0,45.51651700000292,59.91582700000109,0.0007969999984425158,0.12543314100000244
view0_043,0,43,10736,10736,0,49.65310862660408,-0.5486423522233963,-0.009304046630859375,-3.997265338897705,-0.06384621560573578,-5.790710201836191e-05,1.852684736251831,0.8943392634391785,True,False,False,0,57.94618999999912,92.08255100000073,0.0008430000022485729,0.1700295840000021
view0_044,0,44,10737,10737,0,49.70310862734914,-0.7485481947660446,-0.012500762939453125,-3.9972658157348633,-0.06384628266096115,-5.313873043633066e-05,1.852684736251831,0.8943392634391785,True,False,False,0,57.09838699999992,91.42699099999874,0.0005090000030349984,0.16852588700000168
view0_045,0,45,10738,10738,0,49.753108628094196,-0.9484540522098541,-0.0157012939453125,-3.9972660541534424,-0.06384611129760742,-4.707336483988911e-05,1.852684736251831,0.8943392634391785,True,False,False,0,45.21820700000134,91.30534899999887,0.0006940000005783986,0.15652425000000078
view0_046,0,46,10739,10739,0,49.803108628839254,-1.1483598947525024,-0.01889801025390625,-3.997265577316284,-0.06384614109992981,-4.405021536513232e-05,1.852684736251831,0.8943392634391785,True,False,False,0,50.813928000000175,84.66884799999974,0.0006890000001646968,0.15548346500000007
view0_047,0,47,10740,10740,0,49.85310862958431,-1.3482657670974731,-0.022098541259765625,-3.9972658157348633,-0.06384623795747757,-3.9653776184422895e-05,1.852684736251831,0.8943392634391785,True,False,False,0,70.16078599999886,75.8105599999972,0.0007410000009144824,0.16597208699999697
view0_048,0,48,10741,10741,0,49.90310863032937,-1.5481716394424438,-0.025295257568359375,-3.9972658157348633,-0.06384612619876862,-3.702163667185232e-05,1.852684736251831,0.8943392634391785,True,False,False,0,54.680318999999145,82.41749100000106,0.0005610000002320703,0.15709837100000043
view0_049,0,49,10742,10742,0,49.95310863107443,-1.7480777502059937,-0.028491973876953125,-3.997265577316284,-0.06384605169296265,-3.289222513558343e-05,1.852684736251831,0.8943392634391785,True,False,False,0,48.86499999999927,82.39199599999836,0.0007219999993424153,0.15125771799999696
view0_050,0,50,10743,10743,0,50.00310863181949,-1.947983741760254,-0.0316925048828125,-3.9972658157348633,-0.06384608894586563,-3.103256312897429e-05,1.852684736251831,0.8943392634391785,True,False,False,0,59.12455300000019,60.635209999997386,0.0006170000013128174,0.13976037999999888
view0_051,0,51,10744,10744,0,50.053108632564545,-2.147889733314514,-0.03488922119140625,-3.9972658157348633,-0.06384596973657608,-2.7790068998001516e-05,1.852684736251831,0.8943392634391785,True,False,False,0,72.20293800000022,68.88667500000167,0.0006600000013179397,0.1610902730000032
view0_052,0,52,10745,10745,0,50.1031086333096,-2.3477957248687744,-0.038089752197265625,-3.9972658157348633,-0.06384609639644623,-2.495765693311114e-05,1.852684736251831,0.8943392634391785,True,False,False,0,49.37785000000261,91.52378699999986,0.000669000002062603,0.16090230600000452
view0_053,0,53,10746,10746,0,50.15310863405466,-2.547595262527466,-0.041286468505859375,-3.995129108428955,-0.06381446123123169,-3.475189078017138e-05,1.852684736251831,0.8943392634391785,True,False,False,0,55.20958700000023,77.81010699999769,0.0004520000018715109,0.15302014599999977
view0_054,0,54,10747,10747,0,50.20310863479972,-2.7474968433380127,-0.044483184814453125,-3.9971821308135986,-0.06384473294019699,-1.8749236915027723e-05,1.852684736251831,0.8943392634391785,True,False,False,0,42.196870000001496,88.50603899999854,0.0005690000008939933,0.15070347800000092
view0_055,0,55,10748,10748,0,50.25310863554478,-2.947402238845825,-0.0476837158203125,-3.997263193130493,-0.06384599953889847,-1.8005370293394662e-05,1.852684736251831,0.8943392634391785,True,False,False,0,60.76492300000069,87.94373499999963,0.0006159999976773634,0.168709273999998
view0_056,0,56,10749,10749,0,50.303108636289835,-3.1473076343536377,-0.05088043212890625,-3.997265577316284,-0.06384593993425369,-1.598358176124748e-05,1.852684736251831,0.8943392634391785,True,False,False,0,52.531073000000816,61.792303000000715,0.0005620000003148107,0.13432393800000184
view0_057,0,57,10750,10750,0,50.35310863703489,-3.3472135066986084,-0.054080963134765625,-3.9972658157348633,-0.06384583562612534,-1.3999938346387353e-05,1.852684736251831,0.8943392634391785,True,False,False,0,44.87791900000104,74.94438599999853,0.0008339999979511958,0.13982313899999751
view0_058,0,58,10751,10751,0,50.40310863777995,-3.547119140625,-0.057277679443359375,-3.9972660541534424,-0.06384603679180145,-1.3656615919899195e-05,1.852684736251831,0.8943392634391785,True,False,False,0,38.8948280000001,52.484116999998776,0.0006199999980083248,0.11137956499999689
view0_059,0,59,10752,10752,0,50.45310863852501,-3.7470247745513916,-0.060474395751953125,-3.997265577316284,-0.06384579092264175,-1.203536976390751e-05,1.852684736251831,0.8943392634391785,True,False,False,0,56.67999099999932,73.74387999999854,0.0008909999991146833,0.15042476199999696
view0_060,0,60,10753,10753,0,50.50310863927007,-3.946930408477783,-0.0636749267578125,-3.9972658157348633,-0.06384575366973877,-1.1692046427924652e-05,1.852684736251831,0.8943392634391785,True,False,False,0,51.58743799999854,70.00482600000169,0.0006020000000717118,0.1415928660000003
view0_061,0,61,10754,10754,0,50.553108640015125,-4.146836280822754,-0.06687164306640625,-3.9972658157348633,-0.06384583562612534,-1.0356902748753782e-05,1.852684736251831,0.8943392634391785,True,False,False,0,45.50926699999991,66.26834600000109,0.0006549999973515241,0.13177826799999834
view0_062,0,62,10755,10755,0,50.60310864076018,-4.346742153167725,-0.07007217407226562,-3.9972658157348633,-0.06384570151567459,-9.374618457513861e-06,1.852684736251831,0.8943392634391785,True,False,False,0,38.838395999999165,58.70739100000222,0.0005310000013025729,0.11754631800000269
view0_063,0,63,10756,10756,0,50.65310864150524,-4.546647548675537,-0.07326889038085938,-3.9972658157348633,-0.06384586542844772,-8.621215783932712e-06,1.852684736251831,0.8943392634391785,True,False,False,0,49.32016200000078,89.80045300000228,0.0005520000030401206,0.1591211670000061
view1_000,1,0,10778,10778,0,51.75310865789652,7.838207006454468,0.1248931884765625,-2.671704053878784,-0.04272294044494629,-0.0030843066051602364,1.852684736251831,0.8943392634391785,True,True,False,20239,57.470252000001665,310.5429019999981,5.6440510000008715,0.3936572050000007
view1_001,1,1,10779,10779,0,51.80310865864158,7.674809217453003,0.12228012084960938,-2.708683967590332,-0.043283332139253616,-0.0030351541936397552,1.852684736251831,0.8943392634391785,True,True,False,20239,59.509146999999984,62.97775499999858,8.570901999998881,0.15105780399999744
view1_002,1,2,10780,10780,0,51.853108659386635,7.481070280075073,0.11918258666992188,-3.8436532020568848,-0.06143110617995262,-0.0028334520757198334,1.852684736251831,0.8943392634391785,True,True,False,20239,58.7575539999996,92.74818699999798,5.486232999999174,0.17699197399999675
view1_003,1,3,10781,10781,0,51.90310866013169,7.281836748123169,0.11598968505859375,-3.9898533821105957,-0.06376409530639648,-0.0022159290965646505,1.852684736251831,0.8943392634391785,True,True,False,20239,46.16957600000049,80.56844999999768,9.675206000000713,0.15641323199999888
view1_004,1,4,10782,10782,0,51.95310866087675,7.082801580429077,0.11280059814453125,-3.996553659439087,-0.06386484950780869,-0.0018722820095717907,1.852684736251831,0.8943392634391785,True,True,False,20239,45.70639599999993,99.66133200000016,5.850937000001721,0.1712186650000018
view1_005,1,5,10783,10783,0,52.00310866162181,6.883803606033325,0.109619140625,-3.997264862060547,-0.06387200951576233,-0.0016943644732236862,1.852684736251831,0.8943392634391785,True,True,False,20239,68.01085100000037,91.0017389999993,5.492001000000357,0.18450459100000002
view1_006,1,6,10784,10784,0,52.05310866236687,6.684675931930542,0.10643386840820312,-3.997471332550049,-0.06387273967266083,-0.0015787791926413774,1.852684736251831,0.8943392634391785,True,True,False,20239,61.165047000002915,84.6048419999974,8.370303000003076,0.17414019200000339
view1_007,1,7,10785,10785,0,52.103108663111925,6.485370874404907,0.103240966796875,-3.9975171089172363,-0.06387169659137726,-0.0014730071416124701,1.852684736251831,0.8943392634391785,True,True,True,20239,46.08692899999767,70.04183199999758,10.204545000000564,0.1463333059999958
view1_008,1,8,10786,10786,0,52.15310866385698,6.285897970199585,0.10005569458007812,-3.9974937438964844,-0.06387011706829071,-0.0013644695281982422,1.852684736251831,0.8943392634391785,True,True,False,20239,52.92057899999847,81.33334200000064,5.488178000000232,0.15974209899999933
view1_009,1,9,10787,10787,0,52.20310866460204,6.086290597915649,0.09685897827148438,-3.997447967529297,-0.06386861205101013,-0.0012565326178446412,1.852684736251831,0.8943392634391785,True,True,False,20239,51.36268999999771,82.54604700000101,9.009069000001091,0.1629178059999998
view1_010,1,10,10788,10788,0,52.2531086653471,5.886583566665649,0.09366226196289062,-3.9974007606506348,-0.06386732310056686,-0.001153173390775919,1.852684736251831,0.8943392634391785,True,True,False,20244,51.692481999999984,92.14069999999808,5.634680000000003,0.16946786199999805
view1_011,1,11,10789,10789,0,52.30310866609216,5.686904191970825,0.0904693603515625,-3.9953536987304688,-0.0638437420129776,-0.001585836405865848,1.852684736251831,0.8943392634391785,True,False,False,0,52.918361999999775,76.35253999999847,0.0006169999977601037,0.149271518999996
view1_012,1,12,10790,10790,0,52.353108666837215,5.487079381942749,0.08726882934570312,-3.99725079536438,-0.06386490166187286,-0.0008478641393594444,1.852684736251831,0.8943392634391785,True,False,False,0,50.73951800000032,64.14022399999908,0.0005970000032107237,0.1348803390000026
view1_013,1,13,10791,10791,0,52.40310866758227,5.287219762802124,0.084075927734375,-3.9973037242889404,-0.06386449933052063,-0.0007907199906185269,1.852684736251831,0.8943392634391785,True,False,False,0,52.884468999998546,87.00136299999883,0.00046099999906346056,0.15988629299999643
view1_014,1,14,10792,10792,0,52.45310866832733,5.0873401165008545,0.08087539672851562,-3.997290849685669,-0.06386397033929825,-0.0007196235237643123,1.852684736251831,0.8943392634391785,True,False,False,0,65.36917600000436,87.28423699999865,0.0004529999984015376,0.1726538660000014
view1_015,1,15,10793,10793,0,52.50310866907239,4.887448072433472,0.07767868041992188,-3.997281312942505,-0.06386367976665497,-0.0006570052937604487,1.852684736251831,0.8943392634391785,True,False,False,0,61.32906300000229,92.41754899999677,0.0006140000010645963,0.17374722600000012
view1_016,1,16,10794,10794,0,52.55310866981745,4.687548875808716,0.07448196411132812,-3.997274160385132,-0.06386344879865646,-0.0006007480551488698,1.852684736251831,0.8943392634391785,True,False,False,0,49.49432499999773,87.22478600000017,0.000704999997935829,0.15671981599999582
view1_017,1,17,10795,10795,0,52.603108670562506,4.487646818161011,0.07128143310546875,-3.997270345687866,-0.06386332213878632,-0.0005488395690917969,1.852684736251831,0.8943392634391785,True,False,False,0,54.3477030000048,57.26144100000141,0.0005910000027142814,0.13160973500000892
view1_018,1,18,10796,10796,0,52.653108671307564,4.2877418994903564,0.068084716796875,-3.9972681999206543,-0.0638631209731102,-0.0005012321635149419,1.852684736251831,0.8943392634391785,True,False,False,0,48.87140800000367,93.01357200000382,0.00043000000005122274,0.16188541000000753
view1_019,1,19,10797,10797,0,52.70310867205262,4.087835073471069,0.06488418579101562,-3.9972667694091797,-0.06386321038007736,-0.00045730589772574604,1.852684736251831,0.8943392634391785,True,False,False,0,51.12494899999831,65.81649700000014,0.000633000006189377,0.13694207900000463
view1_020,1,20,10798,10798,0,52.75310867279768,3.887930154800415,0.061687469482421875,-3.9972665309906006,-0.063863106071949,-0.0004168891755398363,1.852684736251831,0.8943392634391785,True,False,False,0,52.74566300000316,52.84958600000067,0.0008960000030810988,0.1255961450000069
view1_021,1,21,10799,10799,0,52.80310867354274,3.6880247592926025,0.058490753173828125,-3.997265577316284,-0.06386294215917587,-0.0003812503709923476,1.852684736251831,0.8943392634391785,True,False,False,0,43.06393799999597,90.21217699999795,0.000527000004524325,0.15327664199999844
view1_022,1,22,10800,10800,0,52.853108674287796,3.4881198406219482,0.05529022216796875,-3.997265338897705,-0.06386290490627289,-0.00034905431675724685,1.852684736251831,0.8943392634391785,True,False,False,0,61.20579699999951,80.41671699999853,0.0006200000015610385,0.16162313399999959
view1_023,1,23,10801,10801,0,52.903108675032854,3.288212776184082,0.052093505859375,-3.997265338897705,-0.06386293470859528,-0.0003191089490428567,1.852684736251831,0.8943392634391785,True,False,False,0,58.69028300000423,46.91923600000081,0.000722000002895129,0.12561024100000792
view1_024,1,24,10802,10802,0,52.95310867577791,3.0883073806762695,0.048892974853515625,-3.997265577316284,-0.06386284530162811,-0.0002902221749536693,1.852684736251831,0.8943392634391785,True,False,False,0,52.604123999998365,88.59970699999309,0.000543000005848171,0.1612043739999973
view1_025,1,25,10803,10803,0,53.00310867652297,2.888401985168457,0.045696258544921875,-3.997265577316284,-0.06386272609233856,-0.0002655315329320729,1.852684736251831,0.8943392634391785,True,False,False,0,57.83836799999875,90.2980489999976,0.0006759999990890719,0.16813709299999544
view1_026,1,26,10804,10804,0,53.05310867726803,2.6884965896606445,0.042499542236328125,-3.997265577316284,-0.06386265903711319,-0.0002426147402729839,1.852684736251831,0.8943392634391785,True,False,False,0,39.22796900000236,39.81524499999978,0.0006950000042138527,0.09904390900000636
view1_027,1,27,10805,10805,0,53.103108678013086,2.488589286804199,0.03929901123046875,-3.997265338897705,-0.06386269629001617,-0.00022072791762184352,1.852684736251831,0.8943392634391785,True,False,False,0,54.86551599999956,64.74811799999713,0.0006309999989184689,0.1396142649999956
view1_028,1,28,10806,10806,0,53.153108678758144,2.2886831760406494,0.036102294921875,-3.997265577316284,-0.06386256963014603,-0.00020269393280614167,1.852684736251831,0.8943392634391785,True,False,False,0,55.32033500000466,87.99500899999657,0.000579000001721397,0.16331592300000294
view1_029,1,29,10807,10807,0,53.2031086795032,2.0887773036956787,0.032901763916015625,-3.997265577316284,-0.06386261433362961,-0.0001840972836362198,1.852684736251831,0.8943392634391785,True,False,False,0,60.253541999998106,92.06886499999456,0.0004909999944402443,0.1723228979999871
view1_030,1,30,10808,10808,0,53.25310868024826,1.888871192932129,0.029705047607421875,-3.997265577316284,-0.06386256217956543,-0.0001689433993306011,1.852684736251831,0.8943392634391785,True,False,False,0,45.97851500000161,86.63953800000002,0.0005829999949469311,0.15261863599999656
view1_031,1,31,10809,10809,0,53.30310868099332,1.6889653205871582,0.026508331298828125,-3.997265577316284,-0.06386248767375946,-0.000153770437464118,1.852684736251831,0.8943392634391785,True,False,False,0,72.52065499999816,76.8959799999962,0.0004830000008837487,0.16941711799999523
view1_032,1,32,10810,10810,0,53.35310868173838,1.4890592098236084,0.02330780029296875,-3.997265577316284,-0.06386248767375946,-0.00014110564370639622,1.852684736251831,0.8943392634391785,True,False,False,0,48.31082999999836,89.62259700000175,0.0005979999997407504,0.15793402499999984
view1_033,1,33,10811,10811,0,53.403108682483435,1.2891532182693481,0.020111083984375,-3.997265577316284,-0.06386244297027588,-0.00012780188990291208,1.852684736251831,0.8943392634391785,True,False,False,0,58.09192899999971,65.00958200000184,0.0006220000017265193,0.14310213300000327
view1_034,1,34,10812,10812,0,53.45310868322849,1.089247226715088,0.016910552978515625,-3.997265577316284,-0.06386227160692215,-0.00011713027924997732,1.852684736251831,0.8943392634391785,True,False,False,0,57.1265849999989,93.77111399999905,0.0005079999993995443,0.17089820699999733
view1_035,1,35,10813,10813,0,53.50310868397355,0.8893413543701172,0.013713836669921875,-3.997265577316284,-0.06386227160692215,-0.00010718345583882183,1.852684736251831,0.8943392634391785,True,False,False,0,51.71289700000159,96.14216399999975,0.0005409999985772629,0.1678556019999999
view1_036,1,36,10814,10814,0,53.55310868471861,0.6894354820251465,0.010517120361328125,-3.997265577316284,-0.06386222690343857,-9.799956751521677e-05,1.852684736251831,0.8943392634391785,True,False,False,0,54.076991999998825,85.17540300000093,0.0003740000025231893,0.15925276900000226
view1_037,1,37,10815,10815,0,53.60310868546367,0.48952972888946533,0.00731658935546875,-3.9972658157348633,-0.0638621598482132,-8.916854858398438e-05,1.852684736251831,0.8943392634391785,True,False,False,0,42.83576399999589,68.14660799999928,0.0006530000007387571,0.1309830249999959
view1_038,1,38,10816,10816,0,53.653108686208725,0.2896239161491394,0.004119873046875,-3.9972658157348633,-0.06386217474937439,-8.186339982785285e-05,1.852684736251831,0.8943392634391785,True,False,False,0,54.467930000001274,93.0467750000048,0.00045599999509704503,0.16751516100000116
view1_039,1,39,10817,10817,0,53.70310868695378,0.0897180438041687,0.000919342041015625,-3.9972658157348633,-0.06386202573776245,-7.390022074105218e-05,1.852684736251831,0.8943392634391785,True,False,False,0,53.485408000000234,77.15285500000135,0.000775000003727655,0.1506390380000053
view1_040,1,40,10818,10818,0,53.75310868769884,-0.110187828540802,-0.002277374267578125,-3.997265577316284,-0.06386198103427887,-6.884574395371601e-05,1.852684736251831,0.8943392634391785,True,False,False,0,53.217988999996635,63.93776400000206,0.0006859999999164756,0.1371564389999986
view1_041,1,41,10819,10819,0,53.8031086884439,-0.31009364128112793,-0.005474090576171875,-3.9972658157348633,-0.06386195868253708,-6.187438702909276e-05,1.852684736251831,0.8943392634391785,True,False,False,0,47.84602399999471,60.71850000000012,0.0006090000042036081,0.12856513299999903
view1_042,1,42,10820,10820,0,53.85310868918896,-0.5099994391202927,-0.00867462158203125,-3.997265577316284,-0.06386202573776245,-5.670547398040071e-05,1.852684736251831,0.8943392634391785,True,False,False,0,51.25746399999542,94.71959100000049,0.0007350000004180401,0.16597778999999632
view1_043,1,43,10821,10821,0,53.903108689934015,-0.7099052891135216,-0.011871337890625,-3.997265577316284,-0.06386179476976395,-5.164146205061115e-05,1.852684736251831,0.8943392634391785,True,False,False,0,68.86756899999824,56.45186400000313,0.0005059999992340636,0.1453199390000006
view1_044,1,44,10822,10822,0,53.95310869067907,-0.9098111391067505,-0.015071868896484375,-3.997265577316284,-0.0638616681098938,-4.766464189742692e-05,1.852684736251831,0.8943392634391785,True,False,False,0,54.34278500000289,66.89469700000217,0.0005690000008939933,0.14123805100000594
view1_045,1,45,10823,10823,0,54.00310869142413,-1.1097169816493988,-0.018268585205078125,-3.997265338897705,-0.0638616681098938,-4.259109482518397e-05,1.852684736251831,0.8943392634391785,True,False,False,0,52.9121199999949,93.90049299999959,0.0004819999972482947,0.16681309499999172
view1_046,1,46,10824,10824,0,54.05310869216919,-1.3095164895057678,-0.021465301513671875,-3.9951283931732178,-0.06383583694696426,-5.937576133874245e-05,1.852684736251831,0.8943392634391785,True,False,False,0,58.27730300000411,90.16464199999774,0.0007460000048808979,0.16844269100000672
view1_047,1,47,10825,10825,0,54.10310869291425,-1.5094177722930908,-0.02466583251953125,-3.9971818923950195,-0.06386089324951172,-3.064155680476688e-05,1.852684736251831,0.8943392634391785,True,False,False,0,65.58731699999498,77.60926299999937,0.0006550000009042378,0.16319723499999525
view1_048,1,48,10826,10826,0,54.153108693659306,-1.7093234062194824,-0.027862548828125,-3.997262716293335,-0.06386135518550873,-3.0145643904688768e-05,1.852684736251831,0.8943392634391785,True,False,False,0,57.22800899999925,59.59747600000043,0.000571000001059474,0.13682605600000072
view1_049,1,49,10827,10827,0,54.203108694404364,-1.9092292785644531,-0.031063079833984375,-3.997265577316284,-0.06386123597621918,-2.6655196052161045e-05,1.852684736251831,0.8943392634391785,True,False,False,0,46.856220000002224,68.28082500000221,0.0005529999995701473,0.135137598000004
view1_050,1,50,10828,10828,0,54.25310869514942,-2.1091352701187134,-0.034259796142578125,-3.997265577316284,-0.06386123597621918,-2.462387055857107e-05,1.852684736251831,0.8943392634391785,True,False,False,0,53.12577100000482,78.88808999999952,0.0006790000028900067,0.15201454000000722
view1_051,1,51,10829,10829,0,54.30310869589448,-2.3090412616729736,-0.037456512451171875,-3.997265338897705,-0.06386112421751022,-2.2230147806112655e-05,1.852684736251831,0.8943392634391785,True,False,False,0,63.390392999998824,77.94236999999526,0.0006710000022280838,0.1613334339999963
view1_052,1,52,10830,10830,0,54.35310869663954,-2.508947253227234,-0.04065704345703125,-3.997265577316284,-0.06386124342679977,-1.9931792849092744e-05,1.852684736251831,0.8943392634391785,True,False,False,0,57.32288399999419,88.95612499999572,0.0007760000002576817,0.16627978499999016
view1_053,1,53,10831,10831,0,54.403108697384596,-2.708853244781494,-0.04386138916015625,-3.997265577316284,-0.06386123597621918,-1.894950764835812e-05,1.852684736251831,0.8943392634391785,True,False,False,0,71.79598399999776,69.49507800000276,0.0007790000040586165,0.16129184100000457
view1_054,1,54,10832,10832,0,54.453108698129654,-2.9087588787078857,-0.04705810546875,-3.997265577316284,-0.06386100500822067,-1.7261505490751006e-05,1.852684736251831,0.8943392634391785,True,False,False,0,64.69662800000009,82.63758699999357,0.0009880000035877856,0.16733520299999724
view1_055,1,55,10833,10833,0,54.50310869887471,-3.1086647510528564,-0.05025482177734375,-3.997265577316284,-0.06386116147041321,-1.5535353668383323e-05,1.852684736251831,0.8943392634391785,True,False,False,0,51.541319000001806,55.97665100000171,0.0006590000012351993,0.12751862900000474
view1_056,1,56,10834,10834,0,54.55310869961977,-3.308570384979248,-0.053455352783203125,-3.997265577316284,-0.06386111676692963,-1.413345307810232e-05,1.852684736251831,0.8943392634391785,True,False,False,0,57.93939499999823,66.07963100000092,0.0008979999961411522,0.14401992399999528
view1_057,1,57,10835,10835,0,54.60310870036483,-3.5084760189056396,-0.056652069091796875,-3.997265577316284,-0.06386105716228485,-1.2578963833220769e-05,1.852684736251831,0.8943392634391785,True,False,False,0,80.48916300000286,67.69088200000084,0.000830999994150261,0.16818087599999784
view1_058,1,58,10836,10836,0,54.653108701109886,-3.7083818912506104,-0.05985260009765625,-3.997265577316284,-0.06386099755764008,-1.166343645309098e-05,1.852684736251831,0.8943392634391785,True,False,False,0,49.09604499999887,63.31171099999722,0.0007729999964567469,0.13240852899999253
view1_059,1,59,10837,10837,0,54.703108701854944,-3.908287525177002,-0.06304931640625,-3.997265577316284,-0.06386100500822067,-1.0242461939924397e-05,1.852684736251831,0.8943392634391785,True,False,False,0,56.904244000001825,71.22993800000188,0.0006080000005681541,0.14813479000000426
view1_060,1,60,10838,10838,0,54.7531087026,-4.1081931591033936,-0.06624603271484375,-3.997265338897705,-0.06386090070009232,-9.803771717997734e-06,1.852684736251831,0.8943392634391785,True,False,False,0,53.02279200000015,83.2394789999995,0.0006220000017265193,0.15626289300000137
view1_061,1,61,10839,10839,0,54.80310870334506,-4.308098793029785,-0.06944656372070312,-3.997265577316284,-0.06386078149080276,-8.659362720209174e-06,1.852684736251831,0.8943392634391785,True,False,False,0,59.74839599999626,90.99489700000163,0.0006409999997458726,0.17074393399999763
view1_062,1,62,10840,10840,0,54.85310870409012,-4.508004665374756,-0.07264328002929688,-3.997265577316284,-0.06386077404022217,-7.801055289746728e-06,1.852684736251831,0.8943392634391785,True,False,False,0,43.16567000000049,61.70387799999588,0.0007370000005835209,0.12487028499999696
view1_063,1,63,10841,10841,0,54.90310870483518,-4.707909822463989,-0.07584381103515625,-3.997265577316284,-0.06386084109544754,-7.610321063111769e-06,1.852684736251831,0.8943392634391785,True,False,False,0,47.29897600000044,77.2284809999988,0.0006950000042138527,0.14452815200000343
