id,density,layout,scenario,thinning,template_available,geometry_verified,timing_budget_passed,sender_ms,receiver_ms,modeled_total_age_s,action_s,target_s,packet_bytes,missing_classes
base_0_far_00,base,0,far,1,False,False,False,0.022990999999805695,0.008750000001001013,0.04244683500000378,0.05,0.2,0,"small_core,vehicle_core"
base_0_far_00,base,0,far,8,False,False,False,0.009120999999723267,0.007663999999962812,0.042431879000002656,0.05,0.2,0,"small_core,vehicle_core"
base_0_far_01,base,0,far,1,False,False,False,0.008240000001435988,0.004383000000274251,0.031503775000003106,0.05,0.2,0,"small_core,vehicle_core"
base_0_far_01,base,0,far,8,False,False,False,0.004541999999219115,0.0031529999997559344,0.03149884700000037,0.05,0.2,0,"small_core,vehicle_core"
base_0_far_02,base,0,far,1,False,False,False,0.010795999999757555,0.0077430000011702305,0.04483490800000077,0.05,0.2,0,"small_core,vehicle_core"
base_0_far_02,base,0,far,8,False,False,False,0.026423999999636294,0.012297999999688614,0.04485509099999917,0.05,0.2,0,"small_core,vehicle_core"
base_0_far_03,base,0,far,1,False,False,False,0.011463999999961061,0.006463000000067609,0.04008450999999845,0.05,0.2,0,"small_core,vehicle_core"
base_0_far_03,base,0,far,8,False,False,False,0.007441999999358018,0.005550999999215378,0.040079575999996994,0.05,0.2,0,"small_core,vehicle_core"
base_0_far_04,base,0,far,1,False,False,False,0.00808299999910389,0.004396999999656259,0.035846169999999664,0.05,0.2,0,"small_core,vehicle_core"
base_0_far_04,base,0,far,8,False,False,False,0.005123999999412376,0.0036889999996958522,0.03584250300000001,0.05,0.2,0,"small_core,vehicle_core"
base_0_far_05,base,0,far,1,False,False,False,0.01173500000106742,0.007762999999272324,0.03817871900000157,0.05,0.2,0,"small_core,vehicle_core"
base_0_far_05,base,0,far,8,False,False,False,0.007822999998907676,0.006466999998622214,0.03817351099999876,0.05,0.2,0,"small_core,vehicle_core"
base_0_far_06,base,0,far,1,False,False,False,0.008681000000620998,0.00466499999873804,0.037094924999998544,0.05,0.2,0,"small_core,vehicle_core"
base_0_far_06,base,0,far,8,False,False,False,0.005525999998923226,0.00413300000090544,0.03709123799999901,0.05,0.2,0,"small_core,vehicle_core"
base_0_far_07,base,0,far,1,False,False,False,0.008471999999315472,0.004703000000105817,0.04184292300000124,0.05,0.2,0,"small_core,vehicle_core"
base_0_far_07,base,0,far,8,False,False,False,0.005395999998825118,0.004117999999664335,0.04183926200000031,0.05,0.2,0,"small_core,vehicle_core"
base_0_far_08,base,0,far,1,False,False,False,0.011407999998880314,0.007779999998902554,0.03755821699999949,0.05,0.2,0,"small_core,vehicle_core"
base_0_far_08,base,0,far,8,False,False,False,0.008155999999814867,0.006700000000137152,0.03755388500000166,0.05,0.2,0,"small_core,vehicle_core"
base_0_far_09,base,0,far,1,False,False,False,0.0069160000002455035,0.004111000000861509,0.04136870900000254,0.05,0.2,0,"small_core,vehicle_core"
base_0_far_09,base,0,far,8,False,False,False,0.004128999998798122,0.002951000000805948,0.04136476200000104,0.05,0.2,0,"small_core,vehicle_core"
base_0_free_01,base,0,free,1,False,False,False,0.010782000000375547,0.007819000000353071,0.03149838999999986,0.05,0.2,0,"small_core,vehicle_core"
base_0_free_01,base,0,free,8,False,False,False,0.007506000001100688,0.006463000000067609,0.0314937580000003,0.05,0.2,0,"small_core,vehicle_core"
base_0_free_02,base,0,free,1,False,False,False,0.013415999999821793,0.007470999999981132,0.03316464900000014,0.05,0.2,0,"small_core,vehicle_core"
base_0_free_02,base,0,free,8,False,False,False,0.005433000000110155,0.0038040000003292107,0.03315299900000078,0.05,0.2,0,"small_core,vehicle_core"
base_0_free_03,base,0,free,1,False,False,False,0.014055999999484925,0.007789000001423574,0.0423424800000025,0.05,0.2,0,"small_core,vehicle_core"
base_0_free_03,base,0,free,8,False,False,False,0.0077849999993162555,0.0065589999991289005,0.042334979000000036,0.05,0.2,0,"small_core,vehicle_core"
base_0_free_04,base,0,free,1,False,False,False,0.008404000000794554,0.004890000001367412,0.059307630000001485,0.05,0.2,0,"small_core,vehicle_core"
base_0_free_04,base,0,free,8,False,False,False,0.005397999998990599,0.0040970000014795005,0.05930383099999979,0.05,0.2,0,"small_core,vehicle_core"
base_0_free_05,base,0,free,1,False,False,False,0.009193000000351503,0.005010000000638115,0.059536633000002656,0.05,0.2,0,"small_core,vehicle_core"
base_0_free_05,base,0,free,8,False,False,False,0.0053629999996474,0.0038190000015703163,0.059531612000002884,0.05,0.2,0,"small_core,vehicle_core"
base_0_free_06,base,0,free,1,False,False,False,0.007296000001488778,0.004370000000974983,0.06877118100000289,0.05,0.2,0,"small_core,vehicle_core"
base_0_free_06,base,0,free,8,False,False,False,0.0042790000005510365,0.003181000000296308,0.06876697500000127,0.05,0.2,0,"small_core,vehicle_core"
base_0_free_07,base,0,free,1,False,False,False,0.012834999999711272,0.008847000000145044,0.05717735100000042,0.05,0.2,0,"small_core,vehicle_core"
base_0_free_07,base,0,free,8,False,False,False,0.008436999999972272,0.00673199999923213,0.057170837999999766,0.05,0.2,0,"small_core,vehicle_core"
base_0_free_08,base,0,free,1,False,False,False,0.010545000000306004,0.007177000000524458,0.04338462400000019,0.05,0.2,0,"small_core,vehicle_core"
base_0_free_08,base,0,free,8,False,False,False,0.0075870000006972305,0.006124000000440333,0.0433806130000005,0.05,0.2,0,"small_core,vehicle_core"
base_0_free_09,base,0,free,1,False,False,False,0.009541000000723443,0.005908000000331981,0.03813176800000172,0.05,0.2,0,"small_core,vehicle_core"
base_0_free_09,base,0,free,8,False,False,False,0.006296000000460822,0.0044270000003621135,0.038127042000001485,0.05,0.2,0,"small_core,vehicle_core"
base_0_near_00,base,0,near,1,False,False,False,0.01016899999939369,0.007092000000596954,0.051952850999999786,0.05,0.2,0,"small_core,vehicle_core"
base_0_near_00,base,0,near,8,False,False,False,0.007948999998674822,0.006854999998751055,0.05195039399999722,0.05,0.2,0,"small_core,vehicle_core"
base_0_near_01,base,0,near,1,False,False,False,0.00900799999925539,0.005499000000241949,0.03944587499999884,0.05,0.2,0,"small_core,vehicle_core"
base_0_near_01,base,0,near,8,False,False,False,0.006470999998953175,0.004909000001163122,0.03944274799999946,0.05,0.2,0,"small_core,vehicle_core"
base_0_near_02,base,0,near,1,False,False,False,0.01295000000034463,0.008022000001162155,0.03646060599999899,0.05,0.2,0,"small_core,vehicle_core"
base_0_near_02,base,0,near,8,False,False,False,0.008255000000900736,0.006691999999475229,0.03645458099999786,0.05,0.2,0,"small_core,vehicle_core"
base_0_near_03,base,0,near,1,False,False,False,0.00925999999878968,0.005871000000823301,0.038462815000001246,0.05,0.2,0,"small_core,vehicle_core"
base_0_near_03,base,0,near,8,False,False,False,0.006046999999398395,0.004702000000023077,0.038458433000001055,0.05,0.2,0,"small_core,vehicle_core"
base_0_near_04,base,0,near,1,False,False,False,0.011974999999608826,0.009215999998701818,0.052618631999998375,0.05,0.2,0,"small_core,vehicle_core"
base_0_near_04,base,0,near,8,False,False,False,0.008166999998948654,0.007075999999273108,0.052612683999998286,0.05,0.2,0,"small_core,vehicle_core"
base_0_near_05,base,0,near,1,False,False,False,0.009555000000105451,0.005671000000262438,0.05144088099999998,0.05,0.2,0,"small_core,vehicle_core"
base_0_near_05,base,0,near,8,False,False,False,0.006211000000533318,0.004915999999965948,0.05143678200000011,0.05,0.2,0,"small_core,vehicle_core"
base_0_near_06,base,0,near,1,False,False,False,0.010876999999354098,0.0075709999993733845,0.037514998999999424,0.05,0.2,0,"small_core,vehicle_core"
base_0_near_06,base,0,near,8,False,False,False,0.008055999998646257,0.006682000000424182,0.03751128899999977,0.05,0.2,0,"small_core,vehicle_core"
base_0_near_07,base,0,near,1,False,False,False,0.009239000000604847,0.005591000000748636,0.03868905600000304,0.05,0.2,0,"small_core,vehicle_core"
base_0_near_07,base,0,near,8,False,False,False,0.005663999999683256,0.004217000000750204,0.03868410700000212,0.05,0.2,0,"small_core,vehicle_core"
base_0_near_08,base,0,near,1,False,False,False,0.009134000000798892,0.0051350000003225205,0.036779883000001665,0.05,0.2,0,"small_core,vehicle_core"
base_0_near_08,base,0,near,8,False,False,False,0.005185999999213209,0.003904999999804204,0.03677470499999956,0.05,0.2,0,"small_core,vehicle_core"
base_0_near_09,base,0,near,1,False,False,False,0.008267000000117264,0.0050560000008914585,0.04000913499999868,0.05,0.2,0,"small_core,vehicle_core"
base_0_near_09,base,0,near,8,False,False,False,0.005679999999230745,0.004172000000579601,0.040005663999997484,0.05,0.2,0,"small_core,vehicle_core"
base_1_far_00,base,1,far,1,False,False,False,0.009803999999391522,0.007719999999267202,0.03827279000000282,0.05,0.2,0,"small_core,vehicle_core"
base_1_far_00,base,1,far,8,False,False,False,0.004477999999252802,0.0033249999997764235,0.03826306900000319,0.05,0.2,0,"small_core,vehicle_core"
base_1_far_01,base,1,far,1,False,False,False,0.010107999999675599,0.007532999999781964,0.03959802399999689,0.05,0.2,0,"small_core,vehicle_core"
base_1_far_01,base,1,far,8,False,False,False,0.004531000000085328,0.003751999999579425,0.039588665999997094,0.05,0.2,0,"small_core,vehicle_core"
base_1_far_02,base,1,far,1,False,False,False,0.007964999999998668,0.005769999999571951,0.05232860000000315,0.05,0.2,0,"small_core,vehicle_core"
base_1_far_02,base,1,far,8,False,False,False,0.003936000000592799,0.003197000001620154,0.052321998000005795,0.05,0.2,0,"small_core,vehicle_core"
base_1_far_03,base,1,far,1,False,False,False,0.019232999999729827,0.015498999999863372,0.04664040699999859,0.05,0.2,0,"small_core,vehicle_core"
base_1_far_03,base,1,far,8,False,False,False,0.008139000000184637,0.0066440000008327615,0.04662045800000002,0.05,0.2,0,"small_core,vehicle_core"
base_1_far_04,base,1,far,1,False,False,False,0.011208000000095808,0.008216999999532959,0.04087111200000358,0.05,0.2,0,"small_core,vehicle_core"
base_1_far_04,base,1,far,8,False,False,False,0.005909000000414721,0.004317000000142457,0.04086191300000451,0.05,0.2,0,"small_core,vehicle_core"
base_1_far_05,base,1,far,1,False,False,False,0.010364999999623592,0.007784000001009872,0.056439901999999695,0.05,0.2,0,"small_core,vehicle_core"
base_1_far_05,base,1,far,8,False,False,False,0.005105000001393023,0.004120999999912556,0.05643097900000037,0.05,0.2,0,"small_core,vehicle_core"
base_1_far_06,base,1,far,1,False,False,False,0.012316999999484324,0.01086600000022031,0.03842243900000185,0.05,0.2,0,"small_core,vehicle_core"
base_1_far_06,base,1,far,8,False,False,False,0.008160000000145828,0.006754999999358802,0.03841417100000165,0.05,0.2,0,"small_core,vehicle_core"
base_1_far_07,base,1,far,1,False,False,False,0.010078000000746101,0.00800900000008653,0.043909304000000024,0.05,0.2,0,"small_core,vehicle_core"
base_1_far_07,base,1,far,8,False,False,False,0.005598999999634202,0.004112999999250633,0.043900928999998076,0.05,0.2,0,"small_core,vehicle_core"
base_1_far_08,base,1,far,1,False,False,False,0.009595999999945093,0.007673000000707475,0.05505871700000185,0.05,0.2,0,"small_core,vehicle_core"
base_1_far_08,base,1,far,8,False,False,False,0.006041000000678309,0.00443499999924768,0.055051924000001126,0.05,0.2,0,"small_core,vehicle_core"
base_1_far_09,base,1,far,1,False,False,False,0.012098999999210491,0.010288999998664394,0.04830201199999749,0.05,0.2,0,"small_core,vehicle_core"
base_1_far_09,base,1,far,8,False,False,False,0.008257000001066217,0.006761999999937984,0.04829464300000062,0.05,0.2,0,"small_core,vehicle_core"
base_1_free_01,base,1,free,1,False,False,False,0.010558000001381629,0.008197999999737249,0.03851633999999969,0.05,0.2,0,"small_core,vehicle_core"
base_1_free_01,base,1,free,8,False,False,False,0.005966999999884592,0.004541999999219115,0.038508092999997676,0.05,0.2,0,"small_core,vehicle_core"
base_1_free_02,base,1,free,1,False,False,False,0.013094999999907486,0.010270999998951424,0.04151451400000149,0.05,0.2,0,"small_core,vehicle_core"
base_1_free_02,base,1,free,8,False,False,False,0.008022999999468539,0.006597000000496678,0.041505768000002594,0.05,0.2,0,"small_core,vehicle_core"
base_1_free_03,base,1,free,1,False,False,False,0.012222000000505773,0.010137999998605096,0.03638176400000191,0.05,0.2,0,"small_core,vehicle_core"
base_1_free_03,base,1,free,8,False,False,False,0.008260999999620822,0.006895999998590696,0.03637456100000101,0.05,0.2,0,"small_core,vehicle_core"
base_1_free_04,base,1,free,1,False,False,False,0.01111199999925816,0.008986000000987815,0.06034561499999967,0.05,0.2,0,"small_core,vehicle_core"
base_1_free_04,base,1,free,8,False,False,False,0.007938999999623775,0.006436999999692716,0.06033989299999874,0.05,0.2,0,"small_core,vehicle_core"
base_1_free_05,base,1,free,1,False,False,False,0.013277000000755379,0.010712999999995532,0.048185308000002966,0.05,0.2,0,"small_core,vehicle_core"
base_1_free_05,base,1,free,8,False,False,False,0.00832000000094979,0.006497999999410808,0.048176136000002576,0.05,0.2,0,"small_core,vehicle_core"
base_1_free_06,base,1,free,1,False,False,False,0.010842000000010898,0.00819999999990273,0.04967343400000111,0.05,0.2,0,"small_core,vehicle_core"
base_1_free_06,base,1,free,8,False,False,False,0.005589999998889539,0.004565999999428527,0.04966454799999952,0.05,0.2,0,"small_core,vehicle_core"
base_1_free_07,base,1,free,1,False,False,False,0.012364999999903148,0.01037699999884012,0.04747834699999885,0.05,0.2,0,"small_core,vehicle_core"
base_1_free_07,base,1,free,8,False,False,False,0.00799000000029082,0.00676999999882355,0.04747036499999922,0.05,0.2,0,"small_core,vehicle_core"
base_1_free_08,base,1,free,1,False,False,False,0.01321499999917819,0.010447000001079232,0.057711428999998024,0.05,0.2,0,"small_core,vehicle_core"
base_1_free_08,base,1,free,8,False,False,False,0.008908999999945877,0.006996999999842046,0.057703672999997555,0.05,0.2,0,"small_core,vehicle_core"
base_1_free_09,base,1,free,1,False,False,False,0.01047900000017421,0.008322999999421654,0.04027361100000036,0.05,0.2,0,"small_core,vehicle_core"
base_1_free_09,base,1,free,8,False,False,False,0.004664000000431656,0.004635999999891283,0.04026410900000109,0.05,0.2,0,"small_core,vehicle_core"
base_1_near_00,base,1,near,1,False,False,False,0.010401999999132272,0.007939999999706515,0.046428390999997834,0.05,0.2,0,"small_core,vehicle_core"
base_1_near_00,base,1,near,8,False,False,False,0.005966000001578209,0.004918000000131428,0.046420933000000705,0.05,0.2,0,"small_core,vehicle_core"
base_1_near_01,base,1,near,1,False,False,False,0.010301999999740019,0.007874999999657462,0.04176989299999655,0.05,0.2,0,"small_core,vehicle_core"
base_1_near_01,base,1,near,8,False,False,False,0.005765000000934606,0.004148999998676572,0.04176162999999676,0.05,0.2,0,"small_core,vehicle_core"
base_1_near_02,base,1,near,1,False,False,False,0.011934999999851925,0.010665999999659448,0.037295019000000526,0.05,0.2,0,"small_core,vehicle_core"
base_1_near_02,base,1,near,8,False,False,False,0.00820099999998547,0.006823999999738817,0.03728744300000074,0.05,0.2,0,"small_core,vehicle_core"
base_1_near_03,base,1,near,1,False,False,False,0.013462000000075136,0.01156100000088145,0.03797337199999838,0.05,0.2,0,"small_core,vehicle_core"
base_1_near_03,base,1,near,8,False,False,False,0.008451999999437021,0.006910999999831802,0.037963711999996694,0.05,0.2,0,"small_core,vehicle_core"
base_1_near_04,base,1,near,1,False,False,False,0.0104949999997217,0.008659000000577066,0.05868314900000059,0.05,0.2,0,"small_core,vehicle_core"
base_1_near_04,base,1,near,8,False,False,False,0.007631000000785093,0.006508000000238212,0.05867813400000131,0.05,0.2,0,"small_core,vehicle_core"
base_1_near_05,base,1,near,1,False,False,False,0.012991999998490655,0.011002999999121243,0.037687440999997865,0.05,0.2,0,"small_core,vehicle_core"
base_1_near_05,base,1,near,8,False,False,False,0.008134999999853676,0.006861000001023854,0.03767844200000113,0.05,0.2,0,"small_core,vehicle_core"
base_1_near_06,base,1,near,1,False,False,False,0.012592000000921644,0.010255999999486676,0.04287136400000023,0.05,0.2,0,"small_core,vehicle_core"
base_1_near_06,base,1,near,8,False,False,False,0.008165999998865914,0.006882999999291428,0.04286356499999798,0.05,0.2,0,"small_core,vehicle_core"
base_1_near_07,base,1,near,1,False,False,False,0.01205999999953633,0.00972800000020868,0.03820489400000192,0.05,0.2,0,"small_core,vehicle_core"
base_1_near_07,base,1,near,8,False,False,False,0.007452000000185421,0.006120000000109371,0.03819667800000247,0.05,0.2,0,"small_core,vehicle_core"
base_1_near_08,base,1,near,1,False,False,False,0.01014999999959798,0.008794999999395259,0.03961659900000079,0.05,0.2,0,"small_core,vehicle_core"
base_1_near_08,base,1,near,8,False,False,False,0.006933999999958473,0.005877999999626127,0.039610466000001385,0.05,0.2,0,"small_core,vehicle_core"
base_1_near_09,base,1,near,1,False,False,False,0.009143999999849939,0.007763999999355065,0.04111322399999694,0.05,0.2,0,"small_core,vehicle_core"
base_1_near_09,base,1,near,8,False,False,False,0.006649000001246463,0.005872000000906041,0.041108836999999884,0.05,0.2,0,"small_core,vehicle_core"
dense_0_far_00,dense,0,far,1,True,True,True,47.11980799999971,3.983711999998363,0.1272914079999947,0.05,0.2,9792,
dense_0_far_00,dense,0,far,8,False,False,False,0.008508999998824152,0.004577000000338671,0.0762009739999958,0.05,0.2,0,"small_core,vehicle_core"
dense_0_far_01,dense,0,far,1,True,True,True,36.82440599999914,2.922421000000952,0.12037436899999897,0.05,0.2,9792,
dense_0_far_01,dense,0,far,8,False,False,False,0.007371999998895262,0.0044270000003621135,0.08063934099999813,0.05,0.2,0,"small_core,vehicle_core"
dense_0_far_02,dense,0,far,1,True,True,True,36.90571299999945,2.756765999999189,0.11302795599999847,0.05,0.2,9792,
dense_0_far_02,dense,0,far,8,False,False,False,0.011439999999751649,0.006131000001019515,0.0733830480000006,0.05,0.2,0,"small_core,vehicle_core"
dense_0_far_03,dense,0,far,1,True,True,True,34.27083400000086,4.0280870000000135,0.11457797999999862,0.05,0.2,9792,
dense_0_far_03,dense,0,far,8,False,False,False,0.008594000000528013,0.0043949999994907785,0.07629204799999777,0.05,0.2,0,"small_core,vehicle_core"
dense_0_far_04,dense,0,far,1,True,True,True,38.404226999999125,3.1307820000012754,0.13516068899999964,0.05,0.2,9792,
dense_0_far_04,dense,0,far,8,False,False,False,0.00856700000007038,0.005064999999859765,0.09363931199999918,0.05,0.2,0,"small_core,vehicle_core"
dense_0_far_05,dense,0,far,1,True,True,True,39.42567700000055,3.9535669999999357,0.10749681999999837,0.05,0.2,9792,
dense_0_far_05,dense,0,far,8,False,False,False,0.010028000000161796,0.005897000001198194,0.06413350099999925,0.05,0.2,0,"small_core,vehicle_core"
dense_0_far_06,dense,0,far,1,True,True,True,36.13050599999923,2.612220000001386,0.11233516800000352,0.05,0.2,9792,
dense_0_far_06,dense,0,far,8,False,False,False,0.009640000000032956,0.005293000000961001,0.0736073750000039,0.05,0.2,0,"small_core,vehicle_core"
dense_0_far_07,dense,0,far,1,True,True,True,39.314932999999996,2.81263499999973,0.106657808,0.05,0.2,9792,
dense_0_far_07,dense,0,far,8,False,False,False,0.0070850000000177715,0.004003000000807333,0.0645413280000011,0.05,0.2,0,"small_core,vehicle_core"
dense_0_far_08,dense,0,far,1,True,True,True,35.71391400000046,2.7086670000002755,0.10732201499999981,0.05,0.2,9792,
dense_0_far_08,dense,0,far,8,False,False,False,0.0072989999999606425,0.004052999999615281,0.06891078599999866,0.05,0.2,0,"small_core,vehicle_core"
dense_0_far_09,dense,0,far,1,True,True,True,34.50044000000041,2.566636999999261,0.11468158400000349,0.05,0.2,9792,
dense_0_far_09,dense,0,far,8,False,False,False,0.006993999999593825,0.004071999999410991,0.07762557300000282,0.05,0.2,0,"small_core,vehicle_core"
dense_0_free_01,dense,0,free,1,True,True,True,37.54748799999952,2.5838520000007748,0.11643210599999997,0.05,0.2,9794,
dense_0_free_01,dense,0,free,8,False,False,False,0.006623999999177954,0.003756999999993127,0.07631114699999884,0.05,0.2,0,"small_core,vehicle_core"
dense_0_free_02,dense,0,free,1,True,True,True,41.047632999999806,3.2173689999996924,0.11918983600000431,0.05,0.2,9794,
dense_0_free_02,dense,0,free,8,False,False,False,0.007379000001250802,0.00412399999838442,0.07493633700000445,0.05,0.2,0,"small_core,vehicle_core"
dense_0_free_03,dense,0,free,1,True,True,True,37.96128799999998,2.6969199999999915,0.1040479159999994,0.05,0.2,9794,
dense_0_free_03,dense,0,free,8,False,False,False,0.00962699999895733,0.0064060000006804785,0.06340574099999906,0.05,0.2,0,"small_core,vehicle_core"
dense_0_free_04,dense,0,free,1,True,True,True,38.91501499999883,3.189909999999685,0.13249488200000178,0.05,0.2,9794,
dense_0_free_04,dense,0,free,8,False,False,False,0.008002000001283704,0.004910999999552246,0.09040287000000412,0.05,0.2,0,"small_core,vehicle_core"
dense_0_free_05,dense,0,free,1,True,True,True,39.402811000000426,4.6655610000012615,0.12561119000000118,0.05,0.2,9794,
dense_0_free_05,dense,0,free,8,False,False,False,0.009642000000198436,0.006125000000523073,0.08155858500000022,0.05,0.2,0,"small_core,vehicle_core"
dense_0_free_06,dense,0,free,1,True,True,True,40.090543999999895,2.6625360000007703,0.11358292300000315,0.05,0.2,9794,
dense_0_free_06,dense,0,free,8,False,False,False,0.012880999999964615,0.007766999999603286,0.07085049100000206,0.05,0.2,0,"small_core,vehicle_core"
dense_0_free_07,dense,0,free,1,True,True,True,39.39961700000083,3.2553849999992224,0.12880514599999812,0.05,0.2,9794,
dense_0_free_07,dense,0,free,8,False,False,False,0.01018499999894118,0.005784000000730316,0.08616611299999775,0.05,0.2,0,"small_core,vehicle_core"
dense_0_free_08,dense,0,free,1,True,True,True,42.12971100000118,4.198376999999809,0.11146037599999879,0.05,0.2,9794,
dense_0_free_08,dense,0,free,8,False,False,False,0.007457000000599123,0.004178999999382427,0.06514392399999779,0.05,0.2,0,"small_core,vehicle_core"
dense_0_free_09,dense,0,free,1,True,True,True,38.440696999998636,2.6070750000002363,0.10958494200000189,0.05,0.2,9794,
dense_0_free_09,dense,0,free,8,False,False,False,0.009714000000826672,0.005610000000544346,0.06855249400000439,0.05,0.2,0,"small_core,vehicle_core"
dense_0_near_00,dense,0,near,1,True,False,False,34.00167400000065,0.015118000000313714,0.10293573799999443,0.05,0.2,0,"small_core,vehicle_core"
dense_0_near_00,dense,0,near,8,False,False,False,0.005726999999566829,0.0034599999985118757,0.06892813299999155,0.05,0.2,0,"small_core,vehicle_core"
dense_0_near_01,dense,0,near,1,True,False,False,35.92247799999981,0.015122999998951059,0.11551462600000172,0.05,0.2,0,"small_core,vehicle_core"
dense_0_near_01,dense,0,near,8,False,False,False,0.005613999999098951,0.0034410000004925223,0.07958608000000254,0.05,0.2,0,"small_core,vehicle_core"
dense_0_near_02,dense,0,near,1,True,False,False,40.49475400000091,0.019350000000528667,0.10893592499999948,0.05,0.2,0,"small_core,vehicle_core"
dense_0_near_02,dense,0,near,8,False,False,False,0.010372000000202775,0.005870000000740561,0.06843806299999898,0.05,0.2,0,"small_core,vehicle_core"
dense_0_near_03,dense,0,near,1,True,False,False,37.48134699999994,0.015483000000315883,0.11588668499999465,0.05,0.2,0,"small_core,vehicle_core"
dense_0_near_03,dense,0,near,8,False,False,False,0.006407999999069602,0.0036419999993597685,0.07839990499999282,0.05,0.2,0,"small_core,vehicle_core"
dense_0_near_04,dense,0,near,1,True,False,False,36.527863999999965,0.015919000000863548,0.11151436800000035,0.05,0.2,0,"small_core,vehicle_core"
dense_0_near_04,dense,0,near,8,False,False,False,0.00606100000055676,0.0037049999992433413,0.07498035099999932,0.05,0.2,0,"small_core,vehicle_core"
dense_0_near_05,dense,0,near,1,True,False,False,33.484625999999906,0.014997999999266654,0.12047621899999904,0.05,0.2,0,"small_core,vehicle_core"
dense_0_near_05,dense,0,near,8,False,False,False,0.006593000000165716,0.0036239999996467986,0.08698681199999968,0.05,0.2,0,"small_core,vehicle_core"
dense_0_near_06,dense,0,near,1,True,False,False,35.92265600000033,0.01572599999910551,0.11168704400000572,0.05,0.2,0,"small_core,vehicle_core"
dense_0_near_06,dense,0,near,8,False,False,False,0.006142000000153303,0.0034989999999623933,0.0757583030000064,0.05,0.2,0,"small_core,vehicle_core"
dense_0_near_07,dense,0,near,1,True,False,False,36.547501999999454,0.028225000001214084,0.11986937599999557,0.05,0.2,0,"small_core,vehicle_core"
dense_0_near_07,dense,0,near,8,False,False,False,0.010792999999509334,0.00573099999989779,0.08331017299999431,0.05,0.2,0,"small_core,vehicle_core"
dense_0_near_08,dense,0,near,1,True,False,False,37.59431499999977,0.015535999999372052,0.11461752200000007,0.05,0.2,0,"small_core,vehicle_core"
dense_0_near_08,dense,0,near,8,False,False,False,0.008686999999341083,0.0045639999992630464,0.07702092199999953,0.05,0.2,0,"small_core,vehicle_core"
dense_0_near_09,dense,0,near,1,True,False,False,33.55952300000098,0.015705000000920677,0.11627908499999727,0.05,0.2,0,"small_core,vehicle_core"
dense_0_near_09,dense,0,near,8,False,False,False,0.00657699999884187,0.0037300000013118506,0.08271416399999552,0.05,0.2,0,"small_core,vehicle_core"
dense_1_far_00,dense,1,far,1,True,True,True,52.69662699999955,4.31836799999985,0.12869281499999416,0.05,0.2,9148,
dense_1_far_00,dense,1,far,8,False,False,False,0.011547000001499441,0.00918499999968958,0.07169855199999596,0.05,0.2,0,"small_core,vehicle_core"
dense_1_far_01,dense,1,far,1,True,True,True,41.87084700000021,4.703587999999925,0.11386841499999222,0.05,0.2,9148,
dense_1_far_01,dense,1,far,8,False,False,False,0.008892000000315647,0.006489000000442502,0.06730936099999284,0.05,0.2,0,"small_core,vehicle_core"
dense_1_far_02,dense,1,far,1,True,True,True,38.05737499999928,4.237153000000049,0.1323287500000032,0.05,0.2,9148,
dense_1_far_02,dense,1,far,8,False,False,False,0.009420999999676383,0.006479999999697839,0.09005012300000324,0.05,0.2,0,"small_core,vehicle_core"
dense_1_far_03,dense,1,far,1,True,True,True,38.06518499999889,5.135089999999565,0.1138948449999888,0.05,0.2,9148,
dense_1_far_03,dense,1,far,8,False,False,False,0.011366999999040672,0.008996000000038862,0.07071493299998942,0.05,0.2,0,"small_core,vehicle_core"
dense_1_far_04,dense,1,far,1,True,True,True,40.14016700000056,5.114745000000198,0.11388785100000164,0.05,0.2,9148,
dense_1_far_04,dense,1,far,8,False,False,False,0.012659000001136178,0.009903000000477391,0.06865550100000249,0.05,0.2,0,"small_core,vehicle_core"
dense_1_far_05,dense,1,far,1,True,True,True,45.439666000000045,5.5512679999996095,0.11765434000000717,0.05,0.2,9148,
dense_1_far_05,dense,1,far,8,False,False,False,0.009090999999017413,0.007113000000558145,0.06667961000000709,0.05,0.2,0,"small_core,vehicle_core"
dense_1_far_06,dense,1,far,1,True,True,True,42.96191500000113,6.247112000000499,0.1118665100000009,0.05,0.2,9148,
dense_1_far_06,dense,1,far,8,False,False,False,0.01016699999922821,0.007901000000032354,0.06267555099999854,0.05,0.2,0,"small_core,vehicle_core"
dense_1_far_07,dense,1,far,1,True,True,True,45.14877599999956,5.484955000000014,0.11469752499999551,0.05,0.2,9148,
dense_1_far_07,dense,1,far,8,False,False,False,0.011975999999691567,0.009813000000136185,0.06408558299999577,0.05,0.2,0,"small_core,vehicle_core"
dense_1_far_08,dense,1,far,1,True,True,True,41.915729999999485,5.355886000000254,0.13094397599999794,0.05,0.2,9148,
dense_1_far_08,dense,1,far,8,False,False,False,0.012036999999409659,0.009041999998515848,0.08369343899999614,0.05,0.2,0,"small_core,vehicle_core"
dense_1_far_09,dense,1,far,1,True,True,True,40.00666199999969,4.167863999999355,0.12250072900000618,0.05,0.2,9148,
dense_1_far_09,dense,1,far,8,False,False,False,0.012192999999882659,0.00908399999843823,0.07834748000000545,0.05,0.2,0,"small_core,vehicle_core"
dense_1_free_01,dense,1,free,1,True,True,True,38.82381999999929,4.651709999999198,0.11154683399999542,0.05,0.2,9150,
dense_1_free_01,dense,1,free,8,False,False,False,0.012030999998913217,0.008873000000519937,0.06809220799999637,0.05,0.2,0,"small_core,vehicle_core"
dense_1_free_02,dense,1,free,1,True,True,True,40.248460999999125,4.062081999999023,0.12733283499999756,0.05,0.2,9150,
dense_1_free_02,dense,1,free,8,False,False,False,0.009907000000808353,0.008347999999713807,0.08304054699999995,0.05,0.2,0,"small_core,vehicle_core"
dense_1_free_03,dense,1,free,1,True,True,True,37.708718000001085,5.4102799999995455,0.11385304499999947,0.05,0.2,9150,
dense_1_free_03,dense,1,free,8,False,False,False,0.010022999999748095,0.008281000001275629,0.07075235099999987,0.05,0.2,0,"small_core,vehicle_core"
dense_1_free_04,dense,1,free,1,True,True,True,39.44412699999944,4.376122000000038,0.11712559899999463,0.05,0.2,9150,
dense_1_free_04,dense,1,free,8,False,False,False,0.009006999999172649,0.006897000000449793,0.07332125399999477,0.05,0.2,0,"small_core,vehicle_core"
dense_1_free_05,dense,1,free,1,True,True,True,38.7110229999994,5.807991999999373,0.1379743979999941,0.05,0.2,9150,
dense_1_free_05,dense,1,free,8,False,False,False,0.010245000000352888,0.008180000000024279,0.0934738079999957,0.05,0.2,0,"small_core,vehicle_core"
dense_1_free_06,dense,1,free,1,True,True,True,41.125965000000875,5.114490000000416,0.1159358430000048,0.05,0.2,9150,
dense_1_free_06,dense,1,free,8,False,False,False,0.011356999999989625,0.009829999999766414,0.06971657500000326,0.05,0.2,0,"small_core,vehicle_core"
dense_1_free_07,dense,1,free,1,True,True,True,39.15517500000121,5.059147000000763,0.1098857670000055,0.05,0.2,9150,
dense_1_free_07,dense,1,free,8,False,False,False,0.017825000000470936,0.03808599999999274,0.065727356000004,0.05,0.2,0,"small_core,vehicle_core"
dense_1_free_08,dense,1,free,1,True,True,True,41.61309400000057,5.905314999999689,0.12229849099999378,0.05,0.2,9150,
dense_1_free_08,dense,1,free,8,False,False,False,0.008564999999904899,0.006952999999754184,0.07479559999999318,0.05,0.2,0,"small_core,vehicle_core"
dense_1_free_09,dense,1,free,1,True,True,True,40.1560510000003,4.621833999999936,0.1135002590000007,0.05,0.2,9150,
dense_1_free_09,dense,1,free,8,False,False,False,0.00922800000147106,0.008784000000261472,0.0687403860000022,0.05,0.2,0,"small_core,vehicle_core"
dense_1_near_00,dense,1,near,1,True,False,False,38.11348000000159,0.020454000001279837,0.13186934400000758,0.05,0.2,0,"small_core,vehicle_core"
dense_1_near_00,dense,1,near,8,False,False,False,0.007742999999393874,0.006332999999969502,0.09374948600000409,0.05,0.2,0,"small_core,vehicle_core"
dense_1_near_01,dense,1,near,1,True,False,False,41.10239499999935,0.018555000000475275,0.12572306999999625,0.05,0.2,0,"small_core,vehicle_core"
dense_1_near_01,dense,1,near,8,False,False,False,0.005370000000226582,0.004060999998500847,0.08461155099999516,0.05,0.2,0,"small_core,vehicle_core"
dense_1_near_02,dense,1,near,1,True,False,False,39.92707799999984,0.015300000001161607,0.11769906599999878,0.05,0.2,0,"small_core,vehicle_core"
dense_1_near_02,dense,1,near,8,False,False,False,0.005571000000870185,0.004038000000150532,0.0777662969999988,0.05,0.2,0,"small_core,vehicle_core"
dense_1_near_03,dense,1,near,1,True,False,False,40.31072899999977,0.015751999999480404,0.11181535200000291,0.05,0.2,0,"small_core,vehicle_core"
dense_1_near_03,dense,1,near,8,False,False,False,0.005257999999841445,0.0037300000013118506,0.07149785900000481,0.05,0.2,0,"small_core,vehicle_core"
dense_1_near_04,dense,1,near,1,True,False,False,39.89138699999906,0.019657999999367348,0.12245835200000109,0.05,0.2,0,"small_core,vehicle_core"
dense_1_near_04,dense,1,near,8,False,False,False,0.007220000000529581,0.005028000000351085,0.08255955500000355,0.05,0.2,0,"small_core,vehicle_core"
dense_1_near_05,dense,1,near,1,True,False,False,40.28873799999921,0.019488000001288697,0.11997919499999597,0.05,0.2,0,"small_core,vehicle_core"
dense_1_near_05,dense,1,near,8,False,False,False,0.005551999999298118,0.004005000000972814,0.07968052599999574,0.05,0.2,0,"small_core,vehicle_core"
dense_1_near_06,dense,1,near,1,True,False,False,40.73773000000003,0.017901999999736518,0.10558343499998955,0.05,0.2,0,"small_core,vehicle_core"
dense_1_near_06,dense,1,near,8,False,False,False,0.006733999999397611,0.0051769999984685455,0.06483971399998766,0.05,0.2,0,"small_core,vehicle_core"
dense_1_near_07,dense,1,near,1,True,False,False,39.04205800000149,0.018207000000103335,0.11952350299999857,0.05,0.2,0,"small_core,vehicle_core"
dense_1_near_07,dense,1,near,8,False,False,False,0.005593000000914117,0.003798999999915509,0.08047262999999781,0.05,0.2,0,"small_core,vehicle_core"
dense_1_near_08,dense,1,near,1,True,False,False,38.17075999999986,0.01449400000019807,0.1265245030000046,0.05,0.2,0,"small_core,vehicle_core"
dense_1_near_08,dense,1,near,8,False,False,False,0.005007000000389894,0.003438000000244301,0.08834769400000518,0.05,0.2,0,"small_core,vehicle_core"
dense_1_near_09,dense,1,near,1,True,False,False,38.256324000000674,0.01821299999882342,0.09710885899999909,0.05,0.2,0,"small_core,vehicle_core"
dense_1_near_09,dense,1,near,8,False,False,False,0.005375000000640284,0.003798999999915509,0.05884349600000015,0.05,0.2,0,"small_core,vehicle_core"
