config,method,cold_ms
uniform,edf,0.008772
uniform,normalized_age,0.007969
uniform,long_first_cycle,0.007144
uniform,group_refresh,0.006711
uniform,deterministic_mpc3,0.075872
uniform,stochastic_mpc3,0.097646
uniform,stochastic_mpc6,0.550015
heterogeneous,edf,0.012797
heterogeneous,normalized_age,0.007934
heterogeneous,long_first_cycle,0.007639
heterogeneous,group_refresh,0.008701
heterogeneous,deterministic_mpc3,0.132694
heterogeneous,stochastic_mpc3,0.097825
heterogeneous,stochastic_mpc6,0.626283
three_regions,edf,0.007288
three_regions,normalized_age,0.00444
three_regions,long_first_cycle,0.009059
three_regions,group_refresh,0.007523
three_regions,deterministic_mpc3,0.191671
three_regions,stochastic_mpc3,0.230428
three_regions,stochastic_mpc6,1.927911
impossible,edf,0.005083
impossible,normalized_age,0.004509
impossible,long_first_cycle,0.005882
impossible,group_refresh,0.004468
impossible,deterministic_mpc3,0.055471
impossible,stochastic_mpc3,0.073521
impossible,stochastic_mpc6,0.119643
lossy,edf,0.025442
lossy,normalized_age,0.00403
lossy,long_first_cycle,0.0072
lossy,group_refresh,0.00601
lossy,deterministic_mpc3,0.078792
lossy,stochastic_mpc3,0.095338
lossy,stochastic_mpc6,0.364345
reliable,edf,0.004642
reliable,normalized_age,0.00397
reliable,long_first_cycle,0.006269
reliable,group_refresh,0.00449
reliable,deterministic_mpc3,0.077508
reliable,stochastic_mpc3,0.071595
reliable,stochastic_mpc6,0.278241
guard_two,edf,0.004232
guard_two,normalized_age,0.003418
guard_two,long_first_cycle,0.00595
guard_two,group_refresh,0.004728
guard_two,deterministic_mpc3,0.076599
guard_two,stochastic_mpc3,0.090918
guard_two,stochastic_mpc6,0.443772
service_two,edf,0.004294
service_two,normalized_age,0.006954
service_two,long_first_cycle,0.006059
service_two,group_refresh,0.004679
service_two,deterministic_mpc3,0.162946
service_two,stochastic_mpc3,0.079672
service_two,stochastic_mpc6,0.221323
switch_required,edf,0.00458
switch_required,normalized_age,0.004056
switch_required,long_first_cycle,0.005935
switch_required,group_refresh,0.004824
switch_required,deterministic_mpc3,0.147244
switch_required,stochastic_mpc3,0.327521
switch_required,stochastic_mpc6,2.562844
ttl_overestimate_one,edf,0.004673
ttl_overestimate_one,normalized_age,0.004061
ttl_overestimate_one,long_first_cycle,0.006095
ttl_overestimate_one,group_refresh,0.004647
ttl_overestimate_one,deterministic_mpc3,0.078406
ttl_overestimate_one,stochastic_mpc3,0.09285
ttl_overestimate_one,stochastic_mpc6,0.74576
ttl_conservative_one,edf,0.00529
ttl_conservative_one,normalized_age,0.003698
ttl_conservative_one,long_first_cycle,0.006979
ttl_conservative_one,group_refresh,0.004292
ttl_conservative_one,deterministic_mpc3,0.093186
ttl_conservative_one,stochastic_mpc3,0.09556
ttl_conservative_one,stochastic_mpc6,0.375226
