config,baseline,metric,seeds,diff,ci_low,ci_high
uniform,edf,valid_fraction,500,-0.0010333333333333319,-0.0015666666666666646,-0.0005666666666666651
uniform,edf,false_valid_fraction,500,0.0,0.0,0.0
uniform,normalized_age,valid_fraction,500,-0.0010333333333333319,-0.001566666666666665,-0.0005666666666666651
uniform,normalized_age,false_valid_fraction,500,0.0,0.0,0.0
uniform,long_first_cycle,valid_fraction,500,0.010066666666666658,0.00856666666666666,0.011633333333333322
uniform,long_first_cycle,false_valid_fraction,500,0.0,0.0,0.0
uniform,group_refresh,valid_fraction,500,0.04916666666666664,0.046099999999999974,0.05223416666666665
uniform,group_refresh,false_valid_fraction,500,0.0,0.0,0.0
uniform,deterministic_mpc3,valid_fraction,500,0.04916666666666664,0.04613333333333331,0.052333333333333315
uniform,deterministic_mpc3,false_valid_fraction,500,0.0,0.0,0.0
uniform,stochastic_mpc6,valid_fraction,500,-0.0010333333333333319,-0.0015666666666666637,-0.0005666666666666651
uniform,stochastic_mpc6,false_valid_fraction,500,0.0,0.0,0.0
heterogeneous,edf,valid_fraction,500,0.13,0.12726666666666664,0.13276666666666664
heterogeneous,edf,false_valid_fraction,500,0.0,0.0,0.0
heterogeneous,normalized_age,valid_fraction,500,0.1419333333333333,0.1388333333333333,0.14509999999999998
heterogeneous,normalized_age,false_valid_fraction,500,0.0,0.0,0.0
heterogeneous,long_first_cycle,valid_fraction,500,0.2562,0.25319916666666664,0.25909999999999994
heterogeneous,long_first_cycle,false_valid_fraction,500,0.0,0.0,0.0
heterogeneous,group_refresh,valid_fraction,500,0.0,0.0,0.0
heterogeneous,group_refresh,false_valid_fraction,500,0.0,0.0,0.0
heterogeneous,deterministic_mpc3,valid_fraction,500,0.0,0.0,0.0
heterogeneous,deterministic_mpc3,false_valid_fraction,500,0.0,0.0,0.0
heterogeneous,stochastic_mpc6,valid_fraction,500,0.0,0.0,0.0
heterogeneous,stochastic_mpc6,false_valid_fraction,500,0.0,0.0,0.0
three_regions,edf,valid_fraction,500,0.10366666666666666,0.09789999999999999,0.10956666666666665
three_regions,edf,false_valid_fraction,500,0.0,0.0,0.0
three_regions,normalized_age,valid_fraction,500,0.05236666666666666,0.046532499999999984,0.05839999999999999
three_regions,normalized_age,false_valid_fraction,500,0.0,0.0,0.0
three_regions,long_first_cycle,valid_fraction,500,0.13506666666666667,0.1293325,0.14080166666666666
three_regions,long_first_cycle,false_valid_fraction,500,0.0,0.0,0.0
three_regions,group_refresh,valid_fraction,500,0.12443333333333331,0.11883333333333333,0.12986666666666666
three_regions,group_refresh,false_valid_fraction,500,0.0,0.0,0.0
three_regions,deterministic_mpc3,valid_fraction,500,0.0,0.0,0.0
three_regions,deterministic_mpc3,false_valid_fraction,500,0.0,0.0,0.0
three_regions,stochastic_mpc6,valid_fraction,500,0.0,0.0,0.0
three_regions,stochastic_mpc6,false_valid_fraction,500,0.0,0.0,0.0
impossible,edf,valid_fraction,500,0.0,0.0,0.0
impossible,edf,false_valid_fraction,500,0.0,0.0,0.0
impossible,normalized_age,valid_fraction,500,0.0,0.0,0.0
impossible,normalized_age,false_valid_fraction,500,0.0,0.0,0.0
impossible,long_first_cycle,valid_fraction,500,0.0,0.0,0.0
impossible,long_first_cycle,false_valid_fraction,500,0.0,0.0,0.0
impossible,group_refresh,valid_fraction,500,0.0,0.0,0.0
impossible,group_refresh,false_valid_fraction,500,0.0,0.0,0.0
impossible,deterministic_mpc3,valid_fraction,500,0.0,0.0,0.0
impossible,deterministic_mpc3,false_valid_fraction,500,0.0,0.0,0.0
impossible,stochastic_mpc6,valid_fraction,500,0.0,0.0,0.0
impossible,stochastic_mpc6,false_valid_fraction,500,0.0,0.0,0.0
lossy,edf,valid_fraction,500,0.11663333333333334,0.11253333333333333,0.12053333333333333
lossy,edf,false_valid_fraction,500,0.0,0.0,0.0
lossy,normalized_age,valid_fraction,500,0.14063333333333336,0.13616666666666669,0.14493416666666667
lossy,normalized_age,false_valid_fraction,500,0.0,0.0,0.0
lossy,long_first_cycle,valid_fraction,500,0.1938666666666667,0.18960000000000002,0.19826666666666667
lossy,long_first_cycle,false_valid_fraction,500,0.0,0.0,0.0
lossy,group_refresh,valid_fraction,500,0.0,0.0,0.0
lossy,group_refresh,false_valid_fraction,500,0.0,0.0,0.0
lossy,deterministic_mpc3,valid_fraction,500,0.0,0.0,0.0
lossy,deterministic_mpc3,false_valid_fraction,500,0.0,0.0,0.0
lossy,stochastic_mpc6,valid_fraction,500,0.0,0.0,0.0
lossy,stochastic_mpc6,false_valid_fraction,500,0.0,0.0,0.0
reliable,edf,valid_fraction,500,0.13333333333333336,0.13333333333333336,0.13333333333333336
reliable,edf,false_valid_fraction,500,0.0,0.0,0.0
reliable,normalized_age,valid_fraction,500,0.13333333333333336,0.13333333333333336,0.13333333333333336
reliable,normalized_age,false_valid_fraction,500,0.0,0.0,0.0
reliable,long_first_cycle,valid_fraction,500,0.29999999999999993,0.29999999999999993,0.29999999999999993
reliable,long_first_cycle,false_valid_fraction,500,0.0,0.0,0.0
reliable,group_refresh,valid_fraction,500,0.0,0.0,0.0
reliable,group_refresh,false_valid_fraction,500,0.0,0.0,0.0
reliable,deterministic_mpc3,valid_fraction,500,0.0,0.0,0.0
reliable,deterministic_mpc3,false_valid_fraction,500,0.0,0.0,0.0
reliable,stochastic_mpc6,valid_fraction,500,0.8,0.8,0.8
reliable,stochastic_mpc6,false_valid_fraction,500,0.0,0.0,0.0
guard_two,edf,valid_fraction,500,0.12966666666666662,0.12693333333333331,0.13236666666666663
guard_two,edf,false_valid_fraction,500,0.0,0.0,0.0
guard_two,normalized_age,valid_fraction,500,0.1419333333333333,0.13879916666666664,0.14506749999999996
guard_two,normalized_age,false_valid_fraction,500,0.0,0.0,0.0
guard_two,long_first_cycle,valid_fraction,500,0.2562,0.25329999999999997,0.25916666666666666
guard_two,long_first_cycle,false_valid_fraction,500,0.0,0.0,0.0
guard_two,group_refresh,valid_fraction,500,0.0,0.0,0.0
guard_two,group_refresh,false_valid_fraction,500,0.0,0.0,0.0
guard_two,deterministic_mpc3,valid_fraction,500,0.0,0.0,0.0
guard_two,deterministic_mpc3,false_valid_fraction,500,0.0,0.0,0.0
guard_two,stochastic_mpc6,valid_fraction,500,0.0,0.0,0.0
guard_two,stochastic_mpc6,false_valid_fraction,500,0.0,0.0,0.0
service_two,edf,valid_fraction,500,0.16613333333333333,0.16333249999999996,0.16896666666666665
service_two,edf,false_valid_fraction,500,0.0,0.0,0.0
service_two,normalized_age,valid_fraction,500,0.16613333333333333,0.16339916666666665,0.16896750000000002
service_two,normalized_age,false_valid_fraction,500,0.0,0.0,0.0
service_two,long_first_cycle,valid_fraction,500,0.1695333333333333,0.1662,0.1727
service_two,long_first_cycle,false_valid_fraction,500,0.0,0.0,0.0
service_two,group_refresh,valid_fraction,500,0.0,0.0,0.0
service_two,group_refresh,false_valid_fraction,500,0.0,0.0,0.0
service_two,deterministic_mpc3,valid_fraction,500,0.0,0.0,0.0
service_two,deterministic_mpc3,false_valid_fraction,500,0.0,0.0,0.0
service_two,stochastic_mpc6,valid_fraction,500,0.0,0.0,0.0
service_two,stochastic_mpc6,false_valid_fraction,500,0.0,0.0,0.0
switch_required,edf,valid_fraction,500,0.02963333333333333,0.02623333333333333,0.03289999999999999
switch_required,edf,false_valid_fraction,500,0.0,0.0,0.0
switch_required,normalized_age,valid_fraction,500,-0.0004999999999999953,-0.0031674999999999967,0.002200000000000006
switch_required,normalized_age,false_valid_fraction,500,0.0,0.0,0.0
switch_required,long_first_cycle,valid_fraction,500,0.06889999999999998,0.06433333333333333,0.07346666666666667
switch_required,long_first_cycle,false_valid_fraction,500,0.0,0.0,0.0
switch_required,group_refresh,valid_fraction,500,0.16793333333333332,0.16433333333333333,0.1716
switch_required,group_refresh,false_valid_fraction,500,0.0,0.0,0.0
switch_required,deterministic_mpc3,valid_fraction,500,0.01893333333333333,0.016599999999999993,0.02133333333333333
switch_required,deterministic_mpc3,false_valid_fraction,500,0.0,0.0,0.0
switch_required,stochastic_mpc6,valid_fraction,500,-0.0028999999999999968,-0.004366666666666664,-0.0014666666666666634
switch_required,stochastic_mpc6,false_valid_fraction,500,0.0,0.0,0.0
ttl_overestimate_one,edf,valid_fraction,500,0.07309999999999998,0.07019999999999998,0.07606666666666664
ttl_overestimate_one,edf,false_valid_fraction,500,-0.043,-0.04646666666666666,-0.0395
ttl_overestimate_one,normalized_age,valid_fraction,500,0.015999999999999997,0.013266666666666666,0.018833333333333334
ttl_overestimate_one,normalized_age,false_valid_fraction,500,-0.01303333333333333,-0.015534166666666665,-0.010499999999999999
ttl_overestimate_one,long_first_cycle,valid_fraction,500,0.19963333333333333,0.19646666666666668,0.20273333333333335
ttl_overestimate_one,long_first_cycle,false_valid_fraction,500,-0.14473333333333335,-0.14863333333333337,-0.1405
ttl_overestimate_one,group_refresh,valid_fraction,500,0.31739999999999996,0.314,0.3208333333333333
ttl_overestimate_one,group_refresh,false_valid_fraction,500,-0.24830000000000005,-0.2541333333333334,-0.24273333333333336
ttl_overestimate_one,deterministic_mpc3,valid_fraction,500,0.311,0.3074,0.31470000000000004
ttl_overestimate_one,deterministic_mpc3,false_valid_fraction,500,-0.26326666666666665,-0.26830083333333343,-0.2580666666666667
ttl_overestimate_one,stochastic_mpc6,valid_fraction,500,0.1787,0.17589999999999997,0.18159999999999996
ttl_overestimate_one,stochastic_mpc6,false_valid_fraction,500,-0.16893333333333332,-0.17210000000000003,-0.1656325
ttl_conservative_one,edf,valid_fraction,500,0.13,0.12739999999999999,0.13263333333333333
ttl_conservative_one,edf,false_valid_fraction,500,0.0,0.0,0.0
ttl_conservative_one,normalized_age,valid_fraction,500,0.1419333333333333,0.13879999999999998,0.1451333333333333
ttl_conservative_one,normalized_age,false_valid_fraction,500,0.0,0.0,0.0
ttl_conservative_one,long_first_cycle,valid_fraction,500,0.2562,0.2531333333333333,0.25909999999999994
ttl_conservative_one,long_first_cycle,false_valid_fraction,500,0.0,0.0,0.0
ttl_conservative_one,group_refresh,valid_fraction,500,0.0,0.0,0.0
ttl_conservative_one,group_refresh,false_valid_fraction,500,0.0,0.0,0.0
ttl_conservative_one,deterministic_mpc3,valid_fraction,500,0.0,0.0,0.0
ttl_conservative_one,deterministic_mpc3,false_valid_fraction,500,0.0,0.0,0.0
ttl_conservative_one,stochastic_mpc6,valid_fraction,500,0.0,0.0,0.0
ttl_conservative_one,stochastic_mpc6,false_valid_fraction,500,0.0,0.0,0.0
