config,method,valid_fraction,false_valid_fraction,claimed_fraction,sent_messages,modeled_bytes,scheduling_p99_ms
uniform,edf,0.9790666666666664,0.0,0.9790666666666664,60.0,4320.0,0.002190720479999993
uniform,normalized_age,0.9790666666666664,0.0,0.9790666666666664,60.0,4320.0,0.0024404931999999916
uniform,long_first_cycle,0.9679666666666664,0.0,0.9679666666666664,60.0,4320.0,0.0016378583599999954
uniform,group_refresh,0.9288666666666665,0.0,0.9288666666666665,26.392,1900.224,0.001464432539999997
uniform,deterministic_mpc3,0.9288666666666665,0.0,0.9288666666666665,26.392,1900.224,0.0018958803999999945
uniform,stochastic_mpc3,0.9780333333333331,0.0,0.9780333333333331,42.314,3046.608,0.0021651952799999936
uniform,stochastic_mpc6,0.9790666666666664,0.0,0.9790666666666664,60.0,4320.0,0.0033203299999999933
heterogeneous,edf,0.5705666666666666,0.0,0.5705666666666666,60.0,4320.0,0.0032191193799999906
heterogeneous,normalized_age,0.5586333333333333,0.0,0.5586333333333333,60.0,4320.0,0.003399496159999992
heterogeneous,long_first_cycle,0.4443666666666668,0.0,0.4443666666666668,60.0,4320.0,0.0029332443999999947
heterogeneous,group_refresh,0.7005666666666666,0.0,0.7005666666666666,60.0,4320.0,0.004028825939999992
heterogeneous,deterministic_mpc3,0.7005666666666666,0.0,0.7005666666666666,60.0,4320.0,0.0026439723399999957
heterogeneous,stochastic_mpc3,0.7005666666666666,0.0,0.7005666666666666,60.0,4320.0,0.0026344342799999934
heterogeneous,stochastic_mpc6,0.7005666666666666,0.0,0.7005666666666666,60.0,4320.0,0.0025348981999999943
three_regions,edf,0.5285,0.0,0.5285,60.0,4320.0,0.0031567144399999927
three_regions,normalized_age,0.5798,0.0,0.5798,60.0,4320.0,0.00401466481999999
three_regions,long_first_cycle,0.49710000000000004,0.0,0.49710000000000004,60.0,4320.0,0.0028527477999999934
three_regions,group_refresh,0.5077333333333334,0.0,0.5077333333333334,50.25,3618.0,0.0032004960599999925
three_regions,deterministic_mpc3,0.6321666666666667,0.0,0.6321666666666667,60.0,4320.0,0.0027632419199999925
three_regions,stochastic_mpc3,0.6321666666666667,0.0,0.6321666666666667,60.0,4320.0,0.0027658126599999925
three_regions,stochastic_mpc6,0.6321666666666667,0.0,0.6321666666666667,60.0,4320.0,0.0030936974799999923
impossible,edf,0.0,0.0,0.0,60.0,4320.0,0.0011762524399999972
impossible,normalized_age,0.0,0.0,0.0,60.0,4320.0,0.0014574246599999966
impossible,long_first_cycle,0.0,0.0,0.0,60.0,4320.0,0.0010190096599999978
impossible,group_refresh,0.0,0.0,0.0,60.0,4320.0,0.0016040981999999964
impossible,deterministic_mpc3,0.0,0.0,0.0,0.0,0.0,0.0008661404999999982
impossible,stochastic_mpc3,0.0,0.0,0.0,0.0,0.0,0.0009780060999999974
impossible,stochastic_mpc6,0.0,0.0,0.0,0.0,0.0,0.0008791907599999982
lossy,edf,0.3932333333333333,0.0,0.3932333333333333,60.0,4320.0,0.0011821203999999974
lossy,normalized_age,0.36923333333333336,0.0,0.36923333333333336,60.0,4320.0,0.0013704736599999975
lossy,long_first_cycle,0.316,0.0,0.316,60.0,4320.0,0.0011931775599999975
lossy,group_refresh,0.5098666666666667,0.0,0.5098666666666667,60.0,4320.0,0.0015236371199999965
lossy,deterministic_mpc3,0.5098666666666667,0.0,0.5098666666666667,60.0,4320.0,0.001010983899999998
lossy,stochastic_mpc3,0.5098666666666667,0.0,0.5098666666666667,60.0,4320.0,0.0010227127999999982
lossy,stochastic_mpc6,0.5098666666666667,0.0,0.5098666666666667,60.0,4320.0,0.0013227327599999973
reliable,edf,0.6666666666666665,0.0,0.6666666666666665,60.0,4320.0,0.0010761902199999977
reliable,normalized_age,0.6666666666666665,0.0,0.6666666666666665,60.0,4320.0,0.001473244259999997
reliable,long_first_cycle,0.5,0.0,0.5,60.0,4320.0,0.0011251277799999974
reliable,group_refresh,0.8,0.0,0.8,60.0,4320.0,0.0013970491199999976
reliable,deterministic_mpc3,0.8,0.0,0.8,60.0,4320.0,0.001070664039999998
reliable,stochastic_mpc3,0.8,0.0,0.8,60.0,4320.0,0.001038975199999998
reliable,stochastic_mpc6,0.0,0.0,0.0,0.0,0.0,0.0009414929999999979
guard_two,edf,0.5709,0.0,0.5709,60.0,4320.0,0.0010892643599999979
guard_two,normalized_age,0.5586333333333333,0.0,0.5586333333333333,60.0,4320.0,0.0014079964199999967
guard_two,long_first_cycle,0.4443666666666668,0.0,0.4443666666666668,60.0,4320.0,0.0011893291999999973
guard_two,group_refresh,0.7005666666666666,0.0,0.7005666666666666,60.0,4320.0,0.0015658478399999955
guard_two,deterministic_mpc3,0.7005666666666666,0.0,0.7005666666666666,60.0,4320.0,0.001028624379999998
guard_two,stochastic_mpc3,0.7005666666666666,0.0,0.7005666666666666,60.0,4320.0,0.0010866665399999976
guard_two,stochastic_mpc6,0.7005666666666666,0.0,0.7005666666666666,60.0,4320.0,0.0013672182599999971
service_two,edf,0.4087666666666667,0.0,0.4087666666666667,60.0,4320.0,0.0015191395999999946
service_two,normalized_age,0.4087666666666667,0.0,0.4087666666666667,60.0,4320.0,0.0013136185399999975
service_two,long_first_cycle,0.40536666666666665,0.0,0.40536666666666665,60.0,4320.0,0.0012134349999999967
service_two,group_refresh,0.5749,0.0,0.5749,60.0,4320.0,0.0013935653999999974
service_two,deterministic_mpc3,0.5749,0.0,0.5749,60.0,4320.0,0.0010537618999999978
service_two,stochastic_mpc3,0.5749,0.0,0.5749,60.0,4320.0,0.0010313879199999978
service_two,stochastic_mpc6,0.5749,0.0,0.5749,60.0,4320.0,0.0009616922799999983
switch_required,edf,0.8780333333333333,0.0,0.8780333333333333,60.0,4320.0,0.001222001359999997
switch_required,normalized_age,0.9081666666666668,0.0,0.9081666666666668,60.0,4320.0,0.0013911987399999972
switch_required,long_first_cycle,0.8387666666666667,0.0,0.8387666666666667,60.0,4320.0,0.001049060379999998
switch_required,group_refresh,0.7397333333333334,0.0,0.7397333333333334,38.196,2750.112,0.0015393738599999963
switch_required,deterministic_mpc3,0.8887333333333334,0.0,0.8887333333333334,48.65,3502.8,0.001979058819999995
switch_required,stochastic_mpc3,0.9076666666666667,0.0,0.9076666666666667,60.0,4320.0,0.002187544299999995
switch_required,stochastic_mpc6,0.9105666666666667,0.0,0.9105666666666667,60.0,4320.0,0.0030524641799999936
ttl_overestimate_one,edf,0.5709,0.3390333333333333,0.9099333333333334,60.0,4320.0,0.0011882841399999972
ttl_overestimate_one,normalized_age,0.628,0.3090666666666666,0.9370666666666666,60.0,4320.0,0.0013796665799999971
ttl_overestimate_one,long_first_cycle,0.4443666666666668,0.4407666666666667,0.8851333333333332,60.0,4320.0,0.001111055479999998
ttl_overestimate_one,group_refresh,0.32659999999999995,0.5443333333333333,0.8709333333333334,40.692,2929.824,0.001441619959999997
ttl_overestimate_one,deterministic_mpc3,0.333,0.5592999999999999,0.8923,41.876,3015.072,0.001031684079999998
ttl_overestimate_one,stochastic_mpc3,0.644,0.2960333333333333,0.9400333333333333,60.0,4320.0,0.001204724179999997
ttl_overestimate_one,stochastic_mpc6,0.46530000000000005,0.4649666666666667,0.9302666666666667,60.0,4320.0,0.0017026360399999966
ttl_conservative_one,edf,0.5705666666666666,0.0,0.5705666666666666,60.0,4320.0,0.0011763743199999972
ttl_conservative_one,normalized_age,0.5586333333333333,0.0,0.5586333333333333,60.0,4320.0,0.0015567165199999971
ttl_conservative_one,long_first_cycle,0.4443666666666668,0.0,0.4443666666666668,60.0,4320.0,0.0011314743999999975
ttl_conservative_one,group_refresh,0.7005666666666666,0.0,0.7005666666666666,60.0,4320.0,0.0015237032599999963
ttl_conservative_one,deterministic_mpc3,0.7005666666666666,0.0,0.7005666666666666,60.0,4320.0,0.0011266593199999973
ttl_conservative_one,stochastic_mpc3,0.7005666666666666,0.0,0.7005666666666666,60.0,4320.0,0.0010888023999999978
ttl_conservative_one,stochastic_mpc6,0.7005666666666666,0.0,0.7005666666666666,60.0,4320.0,0.0011250137399999984
