step,frame,sim_time,go,speed_mps,x,y,distance_m,obs_A,obs_B,points_A,points_B,all_vehicle_points_A,all_vehicle_points_B,seen_vehicle_ids_A,seen_vehicle_ids_B,evidence_A,evidence_B,bytes_sent,loop_ms,tick_ms,obstacle_present
0,138238,0.0,0,0.15056173503417905,-24.33677864074707,-57.78562545776367,0.010491181164979935,free,free,0,0,2,0,12,,unknown,unknown,0,26.77897608373314,3.2801360357552767,0
1,138239,0.05,0,0.23337177932264003,-24.33677864074707,-57.78562545776367,0.0223749540746212,free,free,0,0,2,0,12,,unknown,unknown,0,22.642348892986774,4.946301924064755,0
2,138240,0.1,0,0.23370629549037508,-24.33677864074707,-57.78562545776367,0.03316078335046768,free,free,0,0,2,0,12,,unknown,unknown,0,25.479002040810883,2.25358793977648,0
3,138241,0.15000000000000002,0,0.2014345079660584,-24.33677864074707,-57.78562545776367,0.04201774671673775,free,free,0,0,2,0,12,,unknown,unknown,0,26.1826979694888,2.0238979486748576,0
4,138242,0.2,0,0.1607651710511212,-24.33677864074707,-57.78562545776367,0.0488852309063077,free,free,0,0,2,0,12,,unknown,unknown,0,22.612103959545493,2.9351660050451756,0
5,138243,0.25,0,0.12242048233758167,-24.33677864074707,-57.78562545776367,0.054015121422708035,free,free,0,0,2,0,12,,unknown,unknown,0,28.626152081415057,5.173973040655255,0
6,138244,0.30000000000000004,0,0.09030927717707815,-24.33677864074707,-57.78562545776367,0.057747840881347656,free,free,0,0,2,0,12,,unknown,unknown,0,25.15701891388744,4.844917915761471,0
7,138245,0.35000000000000003,0,0.06511106342089909,-24.33677864074707,-57.78562545776367,0.06041149143129587,free,free,0,0,2,0,12,,unknown,unknown,0,22.99029298592359,4.881226923316717,0
8,138246,0.4,0,0.04613714292651823,-24.33677864074707,-57.78562545776367,0.06228374480269849,free,free,0,0,2,0,12,,unknown,unknown,0,29.22337898053229,2.203105017542839,0
9,138247,0.45,0,0.032248906791259586,-24.33677864074707,-57.78562545776367,0.06358406064100564,free,free,0,0,2,0,12,,unknown,unknown,0,22.914704051800072,3.571597975678742,0
10,138248,0.5,0,0.022295303643467348,-24.33677864074707,-57.78562545776367,0.06447822565678507,free,free,0,0,2,0,12,,unknown,unknown,0,25.167676038108766,2.0235900301486254,0
11,138249,0.55,0,0.015275096520931258,-24.33677864074707,-57.78562545776367,0.06508815760025755,free,free,0,0,2,0,12,,unknown,unknown,0,23.34590908139944,4.166072001680732,0
12,138250,0.6000000000000001,0,0.010385990143041595,-24.33677864074707,-57.78562545776367,0.06550125108333305,free,free,0,0,2,0,12,,unknown,unknown,0,26.42520295921713,2.1004800219088793,0
13,138251,0.65,0,0.007016105587945027,-24.33677864074707,-57.78562545776367,0.06577941885916516,free,free,0,0,2,0,12,,unknown,unknown,0,28.925081016495824,3.318442963063717,0
14,138252,0.7000000000000001,0,0.004713115751707274,-24.33677864074707,-57.78562545776367,0.06596572865964845,free,free,0,0,2,0,12,,unknown,unknown,0,27.051102952100337,2.8393729589879513,0
15,138253,0.75,0,0.003150796752047096,-24.33677864074707,-57.78562545776367,0.0660512542235665,free,free,0,0,2,0,12,,unknown,unknown,0,27.482243021950126,4.421868943609297,0
16,138254,0.8,0,0.0005031395147287439,-24.33677864074707,-57.78562545776367,0.06609176628990099,free,free,0,0,2,0,12,,unknown,unknown,0,20.657759974710643,3.2074219780042768,0
17,138255,0.8500000000000001,0,0.0009384155273953972,-24.33677864074707,-57.78562545776367,0.06614097586134449,free,free,0,0,2,0,12,,unknown,unknown,0,24.244660045951605,2.4289300199598074,0
18,138256,0.9,0,0.0009806156158468466,-24.33677864074707,-57.78562545776367,0.06618675222853199,free,free,0,0,2,0,12,,unknown,unknown,0,26.841563056223094,3.067020094022155,0
19,138257,0.9500000000000001,0,0.0008594322135025857,-24.33677864074707,-57.78562545776367,0.06622489920118824,free,free,0,0,2,0,12,,unknown,unknown,0,21.109831985086203,5.134387058205903,0
20,138258,1.0,0,0.0006942653563754071,-24.33677864074707,-57.78562545776367,0.06625461572548375,free,free,0,0,2,0,12,,unknown,unknown,0,29.961452935822308,2.0265839993953705,0
21,138259,1.05,0,0.000532045378999041,-24.33677864074707,-57.78562545776367,0.06627700797980651,free,free,0,0,2,0,12,,unknown,unknown,0,21.127862040884793,4.697263007983565,0
22,138260,1.1,0,0.00039487838768064636,-24.33677864074707,-57.78562545776367,0.06629333487944677,free,free,0,0,2,0,12,,unknown,unknown,0,21.21042099315673,2.204935997724533,0
23,138261,1.1500000000000001,0,0.0002861499767317435,-24.33677864074707,-57.78562545776367,0.06630504602799192,free,free,0,0,2,0,12,,unknown,unknown,0,27.391252922825515,2.4875879753381014,0
24,138262,1.2000000000000002,0,0.00020293235168603366,-24.33677864074707,-57.78562545776367,0.06630748737370595,free,free,0,0,2,0,12,,unknown,unknown,0,28.129610000178218,3.852949943393469,0
25,138263,1.25,0,7.53403045524338e-05,-24.33677864074707,-57.78562545776367,0.06631191243650392,free,free,0,0,2,0,12,,unknown,unknown,0,26.02173003833741,4.774905974045396,0
26,138264,1.3,0,9.057998250369205e-05,-24.33677864074707,-57.78562545776367,0.06631629931507632,free,free,0,0,2,0,12,,unknown,unknown,0,27.380191022530198,4.40773309674114,0
27,138265,1.35,0,8.437156844332328e-05,-24.33677864074707,-57.78562545776367,0.06632007594453171,free,free,0,0,2,0,12,,unknown,unknown,0,25.782714947126806,2.8350979555398226,0
28,138266,1.4000000000000001,0,7.037162954977683e-05,-24.33677864074707,-57.78562545776367,0.06632312765577808,free,free,0,0,2,0,12,,unknown,unknown,0,25.357962935231626,4.264535964466631,0
29,138267,1.4500000000000002,0,5.568506254883602e-05,-24.33677864074707,-57.78562545776367,0.06632545456523076,free,free,0,0,2,0,12,,unknown,unknown,0,26.789102936163545,5.45173604041338,0
30,138268,1.5,0,4.161834674842499e-05,-24.33677864074707,-57.78562545776367,0.06632717122556642,free,free,0,0,2,0,12,,unknown,unknown,0,23.354029981419444,3.966672928072512,0
31,138269,1.55,0,3.049850421138156e-05,-24.33677864074707,-57.78562545776367,0.06632846820866689,free,free,0,0,2,0,12,,unknown,unknown,0,26.853163028135896,4.570835968479514,0
32,138270,1.6,0,2.1247862646069234e-05,-24.33677864074707,-57.78562545776367,0.06632846820866689,free,free,0,0,2,0,12,,unknown,unknown,0,26.87525493092835,2.758614020422101,0
33,138271,1.6500000000000001,0,4.253396649367994e-06,-24.33677864074707,-57.78562545776367,0.06632846820866689,free,free,0,0,2,0,12,,unknown,unknown,0,27.987455017864704,4.429245018400252,0
34,138272,1.7000000000000002,0,8.182530622814192e-06,-24.33677864074707,-57.78562545776367,0.06632968893973157,free,free,0,0,2,0,12,,unknown,unknown,0,26.425161981023848,2.2363660391420126,0
35,138273,1.75,0,8.230213847382584e-06,-24.33677864074707,-57.78562545776367,0.06632968893973157,free,free,0,0,2,0,12,,unknown,unknown,0,27.94866100884974,4.840206005610526,0
36,138274,1.8,0,7.972723162907386e-06,-24.33677864074707,-57.78562545776367,0.06632968893973157,free,free,0,0,2,0,12,,unknown,unknown,0,25.869310018606484,2.207682002335787,0
37,138275,1.85,0,4.558570331202044e-06,-24.33677864074707,-57.78562545776367,0.06632968893973157,free,free,0,0,2,0,12,,unknown,unknown,0,29.3936770176515,4.74308303091675,0
38,138276,1.9000000000000001,0,4.673145053689044e-06,-24.33677864074707,-57.78562545776367,0.06633079523453489,free,free,0,0,2,0,12,,unknown,unknown,0,26.74423495773226,3.832182032056153,0
39,138277,1.9500000000000002,0,3.872103893008091e-06,-24.33677864074707,-57.78562545776367,0.06633079523453489,free,free,0,0,2,0,12,,unknown,unknown,0,24.9129559379071,3.381302929483354,0
40,138278,2.0,0,1.154262624087514e-06,-24.33677864074707,-57.78562545776367,0.06633079523453489,free,free,0,0,2,0,12,,unknown,unknown,0,26.98129299096763,2.789670950733125,0
41,138279,2.0500000000000003,0,0.0,-24.33677864074707,-57.78562545776367,0.06633079523453489,free,free,0,0,2,0,12,,unknown,unknown,0,22.547350963577628,3.656569984741509,0
42,138280,2.1,0,1.1062629368878186e-06,-24.33677864074707,-57.78562545776367,0.06633079523453489,free,free,0,0,2,0,12,,unknown,unknown,0,31.88310598488897,2.5258789537474513,0
43,138281,2.15,0,1.8600302086705588e-06,-24.33677864074707,-57.78562545776367,0.06633079523453489,free,free,0,0,2,0,12,,unknown,unknown,0,25.19544295500964,3.6235300358384848,0
44,138282,2.2,0,7.534072221292993e-07,-24.33677864074707,-57.78562545776367,0.06633079523453489,free,free,0,0,2,0,12,,unknown,unknown,0,26.78274200297892,1.9060909980908036,0
45,138283,2.25,0,1.4307439825315282e-06,-24.33677864074707,-57.78562545776367,0.06633079523453489,free,free,0,0,2,0,12,,unknown,unknown,0,31.491633038967848,4.589788033626974,0
46,138284,2.3000000000000003,0,1.3352319142676646e-06,-24.33677864074707,-57.78562545776367,0.06633079523453489,free,free,0,0,2,0,12,,unknown,unknown,0,29.590473044663668,4.51558199711144,0
47,138285,2.35,0,1.7547638067259065e-06,-24.33677864074707,-57.78562545776367,0.06633079523453489,free,free,0,0,2,0,12,,unknown,unknown,0,30.35546001046896,5.088943988084793,0
48,138286,2.4000000000000004,0,1.756331642225687e-06,-24.33677864074707,-57.78562545776367,0.06633079523453489,free,free,0,0,2,0,12,,unknown,unknown,0,24.87367403227836,3.002871060743928,0
49,138287,2.45,0,1.1662429879151125e-06,-24.33677864074707,-57.78562545776367,0.06633079523453489,free,free,0,0,2,0,12,,unknown,unknown,0,32.41463692393154,3.995097940787673,0
50,138288,2.5,0,1.04913852606242e-07,-24.33677864074707,-57.78562545776367,0.06633079523453489,free,free,0,0,2,0,12,,unknown,unknown,0,32.44744800031185,1.9833900732919574,0
51,138289,2.5500000000000003,0,2.861059124561738e-07,-24.33677864074707,-57.78562545776367,0.06633079523453489,free,free,0,0,2,0,12,,unknown,unknown,0,25.981207960285246,3.775985911488533,0
52,138290,2.6,0,4.0055195781519137e-07,-24.33677864074707,-57.78562545776367,0.06633079523453489,free,free,0,0,2,0,12,,unknown,unknown,0,25.110087008215487,4.208476049825549,0
53,138291,2.6500000000000004,0,4.959233500810202e-07,-24.33677864074707,-57.78562545776367,0.06633079523453489,free,free,0,0,2,0,12,,unknown,unknown,0,29.531527077779174,2.986254054121673,0
54,138292,2.7,0,1.8634869251398647e-07,-24.33677864074707,-57.78562545776367,0.06633079523453489,free,free,0,0,2,0,12,,unknown,unknown,0,27.886622003279626,4.593112040311098,0
55,138293,2.75,0,7.15264630268291e-07,-24.33677864074707,-57.78562545776367,0.06633079523453489,free,free,0,0,2,0,12,,unknown,unknown,0,25.43013996910304,1.9120089709758759,0
56,138294,2.8000000000000003,0,8.106332365382491e-07,-24.33677864074707,-57.78562545776367,0.06633079523453489,free,free,0,0,2,0,12,,unknown,unknown,0,24.245581007562578,4.0570970159024,0
57,138295,2.85,0,9.062515153016996e-07,-24.33677864074707,-57.78562545776367,0.06633079523453489,free,free,0,0,2,0,12,,unknown,unknown,0,30.35682300105691,2.0247260108590126,0
58,138296,2.9000000000000004,0,1.9115607845729474e-08,-24.33677864074707,-57.78562545776367,0.06633079523453489,free,free,0,0,2,0,12,,unknown,unknown,0,29.28070700727403,3.700150060467422,0
59,138297,2.95,0,1.1446965503619405e-07,-24.33677864074707,-57.78562545776367,0.06633079523453489,free,free,0,0,2,0,12,,unknown,unknown,0,29.075155965983868,2.0559829426929355,0
60,138298,3.0,0,2.1936040905886358e-07,-24.33677864074707,-57.78562545776367,0.06633079523453489,free,free,0,0,2,0,12,,unknown,unknown,0,30.064348015002906,2.5494350120425224,0
61,138299,3.0500000000000003,0,3.2426063567787527e-07,-24.33677864074707,-57.78562545776367,0.06633079523453489,free,free,0,0,2,0,12,,unknown,unknown,0,29.35066702775657,2.375281066633761,0
62,138300,3.1,0,4.3955925372242386e-07,-24.33677864074707,-57.78562545776367,0.06633079523453489,free,free,0,0,2,0,12,,unknown,unknown,0,30.007219058461487,4.161988967098296,0
63,138301,3.1500000000000004,0,8.494556252665269e-07,-24.33677864074707,-57.78562545776367,0.06633079523453489,free,free,0,0,2,0,12,,unknown,unknown,0,22.622135002166033,4.334807978011668,0
64,138302,3.2,0,6.395607563345222e-07,-24.33677864074707,-57.78562545776367,0.06633079523453489,free,free,0,0,2,0,12,,unknown,unknown,0,26.768526062369347,2.181889023631811,0
65,138303,3.25,0,7.438805755833372e-07,-24.33677864074707,-57.78562545776367,0.06633079523453489,free,free,0,0,2,0,12,,unknown,unknown,0,27.730925008654594,5.06024993956089,0
66,138304,3.3000000000000003,0,1.154429230455132e-06,-24.33677864074707,-57.78562545776367,0.06633079523453489,free,free,0,0,2,0,12,,unknown,unknown,0,20.80066700000316,3.69991606567055,0
67,138305,3.35,0,7.630224685680569e-08,-24.33677864074707,-57.78562545776367,0.06633079523453489,free,free,0,0,2,0,12,,unknown,unknown,0,27.235653018578887,5.216523073613644,0
68,138306,3.4000000000000004,0,1.83237986719847e-07,-24.33677864074707,-57.78562545776367,0.06633079523453489,free,free,0,0,2,0,12,,unknown,unknown,0,18.427753006108105,2.8488310053944588,0
69,138307,3.45,0,5.922527193657162e-07,-24.33677864074707,-57.78562545776367,0.06633079523453489,free,free,0,0,2,0,12,,unknown,unknown,0,25.449719047173858,5.079271970316768,0
70,138308,3.5,0,3.9199812003626855e-07,-24.33677864074707,-57.78562545776367,0.06633079523453489,free,free,0,0,2,0,12,,unknown,unknown,0,27.70368696656078,2.319524995982647,0
71,138309,3.5500000000000003,0,4.966554072856476e-07,-24.33677864074707,-57.78562545776367,0.06633079523453489,free,free,0,0,2,0,12,,unknown,unknown,0,24.59582907613367,2.907274989411235,0
72,138310,3.6,0,6.014907877727008e-07,-24.33677864074707,-57.78562545776367,0.06633079523453489,free,free,0,0,2,0,12,,unknown,unknown,0,22.026340011507273,3.331123967655003,0
73,138311,3.6500000000000004,0,7.348066219819561e-07,-24.33677864074707,-57.78562545776367,0.06633079523453489,free,free,0,0,2,0,12,,unknown,unknown,0,29.223910998553038,3.0997570138424635,0
74,138312,3.7,0,8.587742790002065e-07,-24.33677864074707,-57.78562545776367,0.06633079523453489,free,free,0,0,2,0,12,,unknown,unknown,0,26.692268904298544,4.363282932899892,0
75,138313,3.75,0,5.177831908723289e-08,-24.33677864074707,-57.78562545776367,0.06633079523453489,free,free,0,0,2,0,12,,unknown,unknown,0,26.21707203797996,3.192385076545179,0
76,138314,3.8000000000000003,0,1.812004392958954e-07,-24.33677864074707,-57.78562545776367,0.06633079523453489,free,free,0,0,2,0,12,,unknown,unknown,0,24.075655033811927,4.800438066013157,0
77,138315,3.85,0,2.95687240332665e-07,-24.33677864074707,-57.78562545776367,0.06633079523453489,free,free,0,0,2,0,12,,unknown,unknown,0,31.571827945299447,2.007419941946864,0
78,138316,3.9000000000000004,0,4.0054326458350924e-07,-24.33677864074707,-57.78562545776367,0.06633079523453489,free,free,0,0,2,0,12,,unknown,unknown,0,23.370585055090487,2.8683720156550407,0
79,138317,3.95,0,8.920503185303358e-08,-24.33677864074707,-57.78562545776367,0.06633079523453489,free,free,0,0,2,0,12,,unknown,unknown,0,28.199136024340987,2.186010009609163,0
80,138318,4.0,0,5.912781357154957e-07,-24.33677864074707,-57.78562545776367,0.06633079523453489,free,free,0,0,2,0,12,,unknown,unknown,0,25.152461021207273,2.1036099642515182,0
81,138319,4.05,0,6.866457136784485e-07,-24.33677864074707,-57.78562545776367,0.06633079523453489,free,free,0,0,2,0,12,,unknown,unknown,0,27.986638946458697,2.0664860494434834,0
82,138320,4.1000000000000005,0,7.820134313940356e-07,-24.33677864074707,-57.78562545776367,0.06633079523453489,free,free,0,0,2,0,12,,unknown,unknown,0,26.959788985550404,2.064237021841109,0
83,138321,4.15,0,0.0,-24.33677864074707,-57.78562545776367,0.06633079523453489,free,free,0,0,2,0,12,,unknown,unknown,0,29.204222024418414,4.676313954405487,0
84,138322,4.2,0,1.0491659001473747e-07,-24.33677864074707,-57.78562545776367,0.06633079523453489,free,free,0,0,2,0,12,,unknown,unknown,0,26.686196913942695,3.231801907531917,0
85,138323,4.25,0,2.09817308360211e-07,-24.33677864074707,-57.78562545776367,0.06633079523453489,free,free,0,0,2,0,12,,unknown,unknown,0,27.579585905186832,5.044660996645689,0
86,138324,4.3,0,3.1472285585002004e-07,-24.33677864074707,-57.78562545776367,0.06633079523453489,free,free,0,0,2,0,12,,unknown,unknown,0,22.37250003963709,2.1079659927636385,0
87,138325,4.3500000000000005,0,7.350492053249125e-07,-24.33677864074707,-57.78562545776367,0.06633079523453489,free,free,0,0,2,0,12,,unknown,unknown,0,30.719210975803435,4.322484950534999,0
88,138326,4.4,0,5.348007428921702e-07,-24.33677864074707,-57.78562545776367,0.06633079523453489,free,free,0,0,2,0,12,,unknown,unknown,0,27.944180998019874,1.8697429914027452,0
89,138327,4.45,0,6.39004898769019e-07,-24.33677864074707,-57.78562545776367,0.06633079523453489,free,free,0,0,2,0,12,,unknown,unknown,0,23.758205003105104,4.9886880442500114,0
90,138328,4.5,0,7.443949862455238e-07,-24.33677864074707,-57.78562545776367,0.06633079523453489,free,free,0,0,2,0,12,,unknown,unknown,0,32.18407102394849,2.155176014639437,0
91,138329,4.55,0,7.480954390527972e-07,-24.33677864074707,-57.78562545776367,0.06633079523453489,free,free,0,0,2,0,12,,unknown,unknown,0,28.17629894707352,3.304990939795971,0
92,138330,4.6000000000000005,0,5.724815582353488e-08,-24.33677864074707,-57.78562545776367,0.06633079523453489,free,free,0,0,2,0,12,,unknown,unknown,0,22.941061994060874,4.0237030480057,0
93,138331,4.65,0,1.5260629203196743e-07,-24.33677864074707,-57.78562545776367,0.06633079523453489,free,free,0,0,2,0,12,,unknown,unknown,0,22.88309996947646,1.7340070335194468,0
94,138332,4.7,0,2.575124445056079e-07,-24.33677864074707,-57.78562545776367,0.06633079523453489,free,free,0,0,2,0,12,,unknown,unknown,0,26.445448980666697,4.476511967368424,0
95,138333,4.75,0,3.5287319219368403e-07,-24.33677864074707,-57.78562545776367,0.06633079523453489,free,free,0,0,2,0,12,,unknown,unknown,0,21.985988947562873,1.6989270225167274,0
96,138334,4.800000000000001,0,4.776720494092126e-07,-24.33677864074707,-57.78562545776367,0.06633079523453489,free,free,0,0,2,0,12,,unknown,unknown,0,28.081086929887533,4.250110941939056,0
97,138335,4.8500000000000005,0,5.81778525026372e-07,-24.33677864074707,-57.78562545776367,0.06633079523453489,free,free,0,0,2,0,12,,unknown,unknown,0,26.141795911826193,5.150242010131478,0
98,138336,4.9,0,6.967590084030113e-07,-24.33677864074707,-57.78562545776367,0.06633079523453489,free,free,0,0,2,0,12,,unknown,unknown,0,27.158582932315767,2.0004339748993516,0
99,138337,4.95,0,8.106430849058101e-07,-24.33677864074707,-57.78562545776367,0.06633079523453489,free,free,0,0,2,0,12,,unknown,unknown,0,22.713830112479627,3.6655201110988855,0
