config,scenario,method,n,progress_mean,progress_std,delay_mean,unsafe_mean,bytes_mean,delivered_mean,useful_mean
burst,both_hazard,coverage_greedy,1000,0.9321142857142858,0.052543517482108656,0.394,4e-05,4800.0,78.644,7.978
burst,both_hazard,full_info,1000,1.0,0.0,0.0,0.0,0.0,0.0,0.0
burst,both_hazard,no_comm,1000,0.0,0.0,35.0,0.0,0.0,0.0,0.0
burst,both_hazard,round_robin,1000,0.9321714285714287,0.052555180000682024,0.392,4e-05,4800.0,78.644,7.978
burst,both_hazard,set_independent,1000,0.9209714285714288,0.05712314832432335,0.619,2e-05,4729.536,77.503,8.138
burst,both_hazard,set_joint,1000,0.9315428571428572,0.05304315247988751,0.395,4e-05,4787.76,78.38,8.023
burst,both_hazard,singleton_voi,1000,0.9321142857142858,0.052543517482108656,0.394,4e-05,4800.0,78.644,7.978
burst,free,coverage_greedy,1000,0.9318600000000001,0.04295096256412869,0.361,0.0,4800.0,78.56,7.191
burst,free,full_info,1000,1.0,0.0,0.0,0.0,0.0,0.0,0.0
burst,free,no_comm,1000,0.0,0.0,50.0,0.0,0.0,0.0,0.0
burst,free,round_robin,1000,0.93186,0.042904325902887466,0.361,0.0,4800.0,78.56,7.184
burst,free,set_independent,1000,0.9254,0.04660699745974001,0.561,0.0,4725.6,77.272,7.343
burst,free,set_joint,1000,0.93198,0.042730615552616424,0.358,0.0,4787.04,78.396,7.242
burst,free,singleton_voi,1000,0.9318600000000001,0.04295096256412869,0.361,0.0,4800.0,78.56,7.191
burst,hazard_a,coverage_greedy,1000,0.9329142857142858,0.051397864897544436,0.35,0.00246,4800.0,78.634,7.537
burst,hazard_a,full_info,1000,1.0,0.0,0.0,0.0,0.0,0.0,0.0
burst,hazard_a,no_comm,1000,0.0,0.0,35.0,0.0,0.0,0.0,0.0
burst,hazard_a,round_robin,1000,0.9328857142857143,0.05144794429911907,0.35,0.00248,4800.0,78.634,7.541
burst,hazard_a,set_independent,1000,0.9329142857142858,0.053025525931176105,0.357,0.0032400000000000003,4725.552,77.258,7.406
burst,hazard_a,set_joint,1000,0.9319142857142858,0.05193099514575334,0.353,0.00246,4783.248,78.304,7.598
burst,hazard_a,singleton_voi,1000,0.9329142857142858,0.051397864897544436,0.35,0.00246,4800.0,78.634,7.537
burst,hazard_b,coverage_greedy,1000,0.9309142857142858,0.053289771999885674,0.368,0.00314,4800.0,78.753,7.639
burst,hazard_b,full_info,1000,1.0,0.0,0.0,0.0,0.0,0.0,0.0
burst,hazard_b,no_comm,1000,0.0,0.0,35.0,0.0,0.0,0.0,0.0
burst,hazard_b,round_robin,1000,0.9309142857142858,0.05327443582480463,0.368,0.0031,4800.0,78.753,7.644
burst,hazard_b,set_independent,1000,0.9278285714285716,0.05396061217252247,0.382,0.0031000000000000003,4730.256,77.521,7.657
burst,hazard_b,set_joint,1000,0.9302000000000001,0.05381979985628761,0.379,0.003,4784.496,78.478,7.7
burst,hazard_b,singleton_voi,1000,0.9309142857142858,0.053289771999885674,0.368,0.00314,4800.0,78.753,7.639
burst,permanent_block,coverage_greedy,1000,0.0,0.0,nan,0.009600000000000001,4800.0,78.676,5.672
burst,permanent_block,full_info,1000,0.0,0.0,nan,0.0,0.0,0.0,0.0
burst,permanent_block,no_comm,1000,0.0,0.0,nan,0.0,0.0,0.0,0.0
burst,permanent_block,round_robin,1000,0.0,0.0,nan,0.00974,4800.0,78.676,5.658
burst,permanent_block,set_independent,1000,0.0,0.0,nan,0.00942,4726.656,77.094,5.843
burst,permanent_block,set_joint,1000,0.0,0.0,nan,0.009699999999999999,4782.144,78.315,5.765
burst,permanent_block,singleton_voi,1000,0.0,0.0,nan,0.009600000000000001,4800.0,78.676,5.672
contention,both_hazard,coverage_greedy,1000,0.7491428571428571,0.10525448721316863,2.324,0.0,4800.0,46.116,11.338
contention,both_hazard,full_info,1000,1.0,0.0,0.0,0.0,0.0,0.0,0.0
contention,both_hazard,no_comm,1000,0.0,0.0,35.0,0.0,0.0,0.0,0.0
contention,both_hazard,round_robin,1000,0.7100857142857143,0.11592345417049416,2.667,0.0,4800.0,43.15,11.687
contention,both_hazard,set_independent,1000,0.8809428571428572,0.06819424721567424,1.822,2e-05,4320.576,45.991,13.046
contention,both_hazard,set_joint,1000,0.9325142857142857,0.046944653957922695,0.36,2e-05,4769.76,85.508,8.01
contention,both_hazard,singleton_voi,1000,0.7491428571428571,0.10525448721316863,2.324,0.0,4800.0,46.116,11.338
contention,free,coverage_greedy,1000,0.75588,0.09001293200384003,2.37,0.0,4800.0,45.923,10.712
contention,free,full_info,1000,1.0,0.0,0.0,0.0,0.0,0.0,0.0
contention,free,no_comm,1000,0.0,0.0,50.0,0.0,0.0,0.0,0.0
contention,free,round_robin,1000,0.7118,0.09434861769873293,2.649,0.0,4800.0,42.838,11.118
contention,free,set_independent,1000,0.90534,0.057952073671636996,1.281,0.0,4321.776,45.951,12.309
contention,free,set_joint,1000,0.93618,0.03807436483064762,0.343,0.0,4770.72,85.588,7.133
contention,free,singleton_voi,1000,0.75588,0.09001293200384003,2.37,0.0,4800.0,45.923,10.712
contention,hazard_a,coverage_greedy,1000,0.7636285714285715,0.10525010462369531,1.456,0.0023200000000000004,4800.0,46.027,11.062
contention,hazard_a,full_info,1000,1.0,0.0,0.0,0.0,0.0,0.0,0.0
contention,hazard_a,no_comm,1000,0.0,0.0,35.0,0.0,0.0,0.0,0.0
contention,hazard_a,round_robin,1000,0.7293428571428572,0.10913336107103973,1.84,0.0023799999999999997,4800.0,43.042,11.456
contention,hazard_a,set_independent,1000,0.9067142857142858,0.07216282130641338,0.996,0.0029000000000000002,4334.784,46.1,12.455
contention,hazard_a,set_joint,1000,0.9339428571428573,0.04860124756565831,0.313,0.0028200000000000005,4767.696,85.414,7.627
contention,hazard_a,singleton_voi,1000,0.7636285714285715,0.10525010462369531,1.456,0.0023200000000000004,4800.0,46.027,11.062
contention,hazard_b,coverage_greedy,1000,0.763457142857143,0.10847203184183458,1.424,0.00218,4800.0,46.119,10.936
contention,hazard_b,full_info,1000,1.0,0.0,0.0,0.0,0.0,0.0,0.0
contention,hazard_b,no_comm,1000,0.0,0.0,35.0,0.0,0.0,0.0,0.0
contention,hazard_b,round_robin,1000,0.7263999999999999,0.1133748342301332,1.665,0.00134,4800.0,43.213,11.304
contention,hazard_b,set_independent,1000,0.9051142857142859,0.07057814346920757,1.068,0.002,4327.248,46.059,12.482
contention,hazard_b,set_joint,1000,0.9400285714285715,0.047016340250345415,0.162,0.0029800000000000004,4769.472,85.478,7.443
contention,hazard_b,singleton_voi,1000,0.763457142857143,0.10847203184183458,1.424,0.00218,4800.0,46.119,10.936
contention,permanent_block,coverage_greedy,1000,0.0,0.0,nan,0.00722,4800.0,45.947,10.047
contention,permanent_block,full_info,1000,0.0,0.0,nan,0.0,0.0,0.0,0.0
contention,permanent_block,no_comm,1000,0.0,0.0,nan,0.0,0.0,0.0,0.0
contention,permanent_block,round_robin,1000,0.0,0.0,nan,0.00624,4800.0,43.036,10.541
contention,permanent_block,set_independent,1000,0.0,0.0,nan,0.008459999999999999,4311.312,45.932,11.824
contention,permanent_block,set_joint,1000,0.0,0.0,nan,0.01,4770.288,85.484,5.69
contention,permanent_block,singleton_voi,1000,0.0,0.0,nan,0.00722,4800.0,45.947,10.047
ideal,both_hazard,coverage_greedy,1000,0.9416000000000001,0.03975434772783106,0.055,2e-05,4800.0,100.0,8.435
ideal,both_hazard,full_info,1000,1.0,0.0,0.0,0.0,0.0,0.0,0.0
ideal,both_hazard,no_comm,1000,0.0,0.0,35.0,0.0,0.0,0.0,0.0
ideal,both_hazard,round_robin,1000,0.9416000000000001,0.03975434772783106,0.055,2e-05,4800.0,100.0,8.435
ideal,both_hazard,set_independent,1000,0.9416000000000001,0.03975434772783106,0.055,2e-05,4800.0,100.0,8.435
ideal,both_hazard,set_joint,1000,0.9416000000000001,0.03975434772783106,0.055,2e-05,4800.0,100.0,8.435
ideal,both_hazard,singleton_voi,1000,0.9416000000000001,0.03975434772783106,0.055,2e-05,4800.0,100.0,8.435
ideal,free,coverage_greedy,1000,0.9418200000000001,0.0328598138669008,0.055,0.0,4800.0,100.0,7.644
ideal,free,full_info,1000,1.0,0.0,0.0,0.0,0.0,0.0,0.0
ideal,free,no_comm,1000,0.0,0.0,50.0,0.0,0.0,0.0,0.0
ideal,free,round_robin,1000,0.9418200000000001,0.0328598138669008,0.055,0.0,4800.0,100.0,7.644
ideal,free,set_independent,1000,0.9418200000000001,0.0328598138669008,0.055,0.0,4800.0,100.0,7.644
ideal,free,set_joint,1000,0.9418200000000001,0.0328598138669008,0.055,0.0,4800.0,100.0,7.644
ideal,free,singleton_voi,1000,0.9418200000000001,0.0328598138669008,0.055,0.0,4800.0,100.0,7.644
ideal,hazard_a,coverage_greedy,1000,0.9407714285714287,0.041144293077568526,0.045,0.0027800000000000004,4800.0,100.0,8.025
ideal,hazard_a,full_info,1000,1.0,0.0,0.0,0.0,0.0,0.0,0.0
ideal,hazard_a,no_comm,1000,0.0,0.0,35.0,0.0,0.0,0.0,0.0
ideal,hazard_a,round_robin,1000,0.9407714285714287,0.041144293077568526,0.045,0.0027800000000000004,4800.0,100.0,8.025
ideal,hazard_a,set_independent,1000,0.9407714285714287,0.041144293077568526,0.045,0.00266,4800.0,100.0,8.028
ideal,hazard_a,set_joint,1000,0.9407714285714287,0.041144293077568526,0.045,0.00266,4800.0,100.0,8.028
ideal,hazard_a,singleton_voi,1000,0.9407714285714287,0.041144293077568526,0.045,0.0027800000000000004,4800.0,100.0,8.025
ideal,hazard_b,coverage_greedy,1000,0.9414000000000001,0.038758690814637765,0.067,0.0029,4800.0,100.0,8.024
ideal,hazard_b,full_info,1000,1.0,0.0,0.0,0.0,0.0,0.0,0.0
ideal,hazard_b,no_comm,1000,0.0,0.0,35.0,0.0,0.0,0.0,0.0
ideal,hazard_b,round_robin,1000,0.9414000000000001,0.038758690814637765,0.067,0.0029,4800.0,100.0,8.024
ideal,hazard_b,set_independent,1000,0.9414000000000001,0.038758690814637765,0.067,0.0029000000000000002,4800.0,100.0,8.053
ideal,hazard_b,set_joint,1000,0.9414000000000001,0.038758690814637765,0.067,0.0029000000000000002,4800.0,100.0,8.053
ideal,hazard_b,singleton_voi,1000,0.9414000000000001,0.038758690814637765,0.067,0.0029,4800.0,100.0,8.024
ideal,permanent_block,coverage_greedy,1000,0.0,0.0,nan,0.01,4800.0,100.0,5.752
ideal,permanent_block,full_info,1000,0.0,0.0,nan,0.0,0.0,0.0,0.0
ideal,permanent_block,no_comm,1000,0.0,0.0,nan,0.0,0.0,0.0,0.0
ideal,permanent_block,round_robin,1000,0.0,0.0,nan,0.01,4800.0,100.0,5.752
ideal,permanent_block,set_independent,1000,0.0,0.0,nan,0.009640000000000001,4800.0,100.0,5.906
ideal,permanent_block,set_joint,1000,0.0,0.0,nan,0.009640000000000001,4800.0,100.0,5.906
ideal,permanent_block,singleton_voi,1000,0.0,0.0,nan,0.01,4800.0,100.0,5.752
independent,both_hazard,coverage_greedy,1000,0.9358285714285715,0.04530169162042225,0.231,8e-05,4800.0,91.967,8.164
independent,both_hazard,full_info,1000,1.0,0.0,0.0,0.0,0.0,0.0,0.0
independent,both_hazard,no_comm,1000,0.0,0.0,35.0,0.0,0.0,0.0,0.0
independent,both_hazard,round_robin,1000,0.9298857142857143,0.04944490959440703,0.442,5.9999999999999995e-05,4800.0,86.049,7.98
independent,both_hazard,set_independent,1000,0.9361142857142859,0.04575773710749994,0.222,8e-05,4789.728,91.822,8.164
independent,both_hazard,set_joint,1000,0.9361142857142859,0.04575773710749994,0.222,8e-05,4789.728,91.822,8.164
independent,both_hazard,singleton_voi,1000,0.9358285714285715,0.04530169162042225,0.231,8e-05,4800.0,91.967,8.164
independent,free,coverage_greedy,1000,0.9372,0.0374053359717455,0.252,0.0,4800.0,92.015,7.276
independent,free,full_info,1000,1.0,0.0,0.0,0.0,0.0,0.0,0.0
independent,free,no_comm,1000,0.0,0.0,50.0,0.0,0.0,0.0,0.0
independent,free,round_robin,1000,0.9362,0.03942479314231482,0.288,0.0,4800.0,86.19,7.128
independent,free,set_independent,1000,0.93712,0.03709827330054434,0.253,0.0,4789.344,91.824,7.289
independent,free,set_joint,1000,0.93712,0.03709827330054434,0.253,0.0,4789.344,91.824,7.289
independent,free,singleton_voi,1000,0.9372,0.0374053359717455,0.252,0.0,4800.0,92.015,7.276
independent,hazard_a,coverage_greedy,1000,0.9388857142857143,0.0405240235193457,0.141,0.00262,4800.0,92.034,7.682
independent,hazard_a,full_info,1000,1.0,0.0,0.0,0.0,0.0,0.0,0.0
independent,hazard_a,no_comm,1000,0.0,0.0,35.0,0.0,0.0,0.0,0.0
independent,hazard_a,round_robin,1000,0.9331428571428573,0.0463970181750987,0.296,0.0022600000000000003,4800.0,86.037,7.587
independent,hazard_a,set_independent,1000,0.9386571428571431,0.04128031085231875,0.139,0.0025800000000000003,4789.584,91.849,7.72
independent,hazard_a,set_joint,1000,0.9386571428571431,0.04128031085231875,0.139,0.0025800000000000003,4789.584,91.849,7.72
independent,hazard_a,singleton_voi,1000,0.9388857142857143,0.0405240235193457,0.141,0.00262,4800.0,92.034,7.682
independent,hazard_b,coverage_greedy,1000,0.9427142857142857,0.043153794793820255,0.162,0.00296,4800.0,91.909,7.547
independent,hazard_b,full_info,1000,1.0,0.0,0.0,0.0,0.0,0.0,0.0
independent,hazard_b,no_comm,1000,0.0,0.0,35.0,0.0,0.0,0.0,0.0
independent,hazard_b,round_robin,1000,0.9367714285714286,0.04682853932987061,0.286,0.00252,4800.0,85.912,7.364
independent,hazard_b,set_independent,1000,0.9421428571428572,0.043091261954796095,0.161,0.00282,4789.44,91.7,7.524
independent,hazard_b,set_joint,1000,0.9421428571428572,0.043091261954796095,0.161,0.00282,4789.44,91.7,7.524
independent,hazard_b,singleton_voi,1000,0.9427142857142857,0.043153794793820255,0.162,0.00296,4800.0,91.909,7.547
independent,permanent_block,coverage_greedy,1000,0.0,0.0,nan,0.009260000000000001,4800.0,92.201,5.566
independent,permanent_block,full_info,1000,0.0,0.0,nan,0.0,0.0,0.0,0.0
independent,permanent_block,no_comm,1000,0.0,0.0,nan,0.0,0.0,0.0,0.0
independent,permanent_block,round_robin,1000,0.0,0.0,nan,0.009439999999999999,4800.0,86.115,5.258
independent,permanent_block,set_independent,1000,0.0,0.0,nan,0.009560000000000003,4790.352,92.078,5.571
independent,permanent_block,set_joint,1000,0.0,0.0,nan,0.009560000000000003,4790.352,92.078,5.571
independent,permanent_block,singleton_voi,1000,0.0,0.0,nan,0.009260000000000001,4800.0,92.201,5.566
one_slot,both_hazard,coverage_greedy,1000,0.9072000000000001,0.06152572472192147,1.286,2e-05,2400.0,46.053,6.548
one_slot,both_hazard,full_info,1000,1.0,0.0,0.0,0.0,0.0,0.0,0.0
one_slot,both_hazard,no_comm,1000,0.0,0.0,35.0,0.0,0.0,0.0,0.0
one_slot,both_hazard,round_robin,1000,0.0,0.0,35.0,0.0,2400.0,43.02,4.016
one_slot,both_hazard,set_independent,1000,0.9072000000000001,0.06152572472192147,1.286,2e-05,2400.0,46.053,6.548
one_slot,both_hazard,set_joint,1000,0.9072000000000001,0.06152572472192147,1.286,2e-05,2400.0,46.053,6.548
one_slot,both_hazard,singleton_voi,1000,0.9072000000000001,0.06152572472192147,1.286,2e-05,2400.0,46.053,6.548
one_slot,free,coverage_greedy,1000,0.91826,0.047728926768265484,1.228,0.0,2400.0,45.961,5.275
one_slot,free,full_info,1000,1.0,0.0,0.0,0.0,0.0,0.0,0.0
one_slot,free,no_comm,1000,0.0,0.0,50.0,0.0,0.0,0.0,0.0
one_slot,free,round_robin,1000,0.0,0.0,50.0,0.0,2400.0,42.992,3.477
one_slot,free,set_independent,1000,0.91826,0.047728926768265484,1.228,0.0,2400.0,45.961,5.275
one_slot,free,set_joint,1000,0.91826,0.047728926768265484,1.228,0.0,2400.0,45.961,5.275
one_slot,free,singleton_voi,1000,0.91826,0.047728926768265484,1.228,0.0,2400.0,45.961,5.275
one_slot,hazard_a,coverage_greedy,1000,0.9188571428571429,0.06493680171357545,0.738,0.00334,2400.0,46.01,6.034
one_slot,hazard_a,full_info,1000,1.0,0.0,0.0,0.0,0.0,0.0,0.0
one_slot,hazard_a,no_comm,1000,0.0,0.0,35.0,0.0,0.0,0.0,0.0
one_slot,hazard_a,round_robin,1000,0.0,0.0,35.0,0.0,2400.0,42.978,4.028
one_slot,hazard_a,set_independent,1000,0.9204000000000001,0.06395926774743384,0.661,0.00256,2400.0,46.01,6.07
one_slot,hazard_a,set_joint,1000,0.9204000000000001,0.06395926774743384,0.661,0.00256,2400.0,46.01,6.07
one_slot,hazard_a,singleton_voi,1000,0.9188571428571429,0.06493680171357545,0.738,0.00334,2400.0,46.01,6.034
one_slot,hazard_b,coverage_greedy,1000,0.9232857142857145,0.06040844139718334,0.659,0.00242,2400.0,46.036,5.963
one_slot,hazard_b,full_info,1000,1.0,0.0,0.0,0.0,0.0,0.0,0.0
one_slot,hazard_b,no_comm,1000,0.0,0.0,35.0,0.0,0.0,0.0,0.0
one_slot,hazard_b,round_robin,1000,0.0,0.0,35.0,0.0,2400.0,42.987,3.596
one_slot,hazard_b,set_independent,1000,0.9200857142857144,0.06120143642024699,0.79,0.00292,2400.0,46.036,5.938
one_slot,hazard_b,set_joint,1000,0.9200857142857144,0.06120143642024699,0.79,0.00292,2400.0,46.036,5.938
one_slot,hazard_b,singleton_voi,1000,0.9232857142857145,0.06040844139718334,0.659,0.00242,2400.0,46.036,5.963
one_slot,permanent_block,coverage_greedy,1000,0.0,0.0,nan,0.01066,2400.0,45.996,4.539
one_slot,permanent_block,full_info,1000,0.0,0.0,nan,0.0,0.0,0.0,0.0
one_slot,permanent_block,no_comm,1000,0.0,0.0,nan,0.0,0.0,0.0,0.0
one_slot,permanent_block,round_robin,1000,0.0,0.0,nan,0.0,2400.0,43.018,2.026
one_slot,permanent_block,set_independent,1000,0.0,0.0,nan,0.010039999999999999,2400.0,45.996,4.551
one_slot,permanent_block,set_joint,1000,0.0,0.0,nan,0.010039999999999999,2400.0,45.996,4.551
one_slot,permanent_block,singleton_voi,1000,0.0,0.0,nan,0.01066,2400.0,45.996,4.539
short_deadline,both_hazard,coverage_greedy,1000,0.9372285714285715,0.044341896156740786,0.222,4e-05,4800.0,91.957,8.066
short_deadline,both_hazard,full_info,1000,1.0,0.0,0.0,0.0,0.0,0.0,0.0
short_deadline,both_hazard,no_comm,1000,0.0,0.0,35.0,0.0,0.0,0.0,0.0
short_deadline,both_hazard,round_robin,1000,0.8968,0.06658360947350261,1.414,0.0,4800.0,45.952,8.849
short_deadline,both_hazard,set_independent,1000,0.9369428571428573,0.04423081894942455,0.237,2e-05,4789.152,91.716,8.071
short_deadline,both_hazard,set_joint,1000,0.9369428571428573,0.04423081894942455,0.237,2e-05,4789.152,91.716,8.071
short_deadline,both_hazard,singleton_voi,1000,0.9372285714285715,0.044341896156740786,0.222,4e-05,4800.0,91.957,8.066
short_deadline,free,coverage_greedy,1000,0.93836,0.036499899214143615,0.231,0.0,4800.0,92.019,7.237
short_deadline,free,full_info,1000,1.0,0.0,0.0,0.0,0.0,0.0,0.0
short_deadline,free,no_comm,1000,0.0,0.0,50.0,0.0,0.0,0.0,0.0
short_deadline,free,round_robin,1000,0.9240400000000002,0.055175381491410845,0.454,0.0,4800.0,45.97,7.781
short_deadline,free,set_independent,1000,0.93852,0.03588728880115488,0.232,0.0,4789.872,91.839,7.248
short_deadline,free,set_joint,1000,0.93852,0.03588728880115488,0.232,0.0,4789.872,91.839,7.248
short_deadline,free,singleton_voi,1000,0.93836,0.036499899214143615,0.231,0.0,4800.0,92.019,7.237
short_deadline,hazard_a,coverage_greedy,1000,0.9385714285714287,0.04470262694146412,0.147,0.0032,4800.0,92.099,7.634
short_deadline,hazard_a,full_info,1000,1.0,0.0,0.0,0.0,0.0,0.0,0.0
short_deadline,hazard_a,no_comm,1000,0.0,0.0,35.0,0.0,0.0,0.0,0.0
short_deadline,hazard_a,round_robin,1000,0.9014000000000001,0.06469221147156916,1.321,0.0033,4800.0,46.07,8.174
short_deadline,hazard_a,set_independent,1000,0.9390000000000002,0.04469600011526597,0.14,0.00314,4790.064,91.949,7.624
short_deadline,hazard_a,set_joint,1000,0.9390000000000002,0.04469600011526597,0.14,0.00314,4790.064,91.949,7.624
short_deadline,hazard_a,singleton_voi,1000,0.9385714285714287,0.04470262694146412,0.147,0.0032,4800.0,92.099,7.634
short_deadline,hazard_b,coverage_greedy,1000,0.9388857142857144,0.044133980291603495,0.165,0.0024,4800.0,91.791,7.588
short_deadline,hazard_b,full_info,1000,1.0,0.0,0.0,0.0,0.0,0.0,0.0
short_deadline,hazard_b,no_comm,1000,0.0,0.0,35.0,0.0,0.0,0.0,0.0
short_deadline,hazard_b,round_robin,1000,0.9005428571428572,0.06787312462794862,1.309,0.0019000000000000002,4800.0,45.99,8.234
short_deadline,hazard_b,set_independent,1000,0.9391428571428574,0.04338160435310469,0.158,0.00246,4789.872,91.611,7.559
short_deadline,hazard_b,set_joint,1000,0.9391428571428574,0.04338160435310469,0.158,0.00246,4789.872,91.611,7.559
short_deadline,hazard_b,singleton_voi,1000,0.9388857142857144,0.044133980291603495,0.165,0.0024,4800.0,91.791,7.588
short_deadline,permanent_block,coverage_greedy,1000,0.0,0.0,nan,0.00846,4800.0,91.948,5.475
short_deadline,permanent_block,full_info,1000,0.0,0.0,nan,0.0,0.0,0.0,0.0
short_deadline,permanent_block,no_comm,1000,0.0,0.0,nan,0.0,0.0,0.0,0.0
short_deadline,permanent_block,round_robin,1000,0.0,0.0,nan,0.00884,4800.0,45.942,6.95
short_deadline,permanent_block,set_independent,1000,0.0,0.0,nan,0.00876,4790.208,91.773,5.423
short_deadline,permanent_block,set_joint,1000,0.0,0.0,nan,0.00876,4790.208,91.773,5.423
short_deadline,permanent_block,singleton_voi,1000,0.0,0.0,nan,0.00846,4800.0,91.948,5.475
