phase,step,throttle,brake,desired_speed,desired_acceleration,before_speed,sampled_acceleration,actual_throttle,actual_brake,actual_steer,actual_gear,actual_hand_brake,actual_reverse,frame,timestamp,x,y,z,yaw,vx,vy,vz,speed
drive,0,0.45,0.0,0.5,,0.00038518695987530796,-0.0028536532328420536,0.44999998807907104,0.0,0.0,0,False,False,5257,76.02989583089948,53.12228775024414,133.9467315673828,-0.006512374617159367,-179.67953491210938,-4.438399992068298e-05,-0.00023840804351493716,-0.0019555760081857443,0.00024250429823320527
drive,1,0.45,0.0,0.5,,0.00024250429823320527,-0.0018657138730544213,0.44999998807907104,0.0,0.0,0,False,False,5258,76.07989583164454,53.12229537963867,133.9467315673828,-0.006668891757726669,-179.67953491210938,-2.4574015696998686e-05,-0.00014718121383339167,-0.003819160396233201,0.0001492186045804842
drive,2,0.45,0.0,0.5,,0.0001492186045804842,-0.0022596410166932307,0.44999998807907104,0.0,0.0,0,False,False,5259,76.1298958323896,53.12229537963867,133.9467315673828,-0.006738891359418631,-179.67953491210938,-5.035405138187343e-06,-3.588499021134339e-05,-0.0024005507584661245,3.6236553745822664e-05
drive,3,0.45,0.0,0.5,,3.6236553745822664e-05,0.00014991632363552722,0.44999998807907104,0.0,0.0,0,False,False,5260,76.17989583313465,53.12229537963867,133.9467315673828,-0.006892814300954342,-179.67953491210938,-5.321010121406289e-06,-4.3407453631516546e-05,-0.0033834362402558327,4.3732369927599025e-05
drive,4,0.45,0.0,0.5,,4.3732369927599025e-05,-8.179808632229228e-05,0.44999998807907104,0.0,0.0,0,False,False,5261,76.22989583387971,53.12229537963867,133.94674682617188,-0.007064323406666517,-179.67953491210938,-4.529999841906829e-06,-3.938279041904025e-05,-0.003396053332835436,3.964246561148441e-05
drive,5,0.45,0.0,0.5,,3.964246561148441e-05,-0.00014767680150870903,0.44999998807907104,0.0,0.0,0,False,False,5262,76.27989583462477,53.12229537963867,133.94674682617188,-0.0072207641787827015,-179.67953491210938,-3.5528751141100656e-06,-3.206237670383416e-05,-0.0029334258288145065,3.225862553604896e-05
drive,6,0.45,0.0,0.5,,3.225862553604896e-05,-0.00048682975977210107,0.44999998807907104,0.0,0.0,0,False,False,5263,76.32989583536983,53.12229537963867,133.94674682617188,-0.007348212879151106,-179.67953491210938,-2.6577981770969927e-06,-7.4576923907443415e-06,-0.002300376771017909,7.917137547443908e-06
drive,7,0.45,0.0,0.5,,7.917137547443908e-06,-6.495577515289732e-05,0.44999998807907104,0.0,0.0,0,False,False,5264,76.37989583611488,53.12229537963867,133.94674682617188,-0.007443809416145086,-179.67953491210938,-1.7966016230275272e-06,-4.309877112973481e-06,-0.0016725825844332576,4.669348789799042e-06
drive,8,0.45,0.0,0.5,,4.669348789799042e-06,-3.44047443803704e-05,0.44999998807907104,0.0,0.0,0,False,False,5265,76.42989583685994,53.12229537963867,133.94674682617188,-0.007510566618293524,-179.67953491210938,-1.1966610600211425e-06,-2.695414877962321e-06,-0.0011343765072524548,2.949111570780522e-06
drive,9,0.45,0.0,0.5,,2.949111570780522e-06,-2.285963066815115e-05,0.44999998807907104,0.0,0.0,0,False,False,5266,76.479895837605,53.12229537963867,133.94674682617188,-0.007553977891802788,-179.67953491210938,-7.254716933857708e-07,-1.654024345043581e-06,-0.0007136153872124851,1.8061300373729642e-06
drive,10,0.45,0.0,0.5,,1.8061300373729642e-06,-2.6199043060909362e-05,0.44999998807907104,0.0,0.0,0,False,False,5267,76.52989583835006,53.12229537963867,133.94674682617188,-0.007567557971924543,-179.67953491210938,-2.0906679765175795e-07,-4.4998174075772113e-07,-7.20787065802142e-05,4.96177884327496e-07
drive,11,0.45,0.0,0.5,,4.96177884327496e-07,4.1981052080872655e-06,0.44999998807907104,0.0,0.0,0,False,False,5268,76.57989583909512,53.12229537963867,133.94674682617188,-0.007571678142994642,-179.67953491210938,-2.068110660502498e-07,-6.751167234142486e-07,-8.790969877736643e-05,7.060831447318593e-07
drive,12,0.45,0.0,0.5,,7.060831447318593e-07,-5.7072286953803464e-08,0.44999998807907104,0.0,0.0,0,False,False,5269,76.62989583984017,53.12229537963867,133.94674682617188,-0.007576026953756809,-179.67953491210938,-2.011916109267986e-07,-6.738350748491939e-07,-8.374213939532638e-05,7.032295303841691e-07
drive,13,0.45,0.0,0.5,,7.032295303841691e-07,-4.067243881259512e-06,0.44999998807907104,0.0,0.0,0,False,False,5270,76.67989584058523,53.12229537963867,133.94674682617188,-0.007579841651022434,-179.67953491210938,-1.4294082006927056e-07,-4.789940248883795e-07,-7.042884681141004e-05,4.998673363211935e-07
drive,14,0.45,0.0,0.5,,4.998673363211935e-07,-1.0803517439631133e-06,0.44999998807907104,0.0,0.0,0,False,False,5271,76.72989584133029,53.12229537963867,133.94674682617188,-0.007582816760987043,-179.67953491210938,-9.325722061248598e-08,-4.3598748789008823e-07,-5.390167279983871e-05,4.458497491230378e-07
drive,15,0.45,0.0,0.5,,4.458497491230378e-07,-1.3076317576480894e-06,0.44999998807907104,0.0,0.0,0,False,False,5272,76.77989584207535,53.12229537963867,133.94674682617188,-0.007585067767649889,-179.67953491210938,-5.9194228185788234e-08,-3.758351567739737e-07,-3.7450790841830894e-05,3.8046816124063334e-07
drive,16,0.45,0.0,0.5,,3.8046816124063334e-07,-2.9644194261111937e-06,0.44999998807907104,0.0,0.0,0,False,False,5273,76.8298958428204,53.12229537963867,133.94674682617188,-0.007586593274027109,-179.67953491210938,-4.951031939981476e-08,-2.2690853995754878e-07,-2.522468457755167e-05,2.3224718993507366e-07
drive,17,0.45,0.0,0.5,,2.3224718993507366e-07,-2.3221677033692414e-06,0.44999998807907104,0.0,0.0,0,False,False,5274,76.87989584356546,53.12229537963867,133.94674682617188,-0.007586593274027109,-179.67953491210938,-2.3614818545070193e-08,-1.1371263042292412e-07,-1.5125274330785032e-05,1.1613880476661157e-07
drive,18,0.45,0.0,0.5,,1.1613880476661157e-07,-2.322776095332231e-06,0.44999998807907104,0.0,0.0,0,False,False,5275,76.92989584431052,53.12229537963867,133.94674682617188,-0.007586593274027109,-179.67953491210938,0.0,0.0,0.0,0.0
drive,19,0.45,0.0,0.5,,0.0,1.3679290595430442e-06,0.44999998807907104,0.0,0.0,0,False,False,5276,76.97989584505558,53.12229919433594,133.94674682617188,-0.007588004693388939,-179.67953491210938,-5.220085697033028e-09,-6.819696096727057e-08,-1.8692015828492003e-06,6.839645297715221e-08
drive,20,0.45,0.0,0.5,,6.839645297715221e-08,1.9921463092787796e-07,0.44999998807907104,0.0,0.0,0,False,False,5277,77.02989584580064,53.12229537963867,133.94674682617188,-0.007588042877614498,-179.67953491210938,4.2811386435914756e-08,-6.562799370612993e-08,-1.5830993334020604e-06,7.835718452354611e-08
drive,21,0.45,0.0,0.5,,7.835718452354611e-08,8.556513659330373e-07,0.44999998807907104,0.0,0.0,0,False,False,5278,77.0798958465457,53.12229537963867,133.94674682617188,-0.007588042877614498,-179.67953491210938,-6.098392901776606e-08,-1.0466995803426471e-07,-1.8119811784345075e-06,1.2113975282019798e-07
drive,22,0.45,0.0,0.5,,1.2113975282019798e-07,3.602982632221029,0.44999998807907104,0.0,0.0,0,False,False,5279,77.12989584729075,53.12031936645508,133.9467315673828,-0.007738571148365736,-179.67962646484375,-0.18014658987522125,-0.000979501404799521,-1.3351440202313825e-06,0.1801492527508043
drive,23,0.45,0.0,0.5,,0.1801492527508043,12.741406122101179,0.44999998807907104,0.0,0.0,1,False,False,5280,77.17989584803581,53.08890914916992,133.94656372070312,-0.009384498000144958,-179.67962646484375,-0.8172067999839783,-0.004566556308418512,-5.5961609177757055e-05,0.8172195588558633
drive,24,0.0,0.06344391177117266,0.5,,0.8172195588558633,5.448825121258234,0.0,0.06344391405582428,0.0,1,False,False,5281,77.22989584878087,53.037025451660156,133.9462890625,-0.01077350601553917,-179.676025390625,-1.0896435976028442,-0.006125501822680235,-0.00013197898806538433,1.089660814918775
drive,25,0.0,0.117932162983755,0.5,,1.089660814918775,-1.4266808604157166,0.0,0.11793216317892075,0.0,1,False,False,5282,77.27989584952593,52.98322677612305,133.94602966308594,-0.01088916789740324,-179.66647338867188,-1.0183069705963135,-0.006350432988256216,-8.81290397956036e-05,1.0183267718979891
drive,26,0.0,0.10366535437959784,0.5,,1.0183267718979891,-16.320215383354956,0.0,0.10366535186767578,0.0,1,False,False,5283,77.32989585027099,52.96006774902344,133.94642639160156,-0.008717384189367294,-179.6108856201172,-0.2023157775402069,0.0003018593124579638,9.44614366744645e-05,0.20231600273024133
drive,27,0.45,0.0,0.5,,0.20231600273024133,3.566474214394098,0.44999998807907104,0.0,0.0,1,False,False,5284,77.37989585101604,52.94953155517578,133.9464111328125,-0.007258682046085596,-179.60504150390625,-0.38061800599098206,-0.004065091721713543,9.915351984091103e-05,0.38063971344994624
drive,28,0.45,0.0,0.5,,0.38063971344994624,0.16603350603091704,0.44999998807907104,0.0,0.0,1,False,False,5285,77.4298958517611,52.92955780029297,133.9462127685547,-0.007088241633027792,-179.6127166748047,-0.3889290988445282,-0.0030919178389012814,6.054878031136468e-05,0.3889413887514921
drive,29,0.45,0.0,0.5,,0.3889413887514921,-0.4980126650064598,0.44999998807907104,0.0,0.0,1,False,False,5286,77.47989585250616,52.91101837158203,133.9462127685547,-0.007017898373305798,-179.59922790527344,-0.3640342354774475,-0.0021787763107568026,3.550529436324723e-05,0.3640407555011691
drive,30,0.45,0.0,0.5,,0.3640407555011691,0.05122930397247538,0.44999998807907104,0.0,0.0,1,False,False,5287,77.52989585325122,52.89282989501953,133.9459686279297,-0.007065315265208483,-179.61172485351562,-0.36659330129623413,-0.002557277213782072,1.7852782548288815e-05,0.36660222069979287
drive,31,0.45,0.0,0.5,,0.36660222069979287,0.8431760893797868,0.44999998807907104,0.0,0.0,1,False,False,5288,77.57989585399628,52.87322235107422,133.9459228515625,-0.007251243572682142,-179.6016845703125,-0.4087470769882202,-0.0033767959102988243,4.329681360104587e-06,0.4087610251687822
drive,32,0.45,0.0,0.5,,0.4087610251687822,1.22067635102037,0.44999998807907104,0.0,0.0,1,False,False,5289,77.62989585474133,52.85059356689453,133.94569396972656,-0.007542571984231472,-179.6107635498047,-0.46978673338890076,-0.002760322066023946,-2.19345088225964e-06,0.4697948427198007
drive,33,0.45,0.0,0.5,,0.4697948427198007,0.6930331019655622,0.44999998807907104,0.0,0.0,1,False,False,5290,77.6798958554864,52.82575225830078,133.9456024169922,-0.007781066931784153,-179.60084533691406,-0.5044318437576294,-0.0038450181018561125,-7.143020411604084e-06,0.5044464978180788
drive,34,0.0,0.0,0.5,,0.5044464978180788,1.1752003385476484,0.0,0.0,0.0,1,False,False,5291,77.72989585623145,52.799339294433594,133.94540405273438,-0.007940025068819523,-179.6049041748047,-0.5631911158561707,-0.00416476558893919,-8.935928235587198e-06,0.5632065147454612
drive,35,0.0,0.0,0.5,,0.5632065147454612,2.89545777901548,0.0,0.0,0.0,1,False,False,5292,77.77989585697651,52.766082763671875,133.94517517089844,-0.00832115113735199,-179.60333251953125,-0.7079626321792603,-0.004873140249401331,-1.7490387108409777e-05,0.7079794036962352
drive,36,0.0,0.041595880739247054,0.5,,0.7079794036962352,-13.778273538375956,0.0,0.041595879942178726,0.0,1,False,False,5293,77.82989585772157,52.751625061035156,133.94493103027344,-0.007184715010225773,-179.61691284179688,-0.019048042595386505,-0.0008209816296584904,8.926391274144407e-06,0.019065726777437446
drive,37,0.45,0.0,0.5,,0.019065726777437446,2.70466418449182,0.44999998807907104,0.0,0.0,1,False,False,5294,77.87989585846663,52.74497604370117,133.9449005126953,-0.006542243994772434,-179.6261444091797,-0.15429258346557617,-0.00140012102201581,4.730224645754788e-06,0.15429893600202846
drive,38,0.45,0.0,0.5,,0.15429893600202846,-0.3403012202604905,0.44999998807907104,0.0,0.0,1,False,False,5295,77.92989585921168,52.73789596557617,133.9449920654297,-0.006438827142119408,-179.6099853515625,-0.13728372752666473,0.0002012172481045127,2.593994167909841e-06,0.13728387498900393
drive,39,0.45,0.0,0.5,,0.13728387498900393,-0.2903345333372187,0.44999998807907104,0.0,0.0,1,False,False,5296,77.97989585995674,52.73136520385742,133.94480895996094,-0.006542014889419079,-179.62445068359375,-0.12275595217943192,-0.0016579842194914818,-1.0490417423625331e-07,0.122767148322143
drive,40,0.45,0.0,0.5,,0.122767148322143,-0.25640077528874067,0.44999998807907104,0.0,0.0,1,False,False,5297,78.0298958607018,52.725467681884766,133.94491577148438,-0.006713752634823322,-179.6085205078125,-0.10994695127010345,0.00018656501197256148,3.3283233733527595e-06,0.10994710955770597
drive,41,0.45,0.0,0.5,,0.10994710955770597,1.6196413706764508,0.44999998807907104,0.0,0.0,1,False,False,5298,78.07989586144686,52.7183837890625,133.9447479248047,-0.007014579605311155,-179.62307739257812,-0.19092804193496704,0.0006586725939996541,1.115798909268051e-06,0.1909291780915285
drive,42,0.45,0.0,0.5,,0.1909291780915285,4.060683098117674,0.44999998807907104,0.0,0.0,1,False,False,5299,78.12989586219192,52.70174026489258,133.9446258544922,-0.007756042294204235,-179.6227569580078,-0.39394187927246094,-0.004111386835575104,-2.9945372261863668e-06,0.3939633329974122
drive,43,0.45,0.0,0.5,,0.3939633329974122,0.8388273231684384,0.44999998807907104,0.0,0.0,1,False,False,5300,78.17989586293697,52.67928695678711,133.94444274902344,-0.008296012878417969,-179.630126953125,-0.43589290976524353,-0.0032059261575341225,-1.4429092516365927e-05,0.43590469915583413
drive,44,0.45,0.0,0.5,,0.43590469915583413,-0.2740294257371312,0.44999998807907104,0.0,0.0,1,False,False,5301,78.22989586368203,52.65791702270508,133.9444122314453,-0.008353537879884243,-179.61669921875,-0.42219462990760803,-0.0026944573037326336,-9.021759069582913e-06,0.42220322786897757
drive,45,0.45,0.0,0.5,,0.42220322786897757,0.18606306225969704,0.44999998807907104,0.0,0.0,1,False,False,5302,78.27989586442709,52.63672637939453,133.9441680908203,-0.00825859047472477,-179.62850952148438,-0.4314980208873749,-0.0026860376819968224,-4.9972531996900216e-06,0.4315063809819624
drive,46,0.45,0.0,0.5,,0.4315063809819624,0.6695399006387648,0.44999998807907104,0.0,0.0,1,False,False,5303,78.32989586517215,52.614295959472656,133.944091796875,-0.008186873979866505,-179.61807250976562,-0.4649704694747925,-0.0034644603729248047,2.002715973503655e-06,0.46498337601390066
drive,47,0.45,0.0,0.5,,0.46498337601390066,0.7893292402216423,0.44999998807907104,0.0,0.0,1,False,False,5304,78.3798958659172,52.58986282348633,133.94384765625,-0.008170013315975666,-179.62802124023438,-0.5044413208961487,-0.0029313573613762856,5.245208853921213e-07,0.5044498380249828
drive,48,0.0,0.0,0.5,,0.5044498380249828,1.2325215138623125,0.0,0.0,0.0,1,False,False,5305,78.42989586666226,52.56348419189453,133.94371032714844,-0.008178825490176678,-179.62408447265625,-0.56606525182724,-0.003474300727248192,5.435943535303522e-07,0.5660759137180984
drive,49,0.0,0.0,0.5,,0.5660759137180984,2.913605314695653,0.0,0.0,0.0,1,False,False,5306,78.47989586740732,52.53014373779297,133.94346618652344,-0.008464889600872993,-179.6256561279297,-0.7117406129837036,-0.004707315471023321,-6.4754485720186494e-06,0.711756179452881
drive,50,0.0,0.04235123589057621,0.5,,0.711756179452881,-13.842930095434648,0.0,0.04235123470425606,0.0,1,False,False,5307,78.52989586815238,52.51560592651367,133.94349670410156,-0.007266235072165728,-179.61260986328125,-0.019601859152317047,0.0005535872769542038,1.9407272702665068e-05,0.019609674681148617
drive,51,0.45,0.0,0.5,,0.019609674681148617,2.1368792106389707,0.44999998807907104,0.0,0.0,1,False,False,5308,78.57989586889744,52.51010513305664,133.94345092773438,-0.006512985099107027,-179.6127166748047,-0.12645357847213745,0.00011979231203440577,1.1329650988045614e-05,0.12645363521309716
drive,52,0.45,0.0,0.5,,0.12645363521309716,-0.2870251838772056,0.44999998807907104,0.0,0.0,1,False,False,5309,78.6298958696425,52.50436782836914,133.94325256347656,-0.006364593282341957,-179.62835693359375,-0.112088643014431,-0.0017546556191518903,3.042220896531944e-06,0.11210237601923688
drive,53,0.45,0.0,0.5,,0.11210237601923688,-0.25137352226598714,0.44999998807907104,0.0,0.0,1,False,False,5310,78.67989587038755,52.49904251098633,133.943359375,-0.006468009669333696,-179.6128387451172,-0.0995330885052681,0.00034886898356489837,4.1961669694501325e-07,0.09953369990593752
drive,54,0.45,0.0,0.5,,0.09953369990593752,-0.1831625732315756,0.44999998807907104,0.0,0.0,1,False,False,5311,78.72989587113261,52.49417495727539,133.9431610107422,-0.006660499610006809,-179.62789916992188,-0.09036269783973694,-0.0015253579476848245,4.5108795347914565e-06,0.09037557124435874
drive,55,0.45,0.0,0.5,,0.09037557124435874,0.9255963414494051,0.44999998807907104,0.0,0.0,1,False,False,5312,78.77989587187767,52.48807144165039,133.94326782226562,-0.006965484470129013,-179.61178588867188,-0.13665194809436798,-0.0009696587221696973,1.9931792394345393e-06,0.136655388316829
drive,56,0.45,0.0,0.5,,0.136655388316829,3.0810511059397805,0.44999998807907104,0.0,0.0,1,False,False,5313,78.82989587262273,52.47691345214844,133.94314575195312,-0.0074905394576489925,-179.61630249023438,-0.2907077968120575,-0.00029215210815891623,-1.3828276905769599e-06,0.290707943613818
drive,57,0.45,0.0,0.5,,0.290707943613818,3.351972338771587,0.44999998807907104,0.0,0.0,1,False,False,5314,78.87989587336779,52.45613098144531,133.94302368164062,-0.008223342709243298,-179.61351013183594,-0.4582855999469757,-0.004383186809718609,-1.4047622244106606e-05,0.4583065605523974
drive,58,0.45,0.0,0.5,,0.4583065605523974,-0.1421429824525755,0.44999998807907104,0.0,0.0,1,False,False,5315,78.92989587411284,52.43291473388672,133.9427947998047,-0.00851646438241005,-179.62289428710938,-0.45118772983551025,-0.003246739972382784,-1.989364500332158e-05,0.4511994114297686
drive,59,0.45,0.0,0.5,,0.4511994114297686,-0.051279562572843496,0.44999998807907104,0.0,0.0,1,False,False,5316,78.9798958748579,52.41056823730469,133.94276428222656,-0.008457946591079235,-179.61061096191406,-0.44862496852874756,-0.0030642496421933174,-9.3364715212374e-06,0.44863543330112643
drive,60,0.45,0.0,0.5,,0.44863543330112643,0.39386891307900074,0.44999998807907104,0.0,0.0,1,False,False,5317,79.02989587560296,52.38776397705078,133.94252014160156,-0.008330878801643848,-179.62171936035156,-0.46832019090652466,-0.002852657111361623,-1.5830993334020604e-06,0.46832887895507647
drive,61,0.45,0.0,0.5,,0.46832887895507647,0.6729155298639422,0.44999998807907104,0.0,0.0,1,False,False,5318,79.07989587634802,52.36344528198242,133.9424285888672,-0.008245200850069523,-179.6114044189453,-0.5019607543945312,-0.003735740901902318,1.554489131194714e-06,0.5019746554482736
drive,62,0.0,0.0,0.5,,0.5019746554482736,1.2369722620804535,0.0,0.0,0.0,1,False,False,5319,79.12989587709308,52.33723449707031,133.9422149658203,-0.008212470449507236,-179.61544799804688,-0.5638088583946228,-0.004031049087643623,2.365112322877394e-06,0.5638232685522963
drive,63,0.0,0.0,0.5,,0.5638232685522963,2.9192871988594993,0.0,0.0,0.0,1,False,False,5320,79.17989587783813,52.30401611328125,133.9420166015625,-0.008477591909468174,-179.6138153076172,-0.7097718715667725,-0.004729471169412136,-4.758834620588459e-06,0.7097876284952712
drive,64,0.0,0.04195752569905425,0.5,,0.7097876284952712,-13.805477408819575,0.0,0.04195752739906311,0.0,1,False,False,5321,79.22989587858319,52.28956604003906,133.94178771972656,-0.007270393427461386,-179.62718200683594,-0.01949722319841385,-0.0008031444158405066,2.0122528439969756e-05,0.019513758054292434
drive,65,0.45,0.0,0.5,,0.019513758054292434,2.9679008291543156,0.44999998807907104,0.0,0.0,1,False,False,5322,79.27989587932825,52.282474517822266,133.94178771972656,-0.006612891796976328,-179.62905883789062,-0.16789355874061584,-0.0022622747346758842,1.3484954251907766e-05,0.1679087995120082
drive,66,0.45,0.0,0.5,,0.1679087995120082,-0.41478620411480926,0.44999998807907104,0.0,0.0,1,False,False,5323,79.32989588007331,52.27483367919922,133.94189453125,-0.006492996122688055,-179.6131591796875,-0.14716948568820953,3.263335020164959e-05,5.226135272096144e-06,0.14716948930626775
drive,67,0.45,0.0,0.5,,0.14716948930626775,-0.3432842889115373,0.44999998807907104,0.0,0.0,1,False,False,5324,79.37989588081837,52.26793670654297,133.9416961669922,-0.006571846082806587,-179.6283416748047,-0.12999418377876282,-0.0016981387743726373,3.0326841624628287e-06,0.13000527486069088
drive,68,0.45,0.0,0.5,,0.13000527486069088,-0.27750229049832126,0.44999998807907104,0.0,0.0,1,False,False,5325,79.42989588156343,52.26172637939453,133.94178771972656,-0.006725807208567858,-179.61245727539062,-0.11613009870052338,0.00011964706209255382,1.3542174883696134e-06,0.11613016033577482
drive,69,0.45,0.0,0.5,,0.11613016033577482,1.6864332739526646,0.44999998807907104,0.0,0.0,1,False,False,5326,79.47989588230848,52.25426483154297,133.94163513183594,-0.007022743113338947,-179.62799072265625,-0.20045016705989838,0.000815036182757467,1.3160705520931515e-06,0.20045182403340805
drive,70,0.45,0.0,0.5,,0.20045182403340805,4.006360001999563,0.44999998807907104,0.0,0.0,1,False,False,5327,79.52989588305354,52.23721694946289,133.94149780273438,-0.007760276552289724,-179.62771606445312,-0.4007495045661926,-0.004035656806081533,-6.542205483128782e-06,0.40076982413338624
drive,71,0.45,0.0,0.5,,0.40076982413338624,0.690175891779996,0.44999998807907104,0.0,0.0,1,False,False,5328,79.5798958837986,52.21473693847656,133.94129943847656,-0.008277015760540962,-179.6355438232422,-0.4352682828903198,-0.0029996377415955067,-1.52587890625e-05,0.43527861872238605
drive,72,0.45,0.0,0.5,,0.43527861872238605,-0.2574740552425625,0.44999998807907104,0.0,0.0,1,False,False,5329,79.62989588454366,52.19338607788086,133.94126892089844,-0.008327788673341274,-179.62203979492188,-0.42239657044410706,-0.0026552409399300814,-1.0108947208209429e-05,0.4224049159602579
drive,73,0.45,0.0,0.5,,0.4224049159602579,0.21175570637409824,0.44999998807907104,0.0,0.0,1,False,False,5330,79.67989588528872,52.17214584350586,133.94102478027344,-0.008237037807703018,-179.63377380371094,-0.43298470973968506,-0.002630682894960046,-5.149840944795869e-07,0.43299270127896283
drive,74,0.45,0.0,0.5,,0.43299270127896283,0.6837451722608234,0.44999998807907104,0.0,0.0,1,False,False,5331,79.72989588603377,52.14960479736328,133.9409637451172,-0.008173484355211258,-179.6234130859375,-0.46716731786727905,-0.0034368650522083044,-2.9945372261863668e-06,0.467179959892004
drive,75,0.45,0.0,0.5,,0.467179959892004,0.7841301289679814,0.44999998807907104,0.0,0.0,1,False,False,5332,79.77989588677883,52.125057220458984,133.94070434570312,-0.00816219300031662,-179.63333129882812,-0.506378173828125,-0.0028979929629713297,-3.0517577442878974e-07,0.5063864663404031
drive,76,0.0,0.0,0.5,,0.5063864663404031,1.230300688344288,0.0,0.0,0.0,1,False,False,5333,79.82989588752389,52.09859848022461,133.94056701660156,-0.008173751644790173,-179.62940979003906,-0.5678911209106445,-0.0034335628151893616,3.8146970382513246e-07,0.5679015007576175
drive,77,0.0,0.0,0.5,,0.5679015007576175,2.915225451479091,0.0,0.0,0.0,1,False,False,5334,79.87989588826895,52.06515884399414,133.94033813476562,-0.008461952209472656,-179.63096618652344,-0.7136476039886475,-0.0046531022526323795,-5.846023213962326e-06,0.713662773331572
drive,78,0.0,0.042732554666314405,0.5,,0.713662773331572,-13.878855767773752,0.0,0.04273255541920662,0.0,1,False,False,5335,79.929895889014,52.050537109375,133.9403839111328,-0.007262611296027899,-179.6178436279297,-0.019711952656507492,0.0005627864738926291,1.9264220100012608e-05,0.019719984942884444
drive,79,0.45,0.0,0.5,,0.019719984942884444,2.1729765353497954,0.44999998807907104,0.0,0.0,1,False,False,5336,79.97989588975906,52.04494094848633,133.9403533935547,-0.006512107793241739,-179.6163787841797,-0.1283688098192215,2.2034746507415548e-05,1.0776519957289565e-05,0.12836881171037423
drive,80,0.45,0.0,0.5,,0.12836881171037423,-0.2848854480411514,0.44999998807907104,0.0,0.0,1,False,False,5337,80.02989589050412,52.03910446166992,133.9401397705078,-0.006364211905747652,-179.63201904296875,-0.11411095410585403,-0.0017608592752367258,4.739761152450228e-06,0.11412453930831666
drive,81,0.45,0.0,0.5,,0.11412453930831666,-0.21209670295522592,0.44999998807907104,0.0,0.0,1,False,False,5338,80.07989589124918,52.03361129760742,133.94024658203125,-0.006472587585449219,-179.6175537109375,-0.10351945459842682,0.00022730845375917852,1.9931792394345393e-06,0.10351970416055536
drive,82,0.45,0.0,0.5,,0.10351970416055536,-0.18148059119763277,0.44999998807907104,0.0,0.0,1,False,False,5339,80.12989589199424,52.02854919433594,133.94003295898438,-0.006667137145996094,-179.6333465576172,-0.09443388134241104,-0.001492482959292829,2.7751921152230352e-06,0.09444567460067373
drive,83,0.45,0.0,0.5,,0.09444567460067373,1.3102578057052952,0.44999998807907104,0.0,0.0,1,False,False,5340,80.1798958927393,52.021751403808594,133.9401092529297,-0.007004737854003906,-179.61753845214844,-0.15995165705680847,-0.001486568246036768,3.5095213206659537e-06,0.1599585648859385
drive,84,0.45,0.0,0.5,,0.1599585648859385,2.4789817177012865,0.44999998807907104,0.0,0.0,1,False,False,5341,80.22989589348435,52.01015090942383,133.94000244140625,-0.007506751921027899,-179.6227569580078,-0.2839071750640869,-0.000519724388141185,-2.8514862151496345e-06,0.28390765077100283
drive,85,0.45,0.0,0.5,,0.28390765077100283,3.4211583802038845,0.44999998807907104,0.0,0.0,1,False,False,5342,80.27989589422941,51.98976135253906,133.9398651123047,-0.008196067996323109,-179.61996459960938,-0.4549451768398285,-0.004307639319449663,-1.4362334695761092e-05,0.45496556978119707
drive,86,0.45,0.0,0.5,,0.45496556978119707,-0.004406358085643491,0.44999998807907104,0.0,0.0,1,False,False,5343,80.32989589497447,51.96636199951172,133.9396514892578,-0.008503532037138939,-179.62896728515625,-0.45473426580429077,-0.003160950494930148,-2.0093917555641383e-05,0.4547452518769149
drive,87,0.45,0.0,0.5,,0.4547452518769149,-0.06574423857617417,0.44999998807907104,0.0,0.0,1,False,False,5344,80.37989589571953,51.94386291503906,133.93960571289062,-0.008451423607766628,-179.61668395996094,-0.4514479637145996,-0.003016271162778139,-7.610321063111769e-06,0.4514580399481062
drive,88,0.45,0.0,0.5,,0.4514580399481062,0.37392870203494577,0.44999998807907104,0.0,0.0,1,False,False,5345,80.42989589646459,51.920936584472656,133.93936157226562,-0.00832519493997097,-179.6278839111328,-0.4701460301876068,-0.0028179262299090624,-4.1961669694501325e-07,0.47015447504985347
drive,89,0.45,0.0,0.5,,0.47015447504985347,0.6559800252091674,0.44999998807907104,0.0,0.0,1,False,False,5346,80.47989589720964,51.89656066894531,133.9392852783203,-0.008238410577178001,-179.6175079345703,-0.5029399991035461,-0.003681933507323265,2.4890898657758953e-06,0.5029534763103118
drive,90,0.0,0.0,0.5,,0.5029534763103118,1.2338612099126411,0.0,0.0,0.0,1,False,False,5347,80.5298958979547,51.87031555175781,133.93907165527344,-0.008204841054975986,-179.62152099609375,-0.5646325349807739,-0.003976426552981138,2.212524350397871e-06,0.5646465368059439
drive,91,0.0,0.0,0.5,,0.5646465368059439,2.9207568778435733,0.0,0.0,0.0,1,False,False,5348,80.57989589869976,51.83707046508789,133.93885803222656,-0.008471603505313396,-179.61990356445312,-0.7106691002845764,-0.004660350736230612,-6.4849850787140895e-06,0.7106843806981226
drive,92,0.0,0.04213687613962452,0.5,,0.7106843806981226,-13.822495870107078,0.0,0.04213687777519226,0.0,1,False,False,5349,80.62989589944482,51.82257843017578,133.9386444091797,-0.007264900021255016,-179.63331604003906,-0.019542979076504707,-0.0008058659732341766,1.964569128176663e-05,0.019559587192768596
drive,93,0.45,0.0,0.5,,0.019559587192768596,2.935706396676785,0.44999998807907104,0.0,0.0,1,False,False,5350,80.67989590018988,51.81552505493164,133.93862915039062,-0.006603775080293417,-179.63629150390625,-0.16633138060569763,-0.002121301367878914,1.1949538929911796e-05,0.16634490702660784
drive,94,0.45,0.0,0.5,,0.16634490702660784,-0.41053824761358493,0.44999998807907104,0.0,0.0,1,False,False,5351,80.72989590093493,51.80795669555664,133.938720703125,-0.006483154371380806,-179.6204833984375,-0.14581798017024994,6.497406138805673e-05,3.547668484316091e-06,0.1458179946459286
drive,95,0.45,0.0,0.5,,0.1458179946459286,-0.3274453367219754,0.44999998807907104,0.0,0.0,1,False,False,5352,80.77989590167999,51.80109405517578,133.93853759765625,-0.006565246265381575,-179.63531494140625,-0.1294347047805786,-0.0016892739804461598,2.47955313170678e-06,0.12944572780982982
drive,96,0.45,0.0,0.5,,0.12944572780982982,-0.2749909736919362,0.44999998807907104,0.0,0.0,1,False,False,5353,80.82989590242505,51.79490280151367,133.9386444091797,-0.0067219543270766735,-179.61949157714844,-0.11569609493017197,0.00013957824558019638,1.077651972991589e-06,0.11569617912523301
drive,97,0.45,0.0,0.5,,0.11569617912523301,1.7597948366119534,0.44999998807907104,0.0,0.0,1,False,False,5354,80.87989590317011,51.78736877441406,133.93846130371094,-0.007027015555649996,-179.63572692871094,-0.20368346571922302,0.0010000941110774875,1.163482693300466e-06,0.20368592095583068
drive,98,0.45,0.0,0.5,,0.20368592095583068,3.9927405705173884,0.44999998807907104,0.0,0.0,1,False,False,5355,80.92989590391517,51.77015686035156,133.93833923339844,-0.00777030922472477,-179.63560485839844,-0.403303861618042,-0.003923873417079449,-5.245208740234375e-06,0.4033229494817001
drive,99,0.45,0.0,0.5,,0.4033229494817001,0.6298388957005663,0.44999998807907104,0.0,0.0,1,False,False,5356,80.97989590466022,51.74767303466797,133.93814086914062,-0.008279304020106792,-179.6436309814453,-0.43480539321899414,-0.00287442235276103,-1.241683912667213e-05,0.4348148942667284
drive,100,0.45,0.0,0.5,,0.4348148942667284,-0.25387965486193487,0.44999998807907104,0.0,0.0,1,False,False,5357,81.02989590540528,51.72635269165039,133.93812561035156,-0.008325767703354359,-179.63018798828125,-0.42211300134658813,-0.0025841903407126665,-1.1301040103717241e-05,0.4221209115236317
drive,101,0.45,0.0,0.5,,0.4221209115236317,0.21763477873423698,0.44999998807907104,0.0,0.0,1,False,False,5358,81.07989590615034,51.705116271972656,133.93788146972656,-0.008234824985265732,-179.64186096191406,-0.4329950511455536,-0.002565343864262104,-2.956390289909905e-06,0.43300265046034353
drive,102,0.45,0.0,0.5,,0.43300265046034353,0.689338833524602,0.44999998807907104,0.0,0.0,1,False,False,5359,81.1298959068954,51.68256378173828,133.9378204345703,-0.008171958848834038,-179.63150024414062,-0.4674574136734009,-0.0033743109088391066,1.306533818024036e-06,0.46746959213657363
drive,103,0.45,0.0,0.5,,0.46746959213657363,0.7840862360934786,0.44999998807907104,0.0,0.0,1,False,False,5360,81.17989590764046,51.65800094604492,133.93756103515625,-0.008161506615579128,-179.6414794921875,-0.5066660046577454,-0.0028292506467550993,1.1062621751989354e-06,0.5066739039412476
drive,104,0.0,0.0,0.5,,0.5066739039412476,1.22802704863624,0.0,0.0,0.0,1,False,False,5361,81.22989590838552,51.63152313232422,133.93743896484375,-0.008173256181180477,-179.63751220703125,-0.568065345287323,-0.003355649998411536,2.3937225250847405e-06,0.5680752563730596
drive,105,0.0,0.0,0.5,,0.5680752563730596,2.915891972414415,0.0,0.0,0.0,1,False,False,5362,81.27989590913057,51.59808349609375,133.9372100830078,-0.008461646735668182,-179.63905334472656,-0.7138553261756897,-0.004554465878754854,-8.687972695042845e-06,0.7138698549937803
drive,106,0.0,0.042773970998756065,0.5,,0.7138698549937803,-13.882773828158706,0.0,0.04277396947145462,0.0,1,False,False,5363,81.32989590987563,51.58345413208008,133.937255859375,-0.007262229919433594,-179.6259765625,-0.01972307078540325,0.0005650621606037021,1.9702911231433973e-05,0.01973116358584494
drive,107,0.45,0.0,0.5,,0.01973116358584494,2.171657291877224,0.44999998807907104,0.0,0.0,1,False,False,5364,81.37989591062069,51.57786178588867,133.9372100830078,-0.006511192303150892,-179.62472534179688,-0.12831401824951172,5.048134698881768e-05,1.108169544750126e-05,0.12831402817970614
drive,108,0.45,0.0,0.5,,0.12831402817970614,-0.2922428448265632,0.44999998807907104,0.0,0.0,1,False,False,5365,81.42989591136575,51.572044372558594,133.93701171875,-0.006362953223288059,-179.64013671875,-0.11368858814239502,-0.0017389054410159588,8.964538551481382e-07,0.11370188593837798
drive,109,0.45,0.0,0.5,,0.11370188593837798,-0.211227153765432,0.44999998807907104,0.0,0.0,1,False,False,5366,81.4798959121108,51.566566467285156,133.93711853027344,-0.0064705656841397285,-179.6256561279297,-0.10314023494720459,0.00024597306037321687,8.678435960973729e-07,0.10314052825010638
drive,110,0.45,0.0,0.5,,0.10314052825010638,-0.17947880517007686,0.44999998807907104,0.0,0.0,1,False,False,5367,81.52989591285586,51.5615119934082,133.93690490722656,-0.006665916182100773,-179.6414794921875,-0.09415505081415176,-0.00147400819696486,3.0517576306010596e-06,0.09416658799160253
drive,111,0.45,0.0,0.5,,0.09416658799160253,1.611332095018966,0.44999998807907104,0.0,0.0,1,False,False,5368,81.57989591360092,51.5544319152832,133.93698120117188,-0.007024841383099556,-179.62705993652344,-0.17472311854362488,-0.0018762975232675672,2.136230477844947e-06,0.17473319274255084
drive,112,0.45,0.0,0.5,,0.17473319274255084,3.4908133028891775,0.44999998807907104,0.0,0.0,1,False,False,5369,81.62989591434598,51.54011154174805,133.93685913085938,-0.0076676937751472,-179.630615234375,-0.34927311539649963,-0.0007201836560852826,-3.318786639283644e-06,0.3492738578870097
drive,113,0.45,0.0,0.5,,0.3492738578870097,2.0990897275327467,0.44999998807907104,0.0,0.0,1,False,False,5370,81.67989591509104,51.51789474487305,133.93678283691406,-0.008311348035931587,-179.6227569580078,-0.4542182385921478,-0.003029927844181657,-1.548767068015877e-05,0.45422834426364705
drive,114,0.45,0.0,0.5,,0.45422834426364705,-0.3572413483217296,0.44999998807907104,0.0,0.0,1,False,False,5371,81.7298959158361,51.49566650390625,133.93650817871094,-0.008447532542049885,-179.63685607910156,-0.43635642528533936,-0.002932180417701602,-1.258850079466356e-05,0.4363662768475606
drive,115,0.45,0.0,0.5,,0.4363662768475606,0.0712214819898338,0.44999998807907104,0.0,0.0,1,False,False,5372,81.77989591658115,51.473934173583984,133.93646240234375,-0.008354263380169868,-179.6248779296875,-0.4399174749851227,-0.002947764238342643,-4.405975232657511e-06,0.43992735094705226
drive,116,0.45,0.0,0.5,,0.43992735094705226,0.5381870633969577,0.44999998807907104,0.0,0.0,1,False,False,5373,81.82989591732621,51.45132064819336,133.93621826171875,-0.008249740116298199,-179.6356658935547,-0.4668290913105011,-0.002666048938408494,2.8610228852699038e-08,0.46683670411690015
drive,117,0.45,0.0,0.5,,0.46683670411690015,0.742471465552228,0.44999998807907104,0.0,0.0,1,False,False,5374,81.87989591807127,51.42692184448242,133.93612670898438,-0.008199615404009819,-179.62548828125,-0.5039471387863159,-0.003639024682343006,-5.626678216685832e-07,0.5039602773945115
drive,118,0.0,0.0,0.5,,0.5039602773945115,1.2385113244855872,0.0,0.0,0.0,1,False,False,5375,81.92989591881633,51.40058517456055,133.93592834472656,-0.008190155029296875,-179.62945556640625,-0.5658723711967468,-0.003904807846993208,1.0299681889591739e-06,0.5658858436187909
drive,119,0.0,0.0,0.5,,0.5658858436187909,2.9180085125427535,0.0,0.0,0.0,1,False,False,5376,81.97989591956139,51.36725616455078,133.9357147216797,-0.00846809335052967,-179.62789916992188,-0.7117716073989868,-0.004568587057292461,-6.0081479205109645e-06,0.7117862692459286
drive,120,0.0,0.04235725384918572,0.5,,0.7117862692459286,-13.84346992751371,0.0,0.04235725477337837,0.0,1,False,False,5377,82.02989592030644,51.352718353271484,133.9355010986328,-0.007265395950525999,-179.64138793945312,-0.019595984369516373,-0.0008113299263641238,1.9989012798760086e-05,0.019612772870243107
drive,121,0.45,0.0,0.5,,0.019612772870243107,2.8663062308528113,0.44999998807907104,0.0,0.0,1,False,False,5378,82.0798959210515,51.34577560424805,133.9354705810547,-0.0065966034308075905,-179.646484375,-0.16291747987270355,-0.0018588820239529014,1.0938643754343502e-05,0.16292808441288367
drive,122,0.45,0.0,0.5,,0.16292808441288367,-0.3942536362919291,0.44999998807907104,0.0,0.0,1,False,False,5379,82.12989592179656,51.33835983276367,133.93557739257812,-0.006472778040915728,-179.6307373046875,-0.14321531355381012,0.00015970307867974043,5.779266302852193e-06,0.14321540259828722
drive,123,0.45,0.0,0.5,,0.14321540259828722,-0.3056314831117546,0.44999998807907104,0.0,0.0,1,False,False,5380,82.17989592254162,51.331581115722656,133.93539428710938,-0.006559104658663273,-179.6451873779297,-0.1279231756925583,-0.0016509332926943898,3.967285010730848e-06,0.1279338284426995
drive,124,0.45,0.0,0.5,,0.1279338284426995,-0.27008219924384874,0.44999998807907104,0.0,0.0,1,False,False,5381,82.22989592328668,51.325462341308594,133.93548583984375,-0.006719016935676336,-179.6293182373047,-0.11442959308624268,0.00016940379282459617,1.0299681889591739e-06,0.11442971848050705
drive,125,0.45,0.0,0.5,,0.11442971848050705,0.36565944307026615,0.44999998807907104,0.0,0.0,1,False,False,5382,82.27989592403173,51.31906509399414,133.93531799316406,-0.006943283136934042,-179.64486694335938,-0.13270895183086395,-0.0009961723117157817,1.9741057712963084e-06,0.13271269063402036
drive,126,0.45,0.0,0.5,,0.13271269063402036,3.147105039772,0.44999998807907104,0.0,0.0,1,False,False,5383,82.32989592477679,51.30807876586914,133.93527221679688,-0.007422866765409708,-179.64041137695312,-0.2900472581386566,-0.0034640126395970583,-2.231597818536102e-06,0.29006794262262037
drive,127,0.45,0.0,0.5,,0.29006794262262037,3.3812168616395275,0.44999998807907104,0.0,0.0,1,False,False,5384,82.37989592552185,51.28729248046875,133.9351348876953,-0.00815578456968069,-179.64283752441406,-0.45912596583366394,-0.0016091488068923354,-1.239776611328125e-05,0.45912878570459675
drive,128,0.45,0.0,0.5,,0.45912878570459675,-0.11599234823597593,0.44999998807907104,0.0,0.0,1,False,False,5385,82.42989592626691,51.26396179199219,133.93505859375,-0.008464698679745197,-179.63345336914062,-0.4533213973045349,-0.0026543494313955307,-1.8405913579044864e-05,0.45332916829279796
drive,129,0.45,0.0,0.5,,0.45332916829279796,-0.04540017606515567,0.44999998807907104,0.0,0.0,1,False,False,5386,82.47989592701197,51.24150085449219,133.934814453125,-0.008421516045928001,-179.64573669433594,-0.45105060935020447,-0.002777258399873972,-7.886886123742443e-06,0.4510591594895402
drive,130,0.45,0.0,0.5,,0.4510591594895402,0.393394717540686,0.44999998807907104,0.0,0.0,1,False,False,5387,82.52989592775702,51.21855163574219,133.9347686767578,-0.0083063505589962,-179.63462829589844,-0.4707176983356476,-0.003246753243729472,-1.363754222438729e-06,0.4707288953665745
drive,131,0.45,0.0,0.5,,0.4707288953665745,0.6640125034372546,0.44999998807907104,0.0,0.0,1,False,False,5388,82.57989592850208,51.19411849975586,133.9345245361328,-0.008228340186178684,-179.6449432373047,-0.5039217472076416,-0.002798992907628417,7.438659395120339e-07,0.5039295205384372
drive,132,0.0,0.0,0.5,,0.5039295205384372,1.2318898362733188,0.0,0.0,0.0,1,False,False,5389,82.62989592924714,51.16782760620117,133.93438720703125,-0.008200416341423988,-179.64097595214844,-0.5655143857002258,-0.0032997140660881996,2.613067636048072e-06,0.5655240123521031
drive,133,0.0,0.0,0.5,,0.5655240123521031,2.9216975981696214,0.0,0.0,0.0,1,False,False,5390,82.6798959299922,51.134521484375,133.93417358398438,-0.008469734340906143,-179.64256286621094,-0.7115947008132935,-0.004494142718613148,-5.798339770990424e-06,0.7116088922605842
drive,134,0.0,0.04232177845211685,0.5,,0.7116088922605842,-13.83975916222323,0.0,0.04232177883386612,0.0,1,False,False,5391,82.72989593073726,51.1199951171875,133.9342041015625,-0.007263603154569864,-179.62954711914062,-0.019613074138760567,0.0005553194787353277,2.1886824470129795e-05,0.01962093414942269
drive,135,0.45,0.0,0.5,,0.01962093414942269,2.2341123353018535,0.44999998807907104,0.0,0.0,1,False,False,5392,82.77989593148232,51.11427688598633,133.93418884277344,-0.006521796807646751,-179.62745666503906,-0.13132652640342712,8.023660484468564e-05,9.708403922559228e-06,0.13132655091451537
drive,136,0.45,0.0,0.5,,0.13132655091451537,-0.303218252313118,0.44999998807907104,0.0,0.0,1,False,False,5393,82.82989593222737,51.10831832885742,133.93399047851562,-0.006375045515596867,-179.64306640625,-0.11615259945392609,-0.0017404486425220966,4.5204160414868966e-06,0.11616563829885947
drive,137,0.45,0.0,0.5,,0.11616563829885947,-0.2667785921792934,0.44999998807907104,0.0,0.0,1,False,False,5394,82.87989593297243,51.10281753540039,133.93408203125,-0.006475562695413828,-179.6274871826172,-0.1028260663151741,0.000363464088877663,3.4046172459056834e-06,0.1028267086898948
drive,138,0.45,0.0,0.5,,0.1028267086898948,-0.20108371451731666,0.44999998807907104,0.0,0.0,1,False,False,5395,82.92989593371749,51.09782028198242,133.93389892578125,-0.00666263559833169,-179.64283752441406,-0.09276045858860016,-0.0014961081324145198,2.651214572324534e-06,0.09277252296402896
drive,139,0.45,0.0,0.5,,0.09277252296402896,0.9911711012875202,0.44999998807907104,0.0,0.0,1,False,False,5396,82.97989593446255,51.09150314331055,133.93399047851562,-0.006971130147576332,-179.62657165527344,-0.14232738316059113,-0.001025561010465026,1.554489131194714e-06,0.14233107802840497
drive,140,0.45,0.0,0.5,,0.14233107802840497,2.90641075884197,0.44999998807907104,0.0,0.0,1,False,False,5397,83.0298959352076,51.080345153808594,133.9338836669922,-0.007481422275304794,-179.63165283203125,-0.28765156865119934,-0.00016499377670697868,-1.0871887070607045e-06,0.2876516159705035
drive,141,0.45,0.0,0.5,,0.2876516159705035,3.396571659801569,0.44999998807907104,0.0,0.0,1,False,False,5398,83.07989593595266,51.0596923828125,133.9337615966797,-0.008206862956285477,-179.62893676757812,-0.4574601948261261,-0.0042781527154147625,-1.2187957509013359e-05,0.45748019896058195
drive,142,0.45,0.0,0.5,,0.45748019896058195,-0.09435323497853587,0.44999998807907104,0.0,0.0,1,False,False,5399,83.12989593669772,51.03639221191406,133.93353271484375,-0.008509292267262936,-179.6381378173828,-0.4527517855167389,-0.003120226552709937,-1.7118452888098545e-05,0.45276253721165516
drive,143,0.45,0.0,0.5,,0.45276253721165516,-0.05559979674736759,0.44999998807907104,0.0,0.0,1,False,False,5400,83.17989593744278,51.01396942138672,133.93348693847656,-0.008455200120806694,-179.6258087158203,-0.44997286796569824,-0.0029514464549720287,-1.0814666893566027e-05,0.4499825473742868
drive,144,0.45,0.0,0.5,,0.4499825473742868,0.38588825810620286,0.44999998807907104,0.0,0.0,1,False,False,5401,83.22989593818784,50.99110794067383,133.93324279785156,-0.008329429663717747,-179.63697814941406,-0.4692689776420593,-0.0027371649630367756,-1.0681152389224735e-06,0.4692769602795969
drive,145,0.45,0.0,0.5,,0.4692769602795969,0.6658135502513229,0.44999998807907104,0.0,0.0,1,False,False,5402,83.2798959389329,50.96675109863281,133.93316650390625,-0.00824333168566227,-179.62664794921875,-0.502554714679718,-0.0036040684208273888,2.880096417356981e-06,0.5025676377921631
drive,146,0.0,0.0,0.5,,0.5025676377921631,1.2354940922118018,0.0,0.0,0.0,1,False,False,5403,83.32989593967795,50.94050979614258,133.93296813964844,-0.008210373111069202,-179.630615234375,-0.5643289685249329,-0.003885191399604082,4.673004241340095e-06,0.5643423424027532
drive,147,0.0,0.0,0.5,,0.5643423424027532,2.919932058072734,0.0,0.0,0.0,1,False,False,5404,83.37989594042301,50.90726852416992,133.93275451660156,-0.008475913666188717,-179.62901306152344,-0.7103244066238403,-0.004544730298221111,-4.19616708313697e-06,0.7103389453063899
drive,148,0.0,0.04206778906127798,0.5,,0.7103389453063899,-13.815859594338244,0.0,0.042067788541316986,0.0,1,False,False,5405,83.42989594116807,50.89279556274414,133.9325408935547,-0.007268409710377455,-179.64244079589844,-0.019529514014720917,-0.0008017812506295741,2.040863000729587e-05,0.019545965589477583
drive,149,0.45,0.0,0.5,,0.019545965589477583,2.9925945033215404,0.44999998807907104,0.0,0.0,1,False,False,5406,83.47989594191313,50.88566970825195,133.9325408935547,-0.0066127777099609375,-179.6436309814453,-0.16916009783744812,-0.0022968766279518604,1.1901855032192543e-05,0.1691756907555546
drive,150,0.45,0.0,0.5,,0.1691756907555546,-0.4186191131481981,0.44999998807907104,0.0,0.0,1,False,False,5407,83.52989594265819,50.87795639038086,133.93264770507812,-0.006494178436696529,-179.62770080566406,-0.1482447236776352,5.818986755912192e-05,4.38690176451928e-06,0.1482447350981447
drive,151,0.45,0.0,0.5,,0.1482447350981447,-0.35712001704672536,0.44999998807907104,0.0,0.0,1,False,False,5408,83.57989594340324,50.871028900146484,133.93243408203125,-0.006571883801370859,-179.64303588867188,-0.1303776353597641,-0.0017012396128848195,2.7656553811539197e-06,0.13038873424580844
drive,152,0.45,0.0,0.5,,0.13038873424580844,-0.2778489143128507,0.44999998807907104,0.0,0.0,1,False,False,5409,83.6298959441483,50.86479568481445,133.9325408935547,-0.0067248535342514515,-179.627197265625,-0.11649619787931442,0.00014533054491039366,9.250640573554847e-07,0.1164962885301659
drive,153,0.45,0.0,0.5,,0.1164962885301659,1.7080284876298908,0.44999998807907104,0.0,0.0,1,False,False,5410,83.67989594489336,50.8572883605957,133.932373046875,-0.00702323904260993,-179.64297485351562,-0.20189565420150757,0.000911752984393388,3.4904478525277227e-06,0.20189771291166045
drive,154,0.45,0.0,0.5,,0.20189771291166045,3.999134464248243,0.44999998807907104,0.0,0.0,1,False,False,5411,83.72989594563842,50.84017562866211,133.9322509765625,-0.007761687971651554,-179.64271545410156,-0.4018353521823883,-0.0039163208566606045,-3.0803680601820815e-06,0.4018544361240726
drive,155,0.45,0.0,0.5,,0.4018544361240726,0.6640047344348854,0.44999998807907104,0.0,0.0,1,False,False,5412,83.77989594638348,50.81769943237305,133.93206787109375,-0.008275222964584827,-179.65060424804688,-0.4350452721118927,-0.0028599961660802364,-1.6012190826586448e-05,0.4350546728458169
drive,156,0.45,0.0,0.5,,0.4350546728458169,-0.25491904021298195,0.44999998807907104,0.0,0.0,1,False,False,5413,83.82989594712853,50.79636001586914,133.9320526123047,-0.008324355818331242,-179.63714599609375,-0.4223010838031769,-0.0025397464632987976,-1.4762877981411293e-05,0.4223087208351678
drive,157,0.45,0.0,0.5,,0.4223087208351678,0.21578009584848123,0.44999998807907104,0.0,0.0,1,False,False,5414,83.87989594787359,50.77511978149414,133.93179321289062,-0.008234748616814613,-179.64883422851562,-0.4330904185771942,-0.0025158061180263758,-4.224777057970641e-06,0.43309772562759186
drive,158,0.45,0.0,0.5,,0.43309772562759186,0.6872661656359369,0.44999998807907104,0.0,0.0,1,False,False,5415,83.92989594861865,50.7525634765625,133.93173217773438,-0.008172226138412952,-179.6384735107422,-0.46744927763938904,-0.0033152764663100243,8.583068478174027e-08,0.4674610339093887
drive,159,0.45,0.0,0.5,,0.4674610339093887,0.783525737064229,0.44999998807907104,0.0,0.0,1,False,False,5416,83.97989594936371,50.72800064086914,133.93148803710938,-0.00816143024712801,-179.64845275878906,-0.5066297650337219,-0.0027669426053762436,6.103515488575795e-07,0.5066373207626002
backup,0,0.0,1.0,0.5,,0.5066373207626002,-9.974519560617946,0.0,1.0,0.0,1,False,False,5417,84.02989595010877,50.72300720214844,133.9317169189453,-0.006939468439668417,-179.62603759765625,-0.00790836475789547,0.00021704993559978902,1.5039443496789318e-05,0.007911342731702813
backup,1,0.0,1.0,0.5,,0.007911342731702813,-0.11724278826093212,0.0,1.0,0.0,1,False,False,5418,84.07989595085382,50.723411560058594,133.9317169189453,-0.006342391949146986,-179.62603759765625,-0.0020472293253988028,8.992402581498027e-05,5.235671778791584e-06,0.0020492033186562063
backup,2,0.0,1.0,0.5,,0.0020492033186562063,-0.029016831846937433,0.0,1.0,0.0,1,False,False,5419,84.12989595159888,50.72343826293945,133.9317169189453,-0.006301498040556908,-179.6260528564453,0.0005973892984911799,3.40995829901658e-05,1.9359588350198464e-06,0.0005983617263093348
backup,3,0.0,1.0,0.5,,0.0005983617263093348,0.01929655810269177,0.0,1.0,0.0,1,False,False,5420,84.17989595234394,50.72330856323242,133.9317169189453,-0.00648994417861104,-179.6260528564453,0.0015631718561053276,7.454671958839754e-06,4.644393811759073e-06,0.0015631896314439234
backup,4,0.0,1.0,0.5,,0.0015631896314439234,0.0028488106027055446,0.0,1.0,0.0,1,False,False,5421,84.229895953089,50.72313690185547,133.93170166015625,-0.006740035954862833,-179.6260528564453,0.0017056254437193274,-4.01171109842835e-06,4.310607891966356e-06,0.0017056301615792006
backup,5,0.0,1.0,0.5,,0.0017056301615792006,-0.004233759168129269,0.0,1.0,0.0,1,False,False,5422,84.27989595383406,50.72297668457031,133.93170166015625,-0.006974906660616398,-179.6260528564453,0.001493921154178679,-7.9304172686534e-06,1.945495569088962e-06,0.0014939422031727372
backup,6,0.0,1.0,0.5,,0.0014939422031727372,-0.006429926501309098,0.0,1.0,0.0,1,False,False,5423,84.32989595457911,50.72285079956055,133.93170166015625,-0.007166633382439613,-179.6260528564453,0.0011724182404577732,-8.050250471569598e-06,1.182556161438697e-06,0.0011724458781072822
backup,7,0.0,1.0,0.5,,0.0011724458781072822,-0.006301431269977384,0.0,1.0,0.0,1,False,False,5424,84.37989595532417,50.72275161743164,133.93170166015625,-0.007310523651540279,-179.6260528564453,0.0008573459926992655,-6.968798516027164e-06,9.441375254937157e-07,0.000857374314608413
backup,8,0.0,1.0,0.5,,0.000857374314608413,-0.005253245608872975,0.0,1.0,0.0,1,False,False,5425,84.42989595606923,50.72268295288086,133.93170166015625,-0.007412376347929239,-179.6260528564453,0.0005946869496256113,-5.46219052921515e-06,0.0,0.0005947120341647643
backup,9,0.0,1.0,0.5,,0.0005947120341647643,-0.011894240683295285,0.0,1.0,0.0,1,False,False,5426,84.47989595681429,50.72268295288086,133.93170166015625,-0.007412376347929239,-179.6260528564453,0.0,0.0,0.0,0.0
backup,10,0.0,1.0,0.5,,0.0,0.0,0.0,1.0,0.0,1,False,False,5427,84.52989595755935,50.72268295288086,133.93170166015625,-0.007412376347929239,-179.6260528564453,0.0,0.0,0.0,0.0
backup,11,0.0,1.0,0.5,,0.0,0.0,0.0,1.0,0.0,1,False,False,5428,84.5798959583044,50.72268295288086,133.93170166015625,-0.007412376347929239,-179.6260528564453,0.0,0.0,0.0,0.0
backup,12,0.0,1.0,0.5,,0.0,0.0,0.0,1.0,0.0,1,False,False,5429,84.62989595904946,50.72268295288086,133.93170166015625,-0.007412376347929239,-179.6260528564453,0.0,0.0,0.0,0.0
backup,13,0.0,1.0,0.5,,0.0,0.0,0.0,1.0,0.0,1,False,False,5430,84.67989595979452,50.72268295288086,133.93170166015625,-0.007412376347929239,-179.6260528564453,0.0,0.0,0.0,0.0
backup,14,0.0,1.0,0.5,,0.0,0.0,0.0,1.0,0.0,1,False,False,5431,84.72989596053958,50.72268295288086,133.93170166015625,-0.007412376347929239,-179.6260528564453,0.0,0.0,0.0,0.0
backup,15,0.0,1.0,0.5,,0.0,0.0,0.0,1.0,0.0,1,False,False,5432,84.77989596128464,50.72268295288086,133.93170166015625,-0.007412376347929239,-179.6260528564453,0.0,0.0,0.0,0.0
backup,16,0.0,1.0,0.5,,0.0,0.0,0.0,1.0,0.0,1,False,False,5433,84.8298959620297,50.72268295288086,133.93170166015625,-0.007412376347929239,-179.6260528564453,0.0,0.0,0.0,0.0
backup,17,0.0,1.0,0.5,,0.0,0.0,0.0,1.0,0.0,1,False,False,5434,84.87989596277475,50.72268295288086,133.93170166015625,-0.007412376347929239,-179.6260528564453,0.0,0.0,0.0,0.0
backup,18,0.0,1.0,0.5,,0.0,0.0,0.0,1.0,0.0,1,False,False,5435,84.92989596351981,50.72268295288086,133.93170166015625,-0.007412376347929239,-179.6260528564453,0.0,0.0,0.0,0.0
backup,19,0.0,1.0,0.5,,0.0,0.0,0.0,1.0,0.0,1,False,False,5436,84.97989596426487,50.72268295288086,133.93170166015625,-0.007412376347929239,-179.6260528564453,0.0,0.0,0.0,0.0
backup,20,0.0,1.0,0.5,,0.0,0.0,0.0,1.0,0.0,1,False,False,5437,85.02989596500993,50.72268295288086,133.93170166015625,-0.007412376347929239,-179.6260528564453,0.0,0.0,0.0,0.0
backup,21,0.0,1.0,0.5,,0.0,0.0,0.0,1.0,0.0,1,False,False,5438,85.07989596575499,50.72268295288086,133.93170166015625,-0.007412376347929239,-179.6260528564453,0.0,0.0,0.0,0.0
backup,22,0.0,1.0,0.5,,0.0,0.0,0.0,1.0,0.0,1,False,False,5439,85.12989596650004,50.72268295288086,133.93170166015625,-0.007412376347929239,-179.6260528564453,0.0,0.0,0.0,0.0
backup,23,0.0,1.0,0.5,,0.0,0.0,0.0,1.0,0.0,1,False,False,5440,85.1798959672451,50.72268295288086,133.93170166015625,-0.007412376347929239,-179.6260528564453,0.0,0.0,0.0,0.0
backup,24,0.0,1.0,0.5,,0.0,0.0,0.0,1.0,0.0,1,False,False,5441,85.22989596799016,50.72268295288086,133.93170166015625,-0.007412376347929239,-179.6260528564453,0.0,0.0,0.0,0.0
backup,25,0.0,1.0,0.5,,0.0,0.0,0.0,1.0,0.0,1,False,False,5442,85.27989596873522,50.72268295288086,133.93170166015625,-0.007412376347929239,-179.6260528564453,0.0,0.0,0.0,0.0
backup,26,0.0,1.0,0.5,,0.0,0.0,0.0,1.0,0.0,1,False,False,5443,85.32989596948028,50.72268295288086,133.93170166015625,-0.007412376347929239,-179.6260528564453,0.0,0.0,0.0,0.0
backup,27,0.0,1.0,0.5,,0.0,0.0,0.0,1.0,0.0,1,False,False,5444,85.37989597022533,50.72268295288086,133.93170166015625,-0.007412376347929239,-179.6260528564453,0.0,0.0,0.0,0.0
backup,28,0.0,1.0,0.5,,0.0,0.0,0.0,1.0,0.0,1,False,False,5445,85.42989597097039,50.72268295288086,133.93170166015625,-0.007412376347929239,-179.6260528564453,0.0,0.0,0.0,0.0
backup,29,0.0,1.0,0.5,,0.0,0.0,0.0,1.0,0.0,1,False,False,5446,85.47989597171545,50.72268295288086,133.93170166015625,-0.007412376347929239,-179.6260528564453,0.0,0.0,0.0,0.0
backup,30,0.0,1.0,0.5,,0.0,0.0,0.0,1.0,0.0,1,False,False,5447,85.52989597246051,50.72268295288086,133.93170166015625,-0.007412376347929239,-179.6260528564453,0.0,0.0,0.0,0.0
backup,31,0.0,1.0,0.5,,0.0,0.0,0.0,1.0,0.0,1,False,False,5448,85.57989597320557,50.72268295288086,133.93170166015625,-0.007412376347929239,-179.6260528564453,0.0,0.0,0.0,0.0
backup,32,0.0,1.0,0.5,,0.0,0.0,0.0,1.0,0.0,1,False,False,5449,85.62989597395062,50.72268295288086,133.93170166015625,-0.007412376347929239,-179.6260528564453,0.0,0.0,0.0,0.0
backup,33,0.0,1.0,0.5,,0.0,0.0,0.0,1.0,0.0,1,False,False,5450,85.67989597469568,50.72268295288086,133.93170166015625,-0.007412376347929239,-179.6260528564453,0.0,0.0,0.0,0.0
backup,34,0.0,1.0,0.5,,0.0,0.0,0.0,1.0,0.0,1,False,False,5451,85.72989597544074,50.72268295288086,133.93170166015625,-0.007412376347929239,-179.6260528564453,0.0,0.0,0.0,0.0
backup,35,0.0,1.0,0.5,,0.0,0.0,0.0,1.0,0.0,1,False,False,5452,85.7798959761858,50.72268295288086,133.93170166015625,-0.007412376347929239,-179.6260528564453,0.0,0.0,0.0,0.0
backup,36,0.0,1.0,0.5,,0.0,0.0,0.0,1.0,0.0,1,False,False,5453,85.82989597693086,50.72268295288086,133.93170166015625,-0.007412376347929239,-179.6260528564453,0.0,0.0,0.0,0.0
backup,37,0.0,1.0,0.5,,0.0,0.0,0.0,1.0,0.0,1,False,False,5454,85.87989597767591,50.72268295288086,133.93170166015625,-0.007412376347929239,-179.6260528564453,0.0,0.0,0.0,0.0
backup,38,0.0,1.0,0.5,,0.0,0.0,0.0,1.0,0.0,1,False,False,5455,85.92989597842097,50.72268295288086,133.93170166015625,-0.007412376347929239,-179.6260528564453,0.0,0.0,0.0,0.0
backup,39,0.0,1.0,0.5,,0.0,0.0,0.0,1.0,0.0,1,False,False,5456,85.97989597916603,50.72268295288086,133.93170166015625,-0.007412376347929239,-179.6260528564453,0.0,0.0,0.0,0.0
