actual_throttle,actual_brake,actual_steer,actual_gear,actual_hand_brake,actual_reverse,actual_manual_gear_shift,phase,step,frame,timestamp,throttle,brake,steer,before_speed,sampled_acceleration,x,y,z,yaw,vx,vy,vz,speed
1.0,0.0,0.0,0,False,False,False,drive,0,5055,29.189127504825592,1.0,0.0,0.0,0.0004358551671576907,-0.0032289413336426516,-24.33634376525879,-57.78568649291992,-0.006512870546430349,0.5967371463775635,5.089999103802256e-05,0.00026964605785906315,-0.0019201850518584251,0.0002744081004755581
1.0,0.0,0.0,0,False,False,False,drive,1,5056,29.23912750557065,1.0,0.0,0.0,0.0002744081004755581,-0.002122752536218606,-24.336349487304688,-57.78569030761719,-0.006667594891041517,0.5967385172843933,2.8148469937150367e-05,0.0001658994151512161,-0.003805885324254632,0.00016827047366462782
1.0,0.0,0.0,0,False,False,False,drive,2,5057,29.289127506315708,1.0,0.0,0.0,0.00016827047366462782,-0.001354226939278163,-24.33635139465332,-57.78569793701172,-0.006871070712804794,0.5967389941215515,1.4480167010333389e-05,9.951111860573292e-05,-0.004202261101454496,0.00010055912670071967
1.0,0.0,0.0,0,False,False,False,drive,3,5058,29.339127507060766,1.0,0.0,0.0,0.00010055912670071967,-0.0020111825340143933,-24.33635139465332,-57.78569793701172,-0.006871070712804794,0.5967389941215515,0.0,0.0,0.0,0.0
1.0,0.0,0.0,0,False,False,False,drive,4,5059,29.389127507805824,1.0,0.0,0.0,0.0,0.0003008982487565235,-24.336355209350586,-57.785701751708984,-0.0070957946591079235,0.5967394709587097,6.806625947319844e-07,1.5029507267172448e-05,-0.0016977309715002775,1.5044912437826175e-05
1.0,0.0,0.0,0,False,False,False,drive,5,5060,29.439127508550882,1.0,0.0,0.0,1.5044912437826175e-05,2.925583144609305e-05,-24.336355209350586,-57.785701751708984,-0.007195090875029564,0.5967394709587097,5.50642312191485e-07,1.649851765250787e-05,-0.0020920466631650925,1.6507704010130828e-05
1.0,0.0,0.0,0,False,False,False,drive,6,5061,29.48912750929594,1.0,0.0,0.0,1.6507704010130828e-05,-0.00023893718557011206,-24.336355209350586,-57.785701751708984,-0.007298049982637167,0.5967395305633545,4.6951575427556236e-07,4.536613232630771e-06,-0.001995410770177841,4.560844731625224e-06
1.0,0.0,0.0,0,False,False,False,drive,7,5062,29.539127510041,1.0,0.0,0.0,4.560844731625224e-06,-2.924581131020953e-05,-24.336355209350586,-57.785701751708984,-0.007388572674244642,0.5967395305633545,2.9663507916666276e-07,3.0843225431453902e-06,-0.0016716289101168513,3.0985541661147474e-06
1.0,0.0,0.0,0,False,False,False,drive,8,5063,29.589127510786057,1.0,0.0,0.0,3.0985541661147474e-06,-2.3498705927485156e-05,-24.336355209350586,-57.785701751708984,-0.007460517808794975,0.5967395901679993,1.312779147610854e-07,1.919134092531749e-06,-0.001282434444874525,1.9236188697404896e-06
1.0,0.0,0.0,0,False,False,False,drive,9,5064,29.639127511531115,1.0,0.0,0.0,1.9236188697404896e-06,-1.396446831127782e-05,-24.336355209350586,-57.78570556640625,-0.007513389457017183,0.5967395901679993,1.5818525866961863e-07,1.215142560795357e-06,-0.0009149837424047291,1.2253954541765985e-06
1.0,0.0,0.0,0,False,False,False,drive,10,5065,29.689127512276173,1.0,0.0,0.0,1.2253954541765985e-06,-5.517463702048384e-06,-24.336355209350586,-57.78570556640625,-0.007549590896815062,0.5967395901679993,4.968756428525012e-08,9.482213272349327e-07,-0.0006079101585783064,9.495222690741793e-07
1.0,0.0,0.0,0,False,False,False,drive,11,5066,29.73912751302123,1.0,0.0,0.0,9.495222690741793e-07,-4.3507384400473265e-06,-24.336355209350586,-57.78570556640625,-0.007572670001536608,0.5967395901679993,7.031938764612278e-08,7.285998435690999e-07,-0.0003736305225174874,7.31985347071813e-07
1.0,0.0,0.0,0,False,False,False,drive,12,5067,29.78912751376629,1.0,0.0,0.0,7.31985347071813e-07,9.824844680545702,-24.32541847229004,-57.78559494018555,-0.008322792127728462,0.5966480374336243,0.4912163019180298,0.005118240602314472,-5.7601926528150216e-05,0.49124296601263223
1.0,0.0,0.0,1,False,False,False,drive,13,5068,29.839127514511347,1.0,0.0,0.0,0.49124296601263223,11.229544354109592,-24.28101348876953,-57.78514099121094,-0.010229567997157574,0.5966705083847046,1.0526630878448486,0.01096397265791893,-0.00015595435979776084,1.052720183718112
1.0,0.0,0.0,1,False,False,False,drive,14,5069,29.889127515256405,1.0,0.0,0.0,1.052720183718112,7.363835321259491,-24.21533203125,-57.784461975097656,-0.011669883504509926,0.5966869592666626,1.4208348989486694,0.014797261916100979,-0.00023601531574968249,1.4209119497810865
1.0,0.0,0.0,1,False,False,False,drive,15,5070,29.939127516001463,1.0,0.0,0.0,1.4209119497810865,5.460193618136908,-24.135133743286133,-57.78362274169922,-0.012364272959530354,0.5967034101486206,1.6938297748565674,0.017640428617596626,-0.0002260398759972304,1.693921630687932
1.0,0.0,0.0,1,False,False,False,drive,16,5071,29.98912751674652,1.0,0.0,0.0,1.693921630687932,4.5065584567120665,-24.043420791625977,-57.78266906738281,-0.012493743561208248,0.5966835021972656,1.9191454648971558,0.019988328218460083,-0.0001446533133275807,1.9192495535235352
1.0,0.0,0.0,1,False,False,False,drive,17,5072,30.03912751749158,1.0,0.0,0.0,1.9192495535235352,4.003157333329792,-23.941593170166016,-57.7816047668457,-0.01229854580014944,0.5968245267868042,2.1192924976348877,0.02207084558904171,-5.040168616687879e-05,2.119407420190025
0.0,0.5,0.0,1,False,False,False,brake,0,5073,30.089127518236637,0.0,0.5,0.0,2.119407420190025,2.9941027883570293,-23.83135223388672,-57.780452728271484,-0.0118990708142519,0.5963013172149658,2.268989324569702,0.02364853397011757,3.260612356825732e-05,2.2691125596078763
0.0,0.5,0.0,1,False,False,False,brake,1,5074,30.139127518981695,0.0,0.5,0.0,2.2691125596078763,-0.49275989986041324,-23.718740463256836,-57.77930450439453,-0.011136283166706562,0.5996235609054565,2.244349718093872,0.02367306686937809,0.00010773658868856728,2.2444745646148556
0.0,0.5,0.0,1,False,False,False,brake,2,5075,30.189127519726753,0.0,0.5,0.0,2.2444745646148556,-1.651310641099526,-23.609933853149414,-57.778076171875,-0.010047798044979572,0.5914784073829651,2.1617865562438965,0.023011960089206696,0.00016260147094726562,2.1619090325598793
0.0,0.5,0.0,1,False,False,False,brake,3,5076,30.23912752047181,0.0,0.5,0.0,2.1619090325598793,-3.0042601715617057,-23.50743865966797,-57.77703094482422,-0.00886688195168972,0.5971811413764954,2.011579990386963,0.02160636894404888,0.0001647281605983153,2.011696023981794
0.0,0.5,0.0,1,False,False,False,brake,4,5077,30.28912752121687,0.0,0.5,0.0,2.011696023981794,-2.72865868079744,-23.4119873046875,-57.77590560913086,-0.007798843085765839,0.5870249271392822,1.8751531839370728,0.0203025434166193,0.0001251697540283203,1.875263089941922
0.0,0.5,0.0,1,False,False,False,brake,5,5078,30.339127521961927,0.0,0.5,0.0,1.875263089941922,-3.6542059303635765,-23.324588775634766,-57.77500915527344,-0.006890067830681801,0.5930004715919495,1.6924500465393066,0.018649356439709663,7.310866931220517e-05,1.6925527934237432
0.0,0.5,0.0,1,False,False,False,brake,6,5079,30.389127522706985,0.0,0.5,0.0,1.6925527934237432,-3.0217446755239896,-23.245197296142578,-57.77400207519531,-0.006196288857609034,0.5796544551849365,1.5413683652877808,0.017309941351413727,2.1629333787132055e-05,1.5414655596475437
0.0,0.5,0.0,1,False,False,False,brake,7,5080,30.439127523452044,0.0,0.5,0.0,1.5414655596475437,-3.816581896219291,-23.174379348754883,-57.773231506347656,-0.005668906960636377,0.5841905474662781,1.3505440950393677,0.015795806422829628,-8.878707376425155e-06,1.3506364648365792
0.0,0.5,0.0,1,False,False,False,brake,8,5081,30.4891275241971,0.0,0.5,0.0,1.3506364648365792,-10.819998802024617,-23.11890983581543,-57.7726936340332,-0.0048059080727398396,0.5972381234169006,0.8095804452896118,0.009529154747724533,-4.900932253804058e-05,0.8096365247353483
0.0,0.5,0.0,1,False,False,False,brake,9,5082,30.53912752494216,0.0,0.5,0.0,0.8096365247353483,-15.936551308013986,-23.109447479248047,-57.77252197265625,-0.0024360273964703083,0.5919678211212158,0.012802029959857464,0.00042126968037337065,-0.00022068976250011474,0.01280895933464893
0.0,0.5,0.0,1,False,False,False,brake,10,5083,30.589127525687218,0.0,0.5,0.0,0.01280895933464893,-0.2388258248261547,-23.10982322692871,-57.77253341674805,-0.001890487619675696,0.591965913772583,-0.0008664450724609196,4.6052758989389986e-05,-0.00019827841606456786,0.0008676680933411941
0.0,0.5,0.0,1,False,False,False,brake,11,5084,30.639127526432276,0.0,0.5,0.0,0.0008676680933411941,0.10261761002673273,-23.109359741210938,-57.77252960205078,-0.0025823211763054132,0.5919327735900879,-0.005998301785439253,-5.441446046461351e-05,-3.8509366277139634e-05,0.005998548594677831
0.0,0.5,0.0,1,False,False,False,brake,12,5085,30.689127527177334,0.0,0.5,0.0,0.005998548594677831,0.023468540139828017,-23.1086368560791,-57.77251434326172,-0.0036485290620476007,0.5918976068496704,-0.007171449717134237,-8.685036300448701e-05,8.538246038369834e-05,0.0071719756016692315
0.0,0.5,0.0,1,False,False,False,brake,13,5086,30.739127527922392,0.0,0.5,0.0,0.0071719756016692315,-0.011998890944715755,-23.10792350769043,-57.77250289916992,-0.0046950532123446465,0.5918737649917603,-0.0065714577212929726,-8.680782048031688e-05,0.00012966155190952122,0.006572031054433444
0.0,0.5,0.0,1,False,False,False,brake,14,5087,30.78912752866745,0.0,0.5,0.0,0.006572031054433444,-0.02497190798146866,-23.107328414916992,-57.77249526977539,-0.005569839384406805,0.591860830783844,-0.005322935059666634,-7.300361176021397e-05,0.00011948585597565398,0.005323435655360011
0.0,0.5,0.0,1,False,False,False,brake,15,5088,30.839127529412508,0.0,0.5,0.0,0.005323435655360011,-0.02667255649985996,-23.10687255859375,-57.772483825683594,-0.0062387846410274506,0.5918548703193665,-0.0039894115179777145,-5.6234006478916854e-05,8.847236313158646e-05,0.003989807830367013
0.0,0.5,0.0,1,False,False,False,brake,16,5089,30.889127530157566,0.0,0.5,0.0,0.003989807830367013,-0.02331897453093131,-23.106542587280273,-57.77248001098633,-0.00672008516266942,0.591852605342865,-0.0028235705103725195,-4.0370920032728463e-05,5.3148269216762856e-05,0.002823859103820447
0.0,0.5,0.0,1,False,False,False,brake,17,5090,30.939127530902624,0.0,0.5,0.0,0.002823859103820447,-0.01833146052918187,-23.1063175201416,-57.77247619628906,-0.007050590589642525,0.5918524265289307,-0.001907089026644826,-2.7415786462370306e-05,2.4595259674242698e-05,0.0019072860773613537
0.0,0.5,0.0,1,False,False,False,brake,18,5091,30.989127531647682,0.0,0.5,0.0,0.0019072860773613537,-0.013428926390504732,-23.106170654296875,-57.77247619628906,-0.007268295157700777,0.591852605342865,-0.001235704985447228,-1.825091749196872e-05,6.9618222369172145e-06,0.001235839757836117
0.0,0.5,0.0,1,False,False,False,brake,19,5092,31.03912753239274,0.0,0.5,0.0,0.001235839757836117,-0.009324291263860654,-23.1060791015625,-57.77246856689453,-0.007406196556985378,0.5918529033660889,-0.0007695380481891334,-1.1581563740037382e-05,-5.130767931404989e-06,0.0007696251946430843
0.0,0.5,0.0,1,False,False,False,brake,20,5093,31.0891275331378,0.0,0.5,0.0,0.0007696251946430843,-0.0061961996277424426,-23.106021881103516,-57.77246856689453,-0.007490501273423433,0.5918533802032471,-0.0004597853112500161,-5.243844043434365e-06,-8.840560440148693e-06,0.0004598152132559622
0.0,0.5,0.0,1,False,False,False,brake,21,5094,31.139127533882856,0.0,0.5,0.0,0.0004598152132559622,-0.003948254129007672,-23.10599136352539,-57.77246856689453,-0.007539863232523203,0.59185391664505,-0.0002623861364554614,-2.931036306108581e-06,-9.603500075172633e-06,0.0002624025068055786
0.0,0.5,0.0,1,False,False,False,brake,22,5095,31.189127534627914,0.0,0.5,0.0,0.0002624025068055786,-0.002418745543610619,-23.105974197387695,-57.77246856689453,-0.007567291148006916,0.5918540358543396,-0.00014145638851914555,-1.5815625147297396e-06,-8.316040293721016e-06,0.00014146522962504762
0.0,0.5,0.0,1,False,False,False,brake,23,5096,31.239127535372972,0.0,0.5,0.0,0.00014146522962504762,-0.0014190116769951984,-23.10596466064453,-57.77246856689453,-0.007581672631204128,0.5918538570404053,-7.050811836961657e-05,-9.594335779183893e-07,-6.542205483128782e-06,7.051464577528769e-05
0.0,0.5,0.0,1,False,False,False,brake,24,5097,31.28912753611803,0.0,0.5,0.0,7.051464577528769e-05,-0.0007941292168154909,-23.10595703125,-57.77246856689453,-0.007588462438434362,0.5918539762496948,-3.080571332247928e-05,-3.9023794329295924e-07,-5.207061803957913e-06,3.0808184934513145e-05
0.0,0.5,0.0,1,False,False,False,brake,25,5098,31.33912753686309,0.0,0.5,0.0,3.0808184934513145e-05,-0.0006161636986902628,-23.10595703125,-57.77246856689453,-0.007588462438434362,0.5918539762496948,0.0,0.0,0.0,0.0
0.0,0.5,0.0,1,False,False,False,brake,26,5099,31.389127537608147,0.0,0.5,0.0,0.0,0.0,-23.10595703125,-57.77246856689453,-0.007588462438434362,0.5918539762496948,0.0,0.0,0.0,0.0
0.0,0.5,0.0,1,False,False,False,brake,27,5100,31.439127538353205,0.0,0.5,0.0,0.0,0.0,-23.10595703125,-57.77246856689453,-0.007588462438434362,0.5918539762496948,0.0,0.0,0.0,0.0
0.0,0.5,0.0,1,False,False,False,brake,28,5101,31.489127539098263,0.0,0.5,0.0,0.0,0.0,-23.10595703125,-57.77246856689453,-0.007588462438434362,0.5918539762496948,0.0,0.0,0.0,0.0
0.0,0.5,0.0,1,False,False,False,brake,29,5102,31.53912753984332,0.0,0.5,0.0,0.0,0.0,-23.10595703125,-57.77246856689453,-0.007588462438434362,0.5918539762496948,0.0,0.0,0.0,0.0
0.0,0.5,0.0,1,False,False,False,brake,30,5103,31.58912754058838,0.0,0.5,0.0,0.0,0.0,-23.10595703125,-57.77246856689453,-0.007588462438434362,0.5918539762496948,0.0,0.0,0.0,0.0
0.0,0.5,0.0,1,False,False,False,brake,31,5104,31.639127541333437,0.0,0.5,0.0,0.0,0.0,-23.10595703125,-57.77246856689453,-0.007588462438434362,0.5918539762496948,0.0,0.0,0.0,0.0
0.0,0.5,0.0,1,False,False,False,brake,32,5105,31.689127542078495,0.0,0.5,0.0,0.0,0.0,-23.10595703125,-57.77246856689453,-0.007588462438434362,0.5918539762496948,0.0,0.0,0.0,0.0
0.0,0.5,0.0,1,False,False,False,brake,33,5106,31.739127542823553,0.0,0.5,0.0,0.0,0.0,-23.10595703125,-57.77246856689453,-0.007588462438434362,0.5918539762496948,0.0,0.0,0.0,0.0
0.0,0.5,0.0,1,False,False,False,brake,34,5107,31.78912754356861,0.0,0.5,0.0,0.0,0.0,-23.10595703125,-57.77246856689453,-0.007588462438434362,0.5918539762496948,0.0,0.0,0.0,0.0
0.0,0.5,0.0,1,False,False,False,brake,35,5108,31.83912754431367,0.0,0.5,0.0,0.0,0.0,-23.10595703125,-57.77246856689453,-0.007588462438434362,0.5918539762496948,0.0,0.0,0.0,0.0
0.0,0.5,0.0,1,False,False,False,brake,36,5109,31.889127545058727,0.0,0.5,0.0,0.0,0.0,-23.10595703125,-57.77246856689453,-0.007588462438434362,0.5918539762496948,0.0,0.0,0.0,0.0
0.0,0.5,0.0,1,False,False,False,brake,37,5110,31.939127545803785,0.0,0.5,0.0,0.0,0.0,-23.10595703125,-57.77246856689453,-0.007588462438434362,0.5918539762496948,0.0,0.0,0.0,0.0
0.0,0.5,0.0,1,False,False,False,brake,38,5111,31.989127546548843,0.0,0.5,0.0,0.0,0.0,-23.10595703125,-57.77246856689453,-0.007588462438434362,0.5918539762496948,0.0,0.0,0.0,0.0
0.0,0.5,0.0,1,False,False,False,brake,39,5112,32.0391275472939,0.0,0.5,0.0,0.0,0.0,-23.10595703125,-57.77246856689453,-0.007588462438434362,0.5918539762496948,0.0,0.0,0.0,0.0
