id,kind,gate_ms,original,including_measured_gate,plus_1ms
test_0000,constant,0.20442099999939956,True,True,True
test_0000,state,0.049505999999865935,True,True,True
test_0001,state,0.058623999997564624,True,True,True
test_0001,constant,0.06798700000132385,True,True,True
test_0002,constant,0.04323900000002823,True,True,True
test_0002,state,0.04570699999817407,True,True,True
test_0003,state,0.04448500000009403,True,True,True
test_0003,constant,0.0426490000009494,True,True,True
test_0004,constant,0.043610000002303195,True,True,True
test_0004,state,0.04292200000222124,True,True,True
test_0005,state,0.04320400000068503,True,True,True
test_0005,constant,0.040709000000305195,True,True,True
test_0006,constant,0.04115599999821029,True,True,True
test_0006,state,0.041865000000029795,True,True,True
test_0007,state,0.04090599999884148,True,True,True
test_0007,constant,0.040848000001147966,True,True,True
test_0008,constant,0.040182999999416324,True,True,True
test_0008,state,0.04128899999855662,True,True,True
test_0009,state,0.042704000001947406,True,True,True
test_0009,constant,0.04046600000151557,True,True,True
test_0010,constant,0.05123600000089823,True,True,True
test_0010,state,0.04292599999899949,True,True,True
test_0011,state,0.06358399999939479,True,True,True
test_0011,constant,0.04123700000135955,True,True,True
test_0012,constant,0.041665999997775316,True,True,True
test_0012,state,0.04164399999950774,True,True,True
test_0013,state,0.045124999999757165,True,True,True
test_0013,constant,0.04149600000147302,True,True,True
test_0014,constant,0.04145500000163338,True,True,True
test_0014,state,0.04177100000291034,True,True,True
test_0015,state,0.05156199999944988,True,True,True
test_0015,constant,0.04142899999948213,True,True,True
test_0016,constant,0.04046500000143283,True,True,True
test_0016,state,0.04429599999866696,True,True,True
test_0017,state,0.042386000000504964,True,True,True
test_0017,constant,0.040842000000651524,True,True,True
test_0018,constant,0.041728999999435246,True,True,True
test_0018,state,0.0420349999998848,True,True,True
test_0019,state,0.04180799999886631,True,True,True
test_0019,constant,0.040217999998759524,True,True,True
test_0020,constant,0.039810999997058616,True,True,True
test_0020,state,0.04086499999900184,True,True,True
test_0021,state,0.041405000001049075,True,True,True
test_0021,constant,0.04039000000233273,True,True,True
test_0022,constant,0.04057499999987613,True,True,True
test_0022,state,0.0405219999990436,True,True,True
test_0023,state,0.04119299999771897,True,True,True
test_0023,constant,0.039937000000378475,True,True,True
test_0024,constant,0.040249000001324475,True,True,True
test_0024,state,0.04471799999805626,True,True,True
test_0025,state,0.041408000001297296,True,True,True
test_0025,constant,0.04026499999909561,True,True,True
test_0026,constant,0.04071200000055342,True,True,True
test_0026,state,0.04125100000251791,True,True,True
test_0027,state,0.04100099999959639,True,True,True
test_0027,constant,0.04041399999721307,True,True,True
test_0028,constant,0.040988999998603504,True,True,True
test_0028,state,0.0425669999977174,True,True,True
test_0029,state,0.0425690000014356,True,True,True
test_0029,constant,0.04045000000019172,True,True,True
test_0030,constant,0.04034799999885763,True,True,True
test_0030,state,0.05468799999874818,True,True,True
test_0031,state,0.042948000000819775,True,True,True
test_0031,constant,0.04029999999843881,True,True,True
test_0032,constant,0.04776800000172443,True,True,True
test_0032,state,0.041614000000578244,True,True,True
test_0033,state,0.04162199999768745,True,True,True
test_0033,constant,0.039591000000172016,True,True,True
test_0034,constant,0.03883500000156914,True,True,True
test_0034,state,0.040260999998764646,True,True,True
test_0035,state,0.03943199999767444,True,True,True
test_0035,constant,0.03844400000119208,True,True,True
test_0036,constant,0.03985200000045097,True,True,True
test_0036,state,0.04079200000006722,True,True,True
test_0037,state,0.04030299999868703,True,True,True
test_0037,constant,0.03876599999941277,True,True,True
test_0038,constant,0.038812999999748854,True,True,True
test_0038,state,0.04054999999780762,True,True,True
test_0039,state,0.04913400000106094,True,True,True
test_0039,constant,0.041055000000511654,True,True,True
test_0040,constant,0.0401399999994112,True,True,True
test_0040,state,0.041664999997692576,True,True,True
test_0041,state,0.04117800000003058,True,True,True
test_0041,constant,0.03957599999893091,True,True,True
test_0042,constant,0.04045100000027446,True,True,True
test_0042,state,0.04243600000108927,True,True,True
test_0043,state,0.04080999999800383,True,True,True
test_0043,constant,0.03938099999700739,True,True,True
test_0044,constant,0.03869800000089185,True,True,True
test_0044,state,0.03929800000079808,True,True,True
test_0045,state,0.04004200000196079,True,True,True
test_0045,constant,0.03855900000004908,True,True,True
test_0046,constant,0.044341000002390274,True,True,True
test_0046,state,0.04209400000121377,True,True,True
test_0047,state,0.040489000003418596,True,True,True
test_0047,constant,0.0399200000025246,True,True,True
test_0048,constant,0.03952200000156836,True,True,True
test_0048,state,0.04043100000217237,True,True,True
test_0049,state,0.04103899999918781,True,True,True
test_0049,constant,0.03922699999847623,True,True,True
test_0050,constant,0.04023300000000063,True,True,True
test_0050,state,0.03945899999990843,True,True,True
test_0051,state,0.03990199999748256,True,True,True
test_0051,constant,0.039401000002214914,True,True,True
test_0052,constant,0.03963099999992892,True,True,True
test_0052,state,0.0401249999981701,True,True,True
test_0053,state,0.042784999997991235,True,True,True
test_0053,constant,0.04015500000065231,True,True,True
test_0054,constant,0.04026799999934383,True,True,True
test_0054,state,0.040461000001101866,True,True,True
test_0055,state,0.040384000001836284,True,True,True
test_0055,constant,0.039213999997400606,True,True,True
test_0056,constant,0.04216700000014839,True,True,True
test_0056,state,0.04083600000015508,True,True,True
test_0057,state,0.042323999998927775,True,True,True
test_0057,constant,0.041190000001023463,True,True,True
test_0058,constant,0.04189900000284297,True,True,True
test_0058,state,0.042453000002495855,True,True,True
test_0059,state,0.042175000000810314,True,True,True
test_0059,constant,0.05288599999886401,True,True,True
test_0060,constant,0.042673999999465195,True,True,True
test_0060,state,0.043065999999925,True,True,True
test_0061,state,0.04405700000020829,True,True,True
test_0061,constant,0.04073099999857277,True,True,True
test_0062,constant,0.04984499999949321,True,True,True
test_0062,state,0.043475000001791386,True,True,True
test_0063,state,0.04272800000038046,True,True,True
test_0063,constant,0.04142699999931665,True,True,True
test_0064,constant,0.04150000000180398,True,True,True
test_0064,state,0.04198799999954872,True,True,True
test_0065,state,0.04363600000090173,True,True,True
test_0065,constant,0.04182300000010741,True,True,True
test_0066,constant,0.04281500000047345,True,True,True
test_0066,state,0.042923999998834006,True,True,True
test_0067,state,0.055839000001611794,True,True,True
test_0067,constant,0.04135700000063025,True,True,True
test_0068,constant,0.04123800000144229,True,True,True
test_0068,state,0.04119699999804993,True,True,True
test_0069,state,0.04104699999984973,True,True,True
test_0069,constant,0.04007399999750305,True,True,True
test_0070,constant,0.04144900000113694,True,True,True
test_0070,state,0.040910000002725155,True,True,True
test_0071,state,0.04104799999993247,True,True,True
test_0071,constant,0.03952799999851209,True,True,True
test_0072,constant,0.06874299999992672,True,True,True
test_0072,state,0.0675639999982991,True,True,True
test_0073,state,0.0970729999991704,True,True,True
test_0073,constant,0.04177699999985407,True,True,True
test_0074,constant,0.040606999998971105,True,True,True
test_0074,state,0.0406369999979006,True,True,True
test_0075,state,0.04055100000144307,True,True,True
test_0075,constant,0.03931899999898292,True,True,True
test_0076,constant,0.04016399999784426,True,True,True
test_0076,state,0.04412599999881195,True,True,True
test_0077,state,0.04140100000071811,True,True,True
test_0077,constant,0.043474000001708646,True,True,True
test_0078,constant,0.04166700000141077,True,True,True
test_0078,state,0.04283699999874102,True,True,True
test_0079,state,0.04231099999785215,True,True,True
test_0079,constant,0.0407640000013032,True,True,True
test_0080,constant,0.04044100000299977,True,True,True
test_0080,state,0.042146999998493584,True,True,True
test_0081,state,0.04113900000035642,True,True,True
test_0081,constant,0.04082000000238395,True,True,True
test_0082,constant,0.04051499999846442,True,True,True
test_0082,state,0.0421749999972576,True,True,True
test_0083,state,0.041555999999332016,True,True,True
test_0083,constant,0.03972000000018738,True,True,True
test_0084,constant,0.039389999997752057,True,True,True
test_0084,state,0.04050600000127247,True,True,True
test_0085,state,0.04202399999897466,True,True,True
test_0085,constant,0.041303999999797725,True,True,True
test_0086,constant,0.04000099999856843,True,True,True
test_0086,state,0.041650000000004184,True,True,True
test_0087,state,0.0408339999999896,True,True,True
test_0087,constant,0.03965199999811375,True,True,True
test_0088,constant,0.04048999999994862,True,True,True
test_0088,state,0.04189600000259475,True,True,True
test_0089,state,0.04079600000039818,True,True,True
test_0089,constant,0.039087000001103434,True,True,True
test_0090,constant,0.04023199999991789,True,True,True
test_0090,state,0.040781999999239815,True,True,True
test_0091,state,0.04078699999965352,True,True,True
test_0091,constant,0.04002200000030598,True,True,True
test_0092,constant,0.06417100000177811,True,True,True
test_0092,state,0.04612299999706693,True,True,True
test_0093,state,0.041476999999900954,True,True,True
test_0093,constant,0.04072200000138082,True,True,True
test_0094,constant,0.04034499999860941,True,True,True
test_0094,state,0.04111500000192336,True,True,True
test_0095,state,0.0409489999988466,True,True,True
test_0095,constant,0.04051600000209987,True,True,True
test_0096,constant,0.03988799999987691,True,True,True
test_0096,state,0.04248599999812086,True,True,True
test_0097,state,0.04230100000057746,True,True,True
test_0097,constant,0.04195400000028826,True,True,True
test_0098,constant,0.04139500000022167,True,True,True
test_0098,state,0.04380600000075674,True,True,True
test_0099,state,0.043082000001248844,True,True,True
test_0099,constant,0.041053000000346174,True,True,True
test_0100,constant,0.04116500000250767,True,True,True
test_0100,state,0.04113800000027368,True,True,True
test_0101,state,0.041307000000045946,True,True,True
test_0101,constant,0.04047700000242571,True,True,True
test_0102,constant,0.04061000000277204,True,True,True
test_0102,state,0.04170300000083671,True,True,True
test_0103,state,0.04185699999936787,True,True,True
test_0103,constant,0.041254000002766134,True,True,True
test_0104,constant,0.041725999999187025,True,True,True
test_0104,state,0.042040000000298505,True,True,True
test_0105,state,0.043307999998631885,True,True,True
test_0105,constant,0.041329000001866234,True,True,True
test_0106,constant,0.0576119999990965,True,True,True
test_0106,state,0.04313200000183315,True,True,True
test_0107,state,0.04585199999951328,True,True,True
test_0107,constant,0.04330400000185364,True,True,True
test_0108,constant,0.04140899999782732,True,True,True
test_0108,state,0.041754000001503755,True,True,True
test_0109,state,0.042038000000133025,True,True,True
test_0109,constant,0.040700000003113246,True,True,True
test_0110,constant,0.04094599999859838,True,True,True
test_0110,state,0.04079700000048092,True,True,True
test_0111,state,0.04108199999919293,True,True,True
test_0111,constant,0.039473000001066794,True,True,True
test_0112,constant,0.04004099999832533,True,True,True
test_0112,state,0.055462999998923124,True,True,True
test_0113,state,0.042212000000318994,True,True,True
test_0113,constant,0.040355999999519554,True,True,True
test_0114,constant,0.04062400000037769,True,True,True
test_0114,state,0.04131800000095609,True,True,True
test_0115,state,0.05747999999883291,True,True,True
test_0115,constant,0.042001000000624344,True,True,True
test_0116,constant,0.045549999999394686,True,True,True
test_0116,state,0.04287999999874614,True,True,True
test_0117,state,0.041876999997469966,True,True,True
test_0117,constant,0.0410310000020786,True,True,True
test_0118,constant,0.04042299999795773,True,True,True
test_0118,state,0.043650000002060096,True,True,True
test_0119,state,0.043270999999123205,True,True,True
test_0119,constant,0.04065899999972089,True,True,True
test_0120,constant,0.04160099999950262,True,True,True
test_0120,state,0.04425300000221455,True,True,True
test_0121,state,0.04311000000001286,True,True,True
test_0121,constant,0.04317399999820282,True,True,True
test_0122,constant,0.054408000000449874,True,True,True
test_0122,state,0.04401900000061687,True,True,True
test_0123,state,0.044494000000838696,True,True,True
test_0123,constant,0.041576000000986824,True,True,True
test_0124,constant,0.04266399999863779,True,True,True
test_0124,state,0.042077999999889926,True,True,True
test_0125,state,0.042390000000835926,True,True,True
test_0125,constant,0.04258099999887577,True,True,True
test_0126,constant,0.04290700000098013,True,True,True
test_0126,state,0.042960999998342686,True,True,True
test_0127,state,0.042734000000876904,True,True,True
test_0127,constant,0.06475900000069146,True,True,True
test_0128,constant,0.04240600000215977,True,True,True
test_0128,state,0.04763899999815635,True,True,True
test_0129,state,0.04120000000185087,True,True,True
test_0129,constant,0.040751999996757604,True,True,True
test_0130,constant,0.04068000000145844,True,True,True
test_0130,state,0.041967000001363886,True,True,True
test_0131,state,0.04147199999948725,True,True,True
test_0131,constant,0.04023500000016611,True,True,True
test_0132,constant,0.041122000002502546,True,True,True
test_0132,state,0.04098699999843802,True,True,True
test_0133,state,0.04090499999875874,True,True,True
test_0133,constant,0.03998999999765829,True,True,True
test_0134,constant,0.041475999999818214,True,True,True
test_0134,state,0.08302199999832283,True,True,True
test_0135,state,0.07966700000139326,True,True,True
test_0135,constant,0.07389299999971399,True,True,True
test_0136,constant,0.08152000000194448,True,True,True
test_0136,state,0.07545300000089128,True,True,True
test_0137,state,0.07269600000014975,True,True,True
test_0137,constant,0.06963999999953785,True,True,True
test_0138,constant,0.06877299999885622,True,True,True
test_0138,state,0.10131199999818818,True,True,True
test_0139,state,0.04472499999863544,True,True,True
test_0139,constant,0.041937999998964415,True,True,True
test_0140,constant,0.041955000000371,True,True,True
test_0140,state,0.04210099999824024,True,True,True
test_0141,state,0.041487999997258385,True,True,True
test_0141,constant,0.04597900000291588,True,True,True
test_0142,constant,0.041416999998489246,True,True,True
test_0142,state,0.04166300000107981,True,True,True
test_0143,state,0.04205900000187057,True,True,True
test_0143,constant,0.04031299999951443,True,True,True
test_0144,constant,0.04101100000042379,True,True,True
test_0144,state,0.04232999999942422,True,True,True
test_0145,state,0.04383400000307347,True,True,True
test_0145,constant,0.04115799999837577,True,True,True
test_0146,constant,0.040947000002233835,True,True,True
test_0146,state,0.04411500000145452,True,True,True
test_0147,state,0.04101799999745026,True,True,True
test_0147,constant,0.0403370000015002,True,True,True
test_0148,constant,0.04117800000003058,True,True,True
test_0148,state,0.041840999998044026,True,True,True
test_0149,state,0.041544000001891845,True,True,True
test_0149,constant,0.0407490000000621,True,True,True
test_0150,constant,0.04076899999816419,True,True,True
test_0150,state,0.040346000002244864,True,True,True
test_0151,state,0.04146299999874259,True,True,True
test_0151,constant,0.041265000000123564,True,True,True
test_0152,constant,0.04040299999985564,True,True,True
test_0152,state,0.052208999999692196,True,True,True
test_0153,state,0.042438999997784776,True,True,True
test_0153,constant,0.039970999999638934,True,True,True
test_0154,constant,0.03999400000154196,True,True,True
test_0154,state,0.04061399999955029,True,True,True
test_0155,state,0.04117699999994784,True,True,True
test_0155,constant,0.03967500000001678,True,True,True
test_0156,constant,0.040075000001138505,True,True,True
test_0156,state,0.040077000001303986,True,True,True
test_0157,state,0.0408289999995759,True,True,True
test_0157,constant,0.03945399999949473,True,True,True
test_0158,constant,0.03954199999967045,True,True,True
test_0158,state,0.04002400000047146,True,True,True
test_0159,state,0.04057499999987613,True,True,True
test_0159,constant,0.03973999999828948,True,True,True
test_0160,constant,0.04018400000305178,True,True,True
test_0160,state,0.056546999999795844,True,True,True
test_0161,state,0.04290000000040095,True,True,True
test_0161,constant,0.04007799999783401,True,True,True
test_0162,constant,0.041374999998566864,True,True,True
test_0162,state,0.04125999999970986,True,True,True
test_0163,state,0.041582000001483266,True,True,True
test_0163,constant,0.03959600000058572,True,True,True
test_0164,constant,0.04819100000119647,True,True,True
test_0164,state,0.04068599999840217,True,True,True
test_0165,state,0.04104900000001521,True,True,True
test_0165,constant,0.04787099999958855,True,True,True
test_0166,constant,0.04091299999942066,True,True,True
test_0166,state,0.04082700000296313,True,True,True
test_0167,state,0.04142099999882021,True,True,True
test_0167,constant,0.040178000002555336,True,True,True
test_0168,constant,0.04097000000058415,True,True,True
test_0168,state,0.04283299999841006,True,True,True
test_0169,state,0.041876999997469966,True,True,True
test_0169,constant,0.045550999999477426,True,True,True
test_0170,constant,0.04062500000046043,True,True,True
test_0170,state,0.044705000000533346,True,True,True
test_0171,state,0.0475900000012075,True,True,True
test_0171,constant,0.041096000000351296,True,True,True
test_0172,constant,0.04052799999954004,True,True,True
test_0172,state,0.04164599999967322,True,True,True
test_0173,state,0.04107299999844827,True,True,True
test_0173,constant,0.03894199999976422,True,True,True
test_0174,constant,0.04034299999844393,True,True,True
test_0174,state,0.040529999999705524,True,True,True
test_0175,state,0.05746299999742632,True,True,True
test_0175,constant,0.04065399999930719,True,True,True
test_0176,constant,0.040074000001055765,True,True,True
test_0176,state,0.04115499999812755,True,True,True
test_0177,state,0.04175199999778556,True,True,True
test_0177,constant,0.03970300000233351,True,True,True
test_0178,constant,0.039836999999209866,True,True,True
test_0178,state,0.041616000000743725,True,True,True
test_0179,state,0.0417479999974546,True,True,True
test_0179,constant,0.03998300000063182,True,True,True
test_0180,constant,0.04117499999978236,True,True,True
test_0180,state,0.04192199999764057,True,True,True
test_0181,state,0.041655000000417886,True,True,True
test_0181,constant,0.04224499999949671,True,True,True
test_0182,constant,0.04483599999716148,True,True,True
test_0182,state,0.0426490000009494,True,True,True
test_0183,state,0.043338000001114096,True,True,True
test_0183,constant,0.04090100000198049,True,True,True
test_0184,constant,0.03935699999857434,True,True,True
test_0184,state,0.040573999999793386,True,True,True
test_0185,state,0.041476999999900954,True,True,True
test_0185,constant,0.040334999997782006,True,True,True
test_0186,constant,0.04178400000043325,True,True,True
test_0186,state,0.04172200000240878,True,True,True
test_0187,state,0.04179800000159162,True,True,True
test_0187,constant,0.03998800000104552,True,True,True
test_0188,constant,0.0940090000014493,True,True,True
test_0188,state,0.056298000000509774,True,True,True
test_0189,state,0.04212899999700426,True,True,True
test_0189,constant,0.041412999998158284,True,True,True
test_0190,constant,0.04024400000091077,True,True,True
test_0190,state,0.040426000001758666,True,True,True
test_0191,state,0.03961199999835685,True,True,True
test_0191,constant,0.03944399999866732,True,True,True
test_0192,constant,0.038853999999588495,True,True,True
test_0192,state,0.050875999999533406,True,True,True
test_0193,state,0.04121199999929104,True,True,True
test_0193,constant,0.04002600000063694,True,True,True
test_0194,constant,0.040582999996985336,True,True,True
test_0194,state,0.04222899999817287,True,True,True
test_0195,state,0.04065899999972089,True,True,True
test_0195,constant,0.04143700000014405,True,True,True
test_0196,constant,0.041969000001529366,True,True,True
test_0196,state,0.04594700000026819,True,True,True
test_0197,state,0.04078699999965352,True,True,True
test_0197,constant,0.040387000002084505,True,True,True
test_0198,constant,0.0402570000019864,True,True,True
test_0198,state,0.040944000001985614,True,True,True
test_0199,state,0.040951999999094824,True,True,True
test_0199,constant,0.04004200000196079,True,True,True
test_0200,constant,0.04105100000018069,True,True,True
test_0200,state,0.08509799999956158,True,True,True
test_0201,state,0.06985799999981168,True,True,True
test_0201,constant,0.04299900000148682,True,True,True
test_0202,constant,0.041095000000268556,True,True,True
test_0202,state,0.04609599999838565,True,True,True
test_0203,state,0.06570700000096963,True,True,True
test_0203,constant,0.04153000000073348,True,True,True
test_0204,constant,0.039901000000952536,True,True,True
test_0204,state,0.043972000000280786,True,True,True
test_0205,state,0.060172999997831766,True,True,True
test_0205,constant,0.04118999999747075,True,True,True
test_0206,constant,0.04057800000012435,True,True,True
test_0206,state,0.04097600000108059,True,True,True
test_0207,state,0.0405219999990436,True,True,True
test_0207,constant,0.04009300000262783,True,True,True
test_0208,constant,0.038740000000814234,True,True,True
test_0208,state,0.04093999999810194,True,True,True
test_0209,state,0.07021600000101103,True,True,True
test_0209,constant,0.04084599999742977,True,True,True
test_0210,constant,0.04008500000196591,True,True,True
test_0210,state,0.04041899999762677,True,True,True
test_0211,state,0.04118300000044428,True,True,True
test_0211,constant,0.039201999999960435,True,True,True
test_0212,constant,0.039166000000534495,True,True,True
test_0212,state,0.04005599999956644,True,True,True
test_0213,state,0.04078799999973626,True,True,True
test_0213,constant,0.0407990000006464,True,True,True
test_0214,constant,0.04053900000045019,True,True,True
test_0214,state,0.04161200000041276,True,True,True
test_0215,state,0.042112999999233125,True,True,True
test_0215,constant,0.04076299999766775,True,True,True
test_0216,constant,0.03973900000175945,True,True,True
test_0216,state,0.04118500000060976,True,True,True
test_0217,state,0.041541000001643624,True,True,True
test_0217,constant,0.04050200000094151,True,True,True
test_0218,constant,0.05604499999734003,True,True,True
test_0218,state,0.06006999999996765,True,True,True
test_0219,state,0.04406000000045651,True,True,True
test_0219,constant,0.0411410000005219,True,True,True
test_0220,constant,0.0404869999997004,True,True,True
test_0220,state,0.041833999997464844,True,True,True
test_0221,state,0.04278999999840494,True,True,True
test_0221,constant,0.04047799999895574,True,True,True
test_0222,constant,0.041755000001586495,True,True,True
test_0222,state,0.04257000000151834,True,True,True
test_0223,state,0.04116200000225945,True,True,True
test_0223,constant,0.04016699999809248,True,True,True
test_0224,constant,0.04023900000049707,True,True,True
test_0224,state,0.10570699999945532,True,True,True
test_0225,state,0.05481200000190256,True,True,True
test_0225,constant,0.04181499999944549,True,True,True
test_0226,constant,0.04163699999892856,True,True,True
test_0226,state,0.0424169999995172,True,True,True
test_0227,state,0.04314200000266055,True,True,True
test_0227,constant,0.04109699999688132,True,True,True
test_0228,constant,0.04232400000248049,True,True,True
test_0228,state,0.04117900000011332,True,True,True
test_0229,state,0.04299099999727218,True,True,True
test_0229,constant,0.040781999999239815,True,True,True
test_0230,constant,0.04072399999799359,True,True,True
test_0230,state,0.04102500000158216,True,True,True
test_0231,state,0.04172099999877332,True,True,True
test_0231,constant,0.039864000001443856,True,True,True
test_0232,constant,0.04201600000186545,True,True,True
test_0232,state,0.04152700000048526,True,True,True
test_0233,state,0.04173299999976621,True,True,True
test_0233,constant,0.04105200000026343,True,True,True
test_0234,constant,0.04102499999802944,True,True,True
test_0234,state,0.04148400000048014,True,True,True
test_0235,state,0.04214399999824536,True,True,True
test_0235,constant,0.040394999999193715,True,True,True
test_0236,constant,0.03943199999767444,True,True,True
test_0236,state,0.04156399999999394,True,True,True
test_0237,state,0.04153399999751173,True,True,True
test_0237,constant,0.0399800000003836,True,True,True
test_0238,constant,0.039733999997793035,True,True,True
test_0238,state,0.04024000000057981,True,True,True
test_0239,state,0.04076399999775049,True,True,True
test_0239,constant,0.05799699999897712,True,True,True
test_0240,constant,0.058366000001086604,True,True,True
test_0240,state,0.04244799999852944,True,True,True
test_0241,state,0.0414880000008111,True,True,True
test_0241,constant,0.04028799999744592,True,True,True
test_0242,constant,0.039940000000626696,True,True,True
test_0242,state,0.04164599999967322,True,True,True
test_0243,state,0.04310799999984738,True,True,True
test_0243,constant,0.040389000002249986,True,True,True
test_0244,constant,0.040178000002555336,True,True,True
test_0244,state,0.04066099999988637,True,True,True
test_0245,state,0.04163200000206757,True,True,True
test_0245,constant,0.04199800000037612,True,True,True
test_0246,constant,0.04197700000219129,True,True,True
test_0246,state,0.04148600000064562,True,True,True
test_0247,state,0.041018000001002974,True,True,True
test_0247,constant,0.04220799999998803,True,True,True
test_0248,constant,0.04055000000136033,True,True,True
test_0248,state,0.041472000003039966,True,True,True
test_0249,state,0.042846999999568425,True,True,True
test_0249,constant,0.040520000002430834,True,True,True
test_0250,constant,0.0409139999995034,True,True,True
test_0250,state,0.043062999999676776,True,True,True
test_0251,state,0.04307400000058692,True,True,True
test_0251,constant,0.04068100000154118,True,True,True
test_0252,constant,0.04062500000046043,True,True,True
test_0252,state,0.040707000000139715,True,True,True
test_0253,state,0.040143999999742164,True,True,True
test_0253,constant,0.04013599999908024,True,True,True
test_0254,constant,0.04015500000065231,True,True,True
test_0254,state,0.041868000000278016,True,True,True
test_0255,state,0.05533000000212951,True,True,True
test_0255,constant,0.04175499999803378,True,True,True
test_0256,constant,0.0408239999991622,True,True,True
test_0256,state,0.041194000001354425,True,True,True
test_0257,state,0.1157009999985803,True,True,True
test_0257,constant,0.04146399999882533,True,True,True
test_0258,constant,0.04084899999767799,True,True,True
test_0258,state,0.0409789999977761,True,True,True
test_0259,state,0.041554999999249276,True,True,True
test_0259,constant,0.03947000000081857,True,True,True
test_0260,constant,0.039612000001909564,True,True,True
test_0260,state,0.04068799999856765,True,True,True
test_0261,state,0.04234699999727809,True,True,True
test_0261,constant,0.04017699999891988,True,True,True
test_0262,constant,0.03991300000194542,True,True,True
test_0262,state,0.05715600000044674,True,True,True
test_0263,state,0.04243800000125475,True,True,True
test_0263,constant,0.040211000001733055,True,True,True
test_0264,constant,0.04054200000069841,True,True,True
test_0264,state,0.04153000000073348,True,True,True
test_0265,state,0.04162099999760471,True,True,True
test_0265,constant,0.04342000000079338,True,True,True
test_0266,constant,0.041792000001095175,True,True,True
test_0266,state,0.04145700000179886,True,True,True
test_0267,state,0.04219100000213416,True,True,True
test_0267,constant,0.03892700000207583,True,True,True
test_0268,constant,0.04241799999959994,True,True,True
test_0268,state,0.04097799999769336,True,True,True
test_0269,state,0.04058700000086901,True,True,True
test_0269,constant,0.039034999996800934,True,True,True
test_0270,constant,0.038979000002825615,True,True,True
test_0270,state,0.05712899999821275,True,True,True
test_0271,state,0.04404599999929815,True,True,True
test_0271,constant,0.03942100000031701,True,True,True
test_0272,constant,0.03985100000036823,True,True,True
test_0272,state,0.0404819999992867,True,True,True
test_0273,state,0.04001900000005776,True,True,True
test_0273,constant,0.03838199999961489,True,True,True
test_0274,constant,0.03946700000057035,True,True,True
test_0274,state,0.03930700000154275,True,True,True
test_0275,state,0.04009599999932334,True,True,True
test_0275,constant,0.03966999999960308,True,True,True
test_0276,constant,0.03915799999987257,True,True,True
test_0276,state,0.03959400000042024,True,True,True
test_0277,state,0.03920700000037414,True,True,True
test_0277,constant,0.039525999998346606,True,True,True
test_0278,constant,0.03998600000088004,True,True,True
test_0278,state,0.05347700000157829,True,True,True
test_0279,state,0.042387000000587705,True,True,True
test_0279,constant,0.03896000000125355,True,True,True
test_0280,constant,0.03927999999930876,True,True,True
test_0280,state,0.03977200000093717,True,True,True
test_0281,state,0.0403249999969546,True,True,True
test_0281,constant,0.039201999999960435,True,True,True
test_0282,constant,0.04064100000178428,True,True,True
test_0282,state,0.03976499999680527,True,True,True
test_0283,state,0.04128500000177837,True,True,True
test_0283,constant,0.0391639999968163,True,True,True
test_0284,constant,0.04004199999840807,True,True,True
test_0284,state,0.041518999999823336,True,True,True
test_0285,state,0.04184300000176222,True,True,True
test_0285,constant,0.04012800000197103,True,True,True
test_0286,constant,0.03928499999972246,True,True,True
test_0286,state,0.04977300000064133,True,True,True
test_0287,state,0.04285500000023035,True,True,True
test_0287,constant,0.03986499999797388,True,True,True
test_0288,constant,0.03988799999987691,True,True,True
test_0288,state,0.040252000001572696,True,True,True
test_0289,state,0.04786899999942307,True,True,True
test_0289,constant,0.040878000000077463,True,True,True
test_0290,constant,0.04132999999839626,True,True,True
test_0290,state,0.04051100000168617,True,True,True
test_0291,state,0.041366000001374914,True,True,True
test_0291,constant,0.03907700000027603,True,True,True
test_0292,constant,0.05092099999970401,True,True,True
test_0292,state,0.04061299999946755,True,True,True
test_0293,state,0.040534000000036485,True,True,True
test_0293,constant,0.04082999999965864,True,True,True
test_0294,constant,0.03963500000025988,True,True,True
test_0294,state,0.03967100000323853,True,True,True
test_0295,state,0.039792999999122,True,True,True
test_0295,constant,0.0386719999987406,True,True,True
test_0296,constant,0.10055099999917161,True,True,True
test_0296,state,0.04204500000071221,True,True,True
test_0297,state,0.04302700000025084,True,True,True
test_0297,constant,0.03988799999987691,True,True,True
test_0298,constant,0.039974999999969896,True,True,True
test_0298,state,0.04028000000033671,True,True,True
test_0299,state,0.04101799999745026,True,True,True
test_0299,constant,0.039526999998429346,True,True,True
test_0300,constant,0.04566999999866539,True,True,True
test_0300,state,0.042050999997655936,True,True,True
test_0301,state,0.04146799999915629,True,True,True
test_0301,constant,0.03991799999880641,True,True,True
test_0302,constant,0.04823899999806258,True,True,True
test_0302,state,0.041579000001235045,True,True,True
test_0303,state,0.04133299999864448,True,True,True
test_0303,constant,0.0407190000011326,True,True,True
test_0304,constant,0.04051899999879538,True,True,True
test_0304,state,0.04104499999968425,True,True,True
test_0305,state,0.04108299999927567,True,True,True
test_0305,constant,0.03948100000172872,True,True,True
test_0306,constant,0.03949899999966533,True,True,True
test_0306,state,0.039663999999106636,True,True,True
test_0307,state,0.040643999998479785,True,True,True
test_0307,constant,0.040033000001216124,True,True,True
test_0308,constant,0.044250999998496354,True,True,True
test_0308,state,0.041613000000495504,True,True,True
test_0309,state,0.04433899999867208,True,True,True
test_0309,constant,0.04514600000149471,True,True,True
test_0310,constant,0.0412959999991358,True,True,True
test_0310,state,0.04204900000104317,True,True,True
test_0311,state,0.04212500000022601,True,True,True
test_0311,constant,0.04362700000015707,True,True,True
test_0312,constant,0.04176600000249664,True,True,True
test_0312,state,0.06282000000013,True,True,True
test_0313,state,0.044141000000053054,True,True,True
test_0313,constant,0.041831000000769336,True,True,True
test_0314,constant,0.04271499999930484,True,True,True
test_0314,state,0.041564999996523966,True,True,True
test_0315,state,0.04185499999920239,True,True,True
test_0315,constant,0.043229999999283564,True,True,True
test_0316,constant,0.041546000002057326,True,True,True
test_0316,state,0.04262599999904637,True,True,True
test_0317,state,0.042313000001570344,True,True,True
test_0317,constant,0.09246999999845684,True,True,True
test_0318,constant,0.04357099999907632,True,True,True
test_0318,state,0.04439599999983557,True,True,True
test_0319,state,0.04146399999882533,True,True,True
test_0319,constant,0.060334000000494825,True,True,True
test_0320,constant,0.04180599999870083,True,True,True
test_0320,state,0.04247800000101165,True,True,True
test_0321,state,0.04522399999729032,True,True,True
test_0321,constant,0.04069599999922957,True,True,True
test_0322,constant,0.04014199999957668,True,True,True
test_0322,state,0.040919999999999845,True,True,True
test_0323,state,0.04135000000005107,True,True,True
test_0323,constant,0.040149000000155866,True,True,True
test_0324,constant,0.03973500000142849,True,True,True
test_0324,state,0.04178999999737698,True,True,True
test_0325,state,0.04195300000020552,True,True,True
test_0325,constant,0.040494000000279584,True,True,True
test_0326,constant,0.04047000000184653,True,True,True
test_0326,state,0.04050800000143795,True,True,True
test_0327,state,0.04157499999735137,True,True,True
test_0327,constant,0.04843199999982062,True,True,True
test_0328,constant,0.0419950000001279,True,True,True
test_0328,state,0.092022000000469,True,True,True
test_0329,state,0.04347600000187413,True,True,True
test_0329,constant,0.04265200000119762,True,True,True
test_0330,constant,0.04098299999810706,True,True,True
test_0330,state,0.041542000001726365,True,True,True
test_0331,state,0.04301299999909247,True,True,True
test_0331,constant,0.041590999998675215,True,True,True
test_0332,constant,0.0509059999984629,True,True,True
test_0332,state,0.04413299999939113,True,True,True
test_0333,state,0.043380999997566505,True,True,True
test_0333,constant,0.04166200000099707,True,True,True
test_0334,constant,0.040845000000899745,True,True,True
test_0334,state,0.0417179999985251,True,True,True
test_0335,state,0.04051300000185165,True,True,True
test_0335,constant,0.03840100000118696,True,True,True
test_0336,constant,0.03984399999978905,True,True,True
test_0336,state,0.04088700000082213,True,True,True
test_0337,state,0.043521999998574756,True,True,True
test_0337,constant,0.039899000000787055,True,True,True
test_0338,constant,0.1115010000027894,True,True,True
test_0338,state,0.049891999999829295,True,True,True
test_0339,state,0.04313900000241233,True,True,True
test_0339,constant,0.04069399999906409,True,True,True
test_0340,constant,0.040499000000693286,True,True,True
test_0340,state,0.04114799999754837,True,True,True
test_0341,state,0.04106700000150454,True,True,True
test_0341,constant,0.03980800000036311,True,True,True
test_0342,constant,0.040426000001758666,True,True,True
test_0342,state,0.04004100000187805,True,True,True
test_0343,state,0.04071200000055342,True,True,True
test_0343,constant,0.03995899999864605,True,True,True
test_0344,constant,0.040385000001919025,True,True,True
test_0344,state,0.04173600000001443,True,True,True
test_0345,state,0.04101599999728478,True,True,True
test_0345,constant,0.04057499999987613,True,True,True
test_0346,constant,0.04917500000090058,True,True,True
test_0346,state,0.042807999999894264,True,True,True
test_0347,state,0.04206799999906252,True,True,True
test_0347,constant,0.040717999997497145,True,True,True
test_0348,constant,0.04037500000109162,True,True,True
test_0348,state,0.040893999997848596,True,True,True
test_0349,state,0.04178000000010229,True,True,True
test_0349,constant,0.039909999998144485,True,True,True
test_0350,constant,0.040287000000915896,True,True,True
test_0350,state,0.04205600000162235,True,True,True
test_0351,state,0.05898099999868123,True,True,True
test_0351,constant,0.041900999999455735,True,True,True
test_0352,constant,0.04072599999815907,True,True,True
test_0352,state,0.041851000002424144,True,True,True
test_0353,state,0.04237000000273383,True,True,True
test_0353,constant,0.04139600000030441,True,True,True
test_0354,constant,0.04113900000035642,True,True,True
test_0354,state,0.0422970000002465,True,True,True
test_0355,state,0.04225900000065508,True,True,True
test_0355,constant,0.04045500000060542,True,True,True
test_0356,constant,0.04044099999944706,True,True,True
test_0356,state,0.04171000000141589,True,True,True
test_0357,state,0.044149999997245004,True,True,True
test_0357,constant,0.043748000003063225,True,True,True
test_0358,constant,0.04268300000020986,True,True,True
test_0358,state,0.04264600000070118,True,True,True
test_0359,state,0.0416729999983545,True,True,True
test_0359,constant,0.0416080000000818,True,True,True
test_0360,constant,0.04660800000166887,True,True,True
test_0360,state,0.04233800000008614,True,True,True
test_0361,state,0.04241000000249073,True,True,True
test_0361,constant,0.04725699999852395,True,True,True
test_0362,constant,0.04053900000045019,True,True,True
test_0362,state,0.040919999999999845,True,True,True
test_0363,state,0.04135600000054751,True,True,True
test_0363,constant,0.03960600000141312,True,True,True
test_0364,constant,0.039622999999266995,True,True,True
test_0364,state,0.05793399999731719,True,True,True
test_0365,state,0.041555999999332016,True,True,True
test_0365,constant,0.039996000001707444,True,True,True
test_0366,constant,0.04059599999806096,True,True,True
test_0366,state,0.04084999999776073,True,True,True
test_0367,state,0.04123199999739313,True,True,True
test_0367,constant,0.039898000000704315,True,True,True
test_0368,constant,0.04040500000002112,True,True,True
test_0368,state,0.041056000000594395,True,True,True
test_0369,state,0.040573999999793386,True,True,True
test_0369,constant,0.03965599999844471,True,True,True
test_0370,constant,0.040330999997451045,True,True,True
test_0370,state,0.04128199999797744,True,True,True
test_0371,state,0.04117699999994784,True,True,True
test_0371,constant,0.04675399999953811,True,True,True
test_0372,constant,0.039809999996975876,True,True,True
test_0372,state,0.040855999998257175,True,True,True
test_0373,state,0.041096000000351296,True,True,True
test_0373,constant,0.04038799999861453,True,True,True
test_0374,constant,0.04069699999931231,True,True,True
test_0374,state,0.04153400000106444,True,True,True
test_0375,state,0.04210199999832298,True,True,True
test_0375,constant,0.05667499999972847,True,True,True
test_0376,constant,0.04590200000009759,True,True,True
test_0376,state,0.044910999999814294,True,True,True
test_0377,state,0.054509000001701224,True,True,True
test_0377,constant,0.0416679999979408,True,True,True
test_0378,constant,0.043058999999345815,True,True,True
test_0378,state,0.04362600000007433,True,True,True
test_0379,state,0.04168499999934738,True,True,True
test_0379,constant,0.041366000001374914,True,True,True
test_0380,constant,0.03891799999777845,True,True,True
test_0380,state,0.03983999999945809,True,True,True
test_0381,state,0.041758000001834716,True,True,True
test_0381,constant,0.03953399999900853,True,True,True
test_0382,constant,0.040770000001799644,True,True,True
test_0382,state,0.04232100000223227,True,True,True
test_0383,state,0.04222000000098092,True,True,True
test_0383,constant,0.04044000000291703,True,True,True
test_0384,constant,0.040110000000481705,True,True,True
test_0384,state,0.04304699999835293,True,True,True
test_0385,state,0.04289299999982177,True,True,True
test_0385,constant,0.04036800000051244,True,True,True
test_0386,constant,0.04791399999959367,True,True,True
test_0386,state,0.04269799999789825,True,True,True
test_0387,state,0.042253000000158636,True,True,True
test_0387,constant,0.04068999999873313,True,True,True
test_0388,constant,0.04086599999908458,True,True,True
test_0388,state,0.04174399999712364,True,True,True
test_0389,state,0.04145500000163338,True,True,True
test_0389,constant,0.04166800000149351,True,True,True
test_0390,constant,0.04073000000204274,True,True,True
test_0390,state,0.04138799999964249,True,True,True
test_0391,state,0.04381899999827965,True,True,True
test_0391,constant,0.04240000000166333,True,True,True
test_0392,constant,0.040260999998764646,True,True,True
test_0392,state,0.05455600000203731,True,True,True
test_0393,state,0.043403999999469534,True,True,True
test_0393,constant,0.040310000002818924,True,True,True
test_0394,constant,0.040944000001985614,True,True,True
test_0394,state,0.04140399999741362,True,True,True
test_0395,state,0.04124999999888246,True,True,True
test_0395,constant,0.04046500000143283,True,True,True
test_0396,constant,0.04113500000002546,True,True,True
test_0396,state,0.04131100000037691,True,True,True
test_0397,state,0.04177900000001955,True,True,True
test_0397,constant,0.04052899999962278,True,True,True
test_0398,constant,0.039900000000869795,True,True,True
test_0398,state,0.04428199999750859,True,True,True
test_0399,state,0.06329800000060004,True,True,True
test_0399,constant,0.04240899999885528,True,True,True
